filename,fallen
fall-detection_000144.jpg,1
fall-detection_002452.jpg,1
fall-detection_002767.jpg,1
fall-detection_001884.jpg,1
fall-detection_004463.jpg,1
fall-detection_002461.jpg,1
fall-detection_003270.jpg,1
fall-detection_000149.jpg,1
fall-detection_004137.jpg,1
fall-detection_002988.jpg,1
fall-detection_004138.jpg,1
fall-detection_002930.jpg,1
fall-detection_000621.jpg,1
fall-detection_000356.jpg,1
fall-detection_002954.jpg,1
fall-detection_003716.jpg,1
fall-detection_002883.jpg,1
fall-detection_002681.jpg,1
fall-detection_003800.jpg,1
fall-detection_001044.jpg,1
fall-detection_002982.jpg,1
fall-detection_000170.jpg,1
fall-detection_001276.jpg,1
fall-detection_000318.jpg,1
fall-detection_002470.jpg,1
fall-detection_002607.jpg,1
fall-detection_003248.jpg,1
fall-detection_002810.jpg,1
fall-detection_001089.jpg,1
fall-detection_003127.jpg,1
fall-detection_001803.jpg,1
fall-detection_000721.jpg,1
fall-detection_002453.jpg,1
fall-detection_003805.jpg,1
fall-detection_003075.jpg,1
fall-detection_001628.jpg,1
fall-detection_000446.jpg,1
fall-detection_002524.jpg,1
fall-detection_004086.jpg,1
fall-detection_003792.jpg,1
fall-detection_002063.jpg,1
fall-detection_001008.jpg,1
fall-detection_002321.jpg,1
fall-detection_000206.jpg,1
fall-detection_000450.jpg,1
fall-detection_002375.jpg,1
fall-detection_001356.jpg,1
fall-detection_000232.jpg,1
fall-detection_003166.jpg,1
fall-detection_004199.jpg,1
fall-detection_003594.jpg,1
fall-detection_000982.jpg,1
fall-detection_001950.jpg,1
fall-detection_002813.jpg,1
fall-detection_001779.jpg,1
fall-detection_003869.jpg,1
fall-detection_003698.jpg,1
fall-detection_003183.jpg,1
fall-detection_003455.jpg,1
fall-detection_004036.jpg,1
fall-detection_001507.jpg,1
fall-detection_000188.jpg,1
fall-detection_000614.jpg,1
fall-detection_000562.jpg,1
fall-detection_000021.jpg,1
fall-detection_002849.jpg,1
fall-detection_001842.jpg,1
fall-detection_002289.jpg,1
fall-detection_000372.jpg,1
fall-detection_002464.jpg,1
fall-detection_001215.jpg,1
fall-detection_002510.jpg,1
fall-detection_001001.jpg,1
fall-detection_002165.jpg,1
fall-detection_003478.jpg,1
fall-detection_001947.jpg,1
fall-detection_003549.jpg,1
fall-detection_001984.jpg,1
fall-detection_003019.jpg,1
fall-detection_000670.jpg,1
fall-detection_003677.jpg,1
fall-detection_002472.jpg,1
fall-detection_001337.jpg,1
fall-detection_001965.jpg,1
fall-detection_002020.jpg,1
fall-detection_002110.jpg,1
fall-detection_002372.jpg,1
fall-detection_003529.jpg,1
fall-detection_002150.jpg,1
fall-detection_001053.jpg,1
fall-detection_000741.jpg,1
fall-detection_000190.jpg,1
fall-detection_002319.jpg,1
fall-detection_003617.jpg,1
fall-detection_000051.jpg,1
fall-detection_003599.jpg,1
fall-detection_002000.jpg,1
fall-detection_003999.jpg,1
fall-detection_001438.jpg,1
fall-detection_003133.jpg,1
fall-detection_002858.jpg,1
fall-detection_002023.jpg,1
fall-detection_001737.jpg,1
fall-detection_004451.jpg,1
fall-detection_003463.jpg,1
fall-detection_002564.jpg,1
fall-detection_002476.jpg,1
fall-detection_003162.jpg,1
fall-detection_001403.jpg,1
fall-detection_000723.jpg,1
fall-detection_004013.jpg,1
fall-detection_000330.jpg,1
fall-detection_003474.jpg,1
fall-detection_004329.jpg,1
fall-detection_002171.jpg,1
fall-detection_000214.jpg,1
fall-detection_004093.jpg,1
fall-detection_004269.jpg,1
fall-detection_001019.jpg,1
fall-detection_001711.jpg,1
fall-detection_002131.jpg,1
fall-detection_002386.jpg,1
fall-detection_000472.jpg,1
fall-detection_000067.jpg,1
fall-detection_003023.jpg,1
fall-detection_004394.jpg,1
fall-detection_002796.jpg,1
fall-detection_000433.jpg,1
fall-detection_004334.jpg,1
fall-detection_002748.jpg,1
fall-detection_002622.jpg,1
fall-detection_004461.jpg,1
fall-detection_001992.jpg,1
fall-detection_001717.jpg,1
fall-detection_004005.jpg,1
fall-detection_002806.jpg,1
fall-detection_001780.jpg,1
fall-detection_003108.jpg,1
fall-detection_002972.jpg,1
fall-detection_001949.jpg,1
fall-detection_001957.jpg,1
fall-detection_001015.jpg,1
fall-detection_000782.jpg,1
fall-detection_001526.jpg,1
fall-detection_000831.jpg,1
fall-detection_000216.jpg,1
fall-detection_000202.jpg,1
fall-detection_002104.jpg,1
fall-detection_004009.jpg,1
fall-detection_002265.jpg,1
fall-detection_002968.jpg,1
fall-detection_000344.jpg,1
fall-detection_000307.jpg,1
fall-detection_001211.jpg,1
fall-detection_003728.jpg,1
fall-detection_001862.jpg,1
fall-detection_003522.jpg,1
fall-detection_002263.jpg,1
fall-detection_002285.jpg,1
fall-detection_001674.jpg,1
fall-detection_002373.jpg,1
fall-detection_004333.jpg,1
fall-detection_004091.jpg,1
fall-detection_004386.jpg,1
fall-detection_001819.jpg,1
fall-detection_004209.jpg,1
fall-detection_002715.jpg,1
fall-detection_001967.jpg,1
fall-detection_003753.jpg,1
fall-detection_003215.jpg,1
fall-detection_003954.jpg,1
fall-detection_002852.jpg,1
fall-detection_003675.jpg,1
fall-detection_004162.jpg,1
fall-detection_000029.jpg,1
fall-detection_001517.jpg,1
fall-detection_001072.jpg,1
fall-detection_001795.jpg,1
fall-detection_000585.jpg,1
fall-detection_002385.jpg,1
fall-detection_004465.jpg,1
fall-detection_000596.jpg,1
fall-detection_001721.jpg,1
fall-detection_001670.jpg,1
fall-detection_001266.jpg,1
fall-detection_000204.jpg,1
fall-detection_002624.jpg,1
fall-detection_004120.jpg,1
fall-detection_004285.jpg,1
fall-detection_000636.jpg,1
fall-detection_001431.jpg,1
fall-detection_000590.jpg,1
fall-detection_003894.jpg,1
fall-detection_002584.jpg,1
fall-detection_004410.jpg,1
fall-detection_001199.jpg,1
fall-detection_000058.jpg,1
fall-detection_000467.jpg,1
fall-detection_001741.jpg,1
fall-detection_002137.jpg,1
fall-detection_001644.jpg,1
fall-detection_004171.jpg,1
fall-detection_003794.jpg,1
fall-detection_001118.jpg,1
fall-detection_000502.jpg,1
fall-detection_001066.jpg,1
fall-detection_000537.jpg,1
fall-detection_001889.jpg,1
fall-detection_001489.jpg,1
fall-detection_000951.jpg,1
fall-detection_001665.jpg,1
fall-detection_001679.jpg,1
fall-detection_002659.jpg,1
fall-detection_000426.jpg,1
fall-detection_001310.jpg,1
fall-detection_000086.jpg,1
fall-detection_002573.jpg,1
fall-detection_004064.jpg,1
fall-detection_003140.jpg,1
fall-detection_001659.jpg,1
fall-detection_002057.jpg,1
fall-detection_001684.jpg,1
fall-detection_002291.jpg,1
fall-detection_002913.jpg,1
fall-detection_002580.jpg,1
fall-detection_002994.jpg,1
fall-detection_001701.jpg,1
fall-detection_001365.jpg,1
fall-detection_002492.jpg,1
fall-detection_003546.jpg,1
fall-detection_002600.jpg,1
fall-detection_004089.jpg,1
fall-detection_002722.jpg,1
fall-detection_000182.jpg,1
fall-detection_001226.jpg,1
fall-detection_000504.jpg,1
fall-detection_003131.jpg,1
fall-detection_000914.jpg,1
fall-detection_003504.jpg,1
fall-detection_003832.jpg,1
fall-detection_004029.jpg,1
fall-detection_002451.jpg,1
fall-detection_003961.jpg,1
fall-detection_004311.jpg,1
fall-detection_000814.jpg,1
fall-detection_001117.jpg,1
fall-detection_000290.jpg,1
fall-detection_004325.jpg,1
fall-detection_002638.jpg,1
fall-detection_000700.jpg,1
fall-detection_000189.jpg,1
fall-detection_002062.jpg,1
fall-detection_002405.jpg,1
fall-detection_003557.jpg,1
fall-detection_004412.jpg,1
fall-detection_003672.jpg,1
fall-detection_004320.jpg,1
fall-detection_001397.jpg,1
fall-detection_001854.jpg,1
fall-detection_002486.jpg,1
fall-detection_001547.jpg,1
fall-detection_000981.jpg,1
fall-detection_000278.jpg,1
fall-detection_001076.jpg,1
fall-detection_003295.jpg,1
fall-detection_001455.jpg,1
fall-detection_000633.jpg,1
fall-detection_004152.jpg,1
fall-detection_002008.jpg,1
fall-detection_001079.jpg,1
fall-detection_000169.jpg,1
fall-detection_004167.jpg,1
fall-detection_001353.jpg,1
fall-detection_000185.jpg,1
fall-detection_003616.jpg,1
fall-detection_002186.jpg,1
fall-detection_001143.jpg,1
fall-detection_000019.jpg,1
fall-detection_000375.jpg,1
fall-detection_001195.jpg,1
fall-detection_001123.jpg,1
fall-detection_000069.jpg,1
fall-detection_004294.jpg,1
fall-detection_004063.jpg,1
fall-detection_002409.jpg,1
fall-detection_001165.jpg,1
fall-detection_002044.jpg,1
fall-detection_002251.jpg,1
fall-detection_002258.jpg,1
fall-detection_001719.jpg,1
fall-detection_001163.jpg,1
fall-detection_000325.jpg,1
fall-detection_003976.jpg,1
fall-detection_002753.jpg,1
fall-detection_001412.jpg,1
fall-detection_002996.jpg,1
fall-detection_002917.jpg,1
fall-detection_003935.jpg,1
fall-detection_004190.jpg,1
fall-detection_003438.jpg,1
fall-detection_002352.jpg,1
fall-detection_001449.jpg,1
fall-detection_002747.jpg,1
fall-detection_002785.jpg,1
fall-detection_002999.jpg,1
fall-detection_001525.jpg,1
fall-detection_003055.jpg,1
fall-detection_004142.jpg,1
fall-detection_003910.jpg,1
fall-detection_001322.jpg,1
fall-detection_003124.jpg,1
fall-detection_000513.jpg,1
fall-detection_000883.jpg,1
fall-detection_002245.jpg,1
fall-detection_003489.jpg,1
fall-detection_000308.jpg,1
fall-detection_003900.jpg,1
fall-detection_002694.jpg,1
fall-detection_003759.jpg,1
fall-detection_003008.jpg,1
fall-detection_000566.jpg,1
fall-detection_000447.jpg,1
fall-detection_001231.jpg,1
fall-detection_000010.jpg,1
fall-detection_004234.jpg,1
fall-detection_001021.jpg,1
fall-detection_002754.jpg,1
fall-detection_000878.jpg,1
fall-detection_000672.jpg,1
fall-detection_002743.jpg,1
fall-detection_004224.jpg,1
fall-detection_000713.jpg,1
fall-detection_001208.jpg,1
fall-detection_001833.jpg,1
fall-detection_003925.jpg,1
fall-detection_002256.jpg,1
fall-detection_001764.jpg,1
fall-detection_001414.jpg,1
fall-detection_003768.jpg,1
fall-detection_003710.jpg,1
fall-detection_001194.jpg,1
fall-detection_003500.jpg,1
fall-detection_000075.jpg,1
fall-detection_000141.jpg,1
fall-detection_000785.jpg,1
fall-detection_000811.jpg,1
fall-detection_002675.jpg,1
fall-detection_003970.jpg,1
fall-detection_000874.jpg,1
fall-detection_000759.jpg,1
fall-detection_003868.jpg,1
fall-detection_000957.jpg,1
fall-detection_000384.jpg,1
fall-detection_004479.jpg,1
fall-detection_000617.jpg,1
fall-detection_002992.jpg,1
fall-detection_002292.jpg,1
fall-detection_003373.jpg,1
fall-detection_004480.jpg,1
fall-detection_003684.jpg,1
fall-detection_002402.jpg,1
fall-detection_000815.jpg,1
fall-detection_000685.jpg,1
fall-detection_000595.jpg,1
fall-detection_003103.jpg,1
fall-detection_003742.jpg,1
fall-detection_002272.jpg,1
fall-detection_000862.jpg,1
fall-detection_002758.jpg,1
fall-detection_002791.jpg,1
fall-detection_000661.jpg,1
fall-detection_000849.jpg,1
fall-detection_002232.jpg,1
fall-detection_000761.jpg,1
fall-detection_002243.jpg,1
fall-detection_003647.jpg,1
fall-detection_000841.jpg,1
fall-detection_000731.jpg,1
fall-detection_003145.jpg,1
fall-detection_003036.jpg,1
fall-detection_002437.jpg,1
fall-detection_002357.jpg,1
fall-detection_001520.jpg,1
fall-detection_003187.jpg,1
fall-detection_001669.jpg,1
fall-detection_002576.jpg,1
fall-detection_000117.jpg,1
fall-detection_001805.jpg,1
fall-detection_002829.jpg,1
fall-detection_000628.jpg,1
fall-detection_001774.jpg,1
fall-detection_001531.jpg,1
fall-detection_000445.jpg,1
fall-detection_003397.jpg,1
fall-detection_000697.jpg,1
fall-detection_000040.jpg,1
fall-detection_002866.jpg,1
fall-detection_004445.jpg,1
fall-detection_000890.jpg,1
fall-detection_004457.jpg,1
fall-detection_004421.jpg,1
fall-detection_002230.jpg,1
fall-detection_001406.jpg,1
fall-detection_000347.jpg,1
fall-detection_002417.jpg,1
fall-detection_003332.jpg,1
fall-detection_001306.jpg,1
fall-detection_000277.jpg,1
fall-detection_000366.jpg,1
fall-detection_004317.jpg,1
fall-detection_002840.jpg,1
fall-detection_000612.jpg,1
fall-detection_002749.jpg,1
fall-detection_000738.jpg,1
fall-detection_001376.jpg,1
fall-detection_003597.jpg,1
fall-detection_003824.jpg,1
fall-detection_003847.jpg,1
fall-detection_000160.jpg,1
fall-detection_001070.jpg,1
fall-detection_003353.jpg,1
fall-detection_003118.jpg,1
fall-detection_000972.jpg,1
fall-detection_001461.jpg,1
fall-detection_000056.jpg,1
fall-detection_000520.jpg,1
fall-detection_002873.jpg,1
fall-detection_003154.jpg,1
fall-detection_002430.jpg,1
fall-detection_001579.jpg,1
fall-detection_003621.jpg,1
fall-detection_002773.jpg,1
fall-detection_002367.jpg,1
fall-detection_000012.jpg,1
fall-detection_002864.jpg,1
fall-detection_001657.jpg,1
fall-detection_000158.jpg,1
fall-detection_001247.jpg,1
fall-detection_003662.jpg,1
fall-detection_003854.jpg,1
fall-detection_002447.jpg,1
fall-detection_001493.jpg,1
fall-detection_003720.jpg,1
fall-detection_001062.jpg,1
fall-detection_002123.jpg,1
fall-detection_000516.jpg,1
fall-detection_000888.jpg,1
fall-detection_000634.jpg,1
fall-detection_003440.jpg,1
fall-detection_003300.jpg,1
fall-detection_003394.jpg,1
fall-detection_003579.jpg,1
fall-detection_000166.jpg,1
fall-detection_002833.jpg,1
fall-detection_003047.jpg,1
fall-detection_001506.jpg,1
fall-detection_001427.jpg,1
fall-detection_000517.jpg,1
fall-detection_002668.jpg,1
fall-detection_004409.jpg,1
fall-detection_001167.jpg,1
fall-detection_000703.jpg,1
fall-detection_003501.jpg,1
fall-detection_004222.jpg,1
fall-detection_003718.jpg,1
fall-detection_003671.jpg,1
fall-detection_001288.jpg,1
fall-detection_003765.jpg,1
fall-detection_003414.jpg,1
fall-detection_003210.jpg,1
fall-detection_001767.jpg,1
fall-detection_002428.jpg,1
fall-detection_001823.jpg,1
fall-detection_003911.jpg,1
fall-detection_001973.jpg,1
fall-detection_001987.jpg,1
fall-detection_003811.jpg,1
fall-detection_002752.jpg,1
fall-detection_000223.jpg,1
fall-detection_003957.jpg,1
fall-detection_002783.jpg,1
fall-detection_001905.jpg,1
fall-detection_004202.jpg,1
fall-detection_003220.jpg,1
fall-detection_003369.jpg,1
fall-detection_003282.jpg,1
fall-detection_003921.jpg,1
fall-detection_001158.jpg,1
fall-detection_002727.jpg,1
fall-detection_001366.jpg,1
fall-detection_004067.jpg,1
fall-detection_000043.jpg,1
fall-detection_000085.jpg,1
fall-detection_000987.jpg,1
fall-detection_002863.jpg,1
fall-detection_002042.jpg,1
fall-detection_004423.jpg,1
fall-detection_003630.jpg,1
fall-detection_003657.jpg,1
fall-detection_002978.jpg,1
fall-detection_003406.jpg,1
fall-detection_000760.jpg,1
fall-detection_003806.jpg,1
fall-detection_003468.jpg,1
fall-detection_003790.jpg,1
fall-detection_003386.jpg,1
fall-detection_000641.jpg,1
fall-detection_004012.jpg,1
fall-detection_001941.jpg,1
fall-detection_000482.jpg,1
fall-detection_003920.jpg,1
fall-detection_004291.jpg,1
fall-detection_000711.jpg,1
fall-detection_002985.jpg,1
fall-detection_001589.jpg,1
fall-detection_003079.jpg,1
fall-detection_004444.jpg,1
fall-detection_000180.jpg,1
fall-detection_004389.jpg,1
fall-detection_000448.jpg,1
fall-detection_003251.jpg,1
fall-detection_000986.jpg,1
fall-detection_004312.jpg,1
fall-detection_000212.jpg,1
fall-detection_001542.jpg,1
fall-detection_000797.jpg,1
fall-detection_004123.jpg,1
fall-detection_002523.jpg,1
fall-detection_002413.jpg,1
fall-detection_003736.jpg,1
fall-detection_000050.jpg,1
fall-detection_002716.jpg,1
fall-detection_003184.jpg,1
fall-detection_002181.jpg,1
fall-detection_004074.jpg,1
fall-detection_001464.jpg,1
fall-detection_002809.jpg,1
fall-detection_003735.jpg,1
fall-detection_002482.jpg,1
fall-detection_000248.jpg,1
fall-detection_002981.jpg,1
fall-detection_000699.jpg,1
fall-detection_004126.jpg,1
fall-detection_002155.jpg,1
fall-detection_000880.jpg,1
fall-detection_001716.jpg,1
fall-detection_003743.jpg,1
fall-detection_003862.jpg,1
fall-detection_001228.jpg,1
fall-detection_003022.jpg,1
fall-detection_002709.jpg,1
fall-detection_001891.jpg,1
fall-detection_002017.jpg,1
fall-detection_002391.jpg,1
fall-detection_002682.jpg,1
fall-detection_000515.jpg,1
fall-detection_001746.jpg,1
fall-detection_002281.jpg,1
fall-detection_000435.jpg,1
fall-detection_000708.jpg,1
fall-detection_002035.jpg,1
fall-detection_000822.jpg,1
fall-detection_003495.jpg,1
fall-detection_003600.jpg,1
fall-detection_000283.jpg,1
fall-detection_003344.jpg,1
fall-detection_004226.jpg,1
fall-detection_003898.jpg,1
fall-detection_003010.jpg,1
fall-detection_001293.jpg,1
fall-detection_002342.jpg,1
fall-detection_003764.jpg,1
fall-detection_003148.jpg,1
fall-detection_000059.jpg,1
fall-detection_002521.jpg,1
fall-detection_001374.jpg,1
fall-detection_000146.jpg,1
fall-detection_001336.jpg,1
fall-detection_003356.jpg,1
fall-detection_001154.jpg,1
fall-detection_002033.jpg,1
fall-detection_004438.jpg,1
fall-detection_000730.jpg,1
fall-detection_001340.jpg,1
fall-detection_003807.jpg,1
fall-detection_004258.jpg,1
fall-detection_001395.jpg,1
fall-detection_003934.jpg,1
fall-detection_002419.jpg,1
fall-detection_002225.jpg,1
fall-detection_000925.jpg,1
fall-detection_003283.jpg,1
fall-detection_000934.jpg,1
fall-detection_000392.jpg,1
fall-detection_003769.jpg,1
fall-detection_003156.jpg,1
fall-detection_001159.jpg,1
fall-detection_002366.jpg,1
fall-detection_001857.jpg,1
fall-detection_001193.jpg,1
fall-detection_002761.jpg,1
fall-detection_002746.jpg,1
fall-detection_001983.jpg,1
fall-detection_004397.jpg,1
fall-detection_001302.jpg,1
fall-detection_001556.jpg,1
fall-detection_002795.jpg,1
fall-detection_001599.jpg,1
fall-detection_002534.jpg,1
fall-detection_003009.jpg,1
fall-detection_002596.jpg,1
fall-detection_001161.jpg,1
fall-detection_002570.jpg,1
fall-detection_001501.jpg,1
fall-detection_004061.jpg,1
fall-detection_003867.jpg,1
fall-detection_001972.jpg,1
fall-detection_000600.jpg,1
fall-detection_001912.jpg,1
fall-detection_002477.jpg,1
fall-detection_001142.jpg,1
fall-detection_000842.jpg,1
fall-detection_000300.jpg,1
fall-detection_002536.jpg,1
fall-detection_001773.jpg,1
fall-detection_001085.jpg,1
fall-detection_002547.jpg,1
fall-detection_003959.jpg,1
fall-detection_001198.jpg,1
fall-detection_002212.jpg,1
fall-detection_001102.jpg,1
fall-detection_002219.jpg,1
fall-detection_001702.jpg,1
fall-detection_002583.jpg,1
fall-detection_002306.jpg,1
fall-detection_000771.jpg,1
fall-detection_001571.jpg,1
fall-detection_002301.jpg,1
fall-detection_003157.jpg,1
fall-detection_002157.jpg,1
fall-detection_002965.jpg,1
fall-detection_000442.jpg,1
fall-detection_000778.jpg,1
fall-detection_001874.jpg,1
fall-detection_002439.jpg,1
fall-detection_003083.jpg,1
fall-detection_001113.jpg,1
fall-detection_004301.jpg,1
fall-detection_003539.jpg,1
fall-detection_004197.jpg,1
fall-detection_001557.jpg,1
fall-detection_002092.jpg,1
fall-detection_002653.jpg,1
fall-detection_003663.jpg,1
fall-detection_004377.jpg,1
fall-detection_001811.jpg,1
fall-detection_004470.jpg,1
fall-detection_002763.jpg,1
fall-detection_004440.jpg,1
fall-detection_000999.jpg,1
fall-detection_001794.jpg,1
fall-detection_002052.jpg,1
fall-detection_001326.jpg,1
fall-detection_004486.jpg,1
fall-detection_003015.jpg,1
fall-detection_002531.jpg,1
fall-detection_004415.jpg,1
fall-detection_002134.jpg,1
fall-detection_002657.jpg,1
fall-detection_003101.jpg,1
fall-detection_000153.jpg,1
fall-detection_003751.jpg,1
fall-detection_003308.jpg,1
fall-detection_002507.jpg,1
fall-detection_004210.jpg,1
fall-detection_001423.jpg,1
fall-detection_001783.jpg,1
fall-detection_002677.jpg,1
fall-detection_002970.jpg,1
fall-detection_003109.jpg,1
fall-detection_002244.jpg,1
fall-detection_002105.jpg,1
fall-detection_002557.jpg,1
fall-detection_004145.jpg,1
fall-detection_001304.jpg,1
fall-detection_000669.jpg,1
fall-detection_003490.jpg,1
fall-detection_001904.jpg,1
fall-detection_002045.jpg,1
fall-detection_001837.jpg,1
fall-detection_000665.jpg,1
fall-detection_002984.jpg,1
fall-detection_002200.jpg,1
fall-detection_003784.jpg,1
fall-detection_000647.jpg,1
fall-detection_000937.jpg,1
fall-detection_000714.jpg,1
fall-detection_001055.jpg,1
fall-detection_001057.jpg,1
fall-detection_001948.jpg,1
fall-detection_000147.jpg,1
fall-detection_003135.jpg,1
fall-detection_003908.jpg,1
fall-detection_002645.jpg,1
fall-detection_001631.jpg,1
fall-detection_000229.jpg,1
fall-detection_000844.jpg,1
fall-detection_003982.jpg,1
fall-detection_001169.jpg,1
fall-detection_002313.jpg,1
fall-detection_004328.jpg,1
fall-detection_000581.jpg,1
fall-detection_000460.jpg,1
fall-detection_002855.jpg,1
fall-detection_003105.jpg,1
fall-detection_003387.jpg,1
fall-detection_003061.jpg,1
fall-detection_001596.jpg,1
fall-detection_000126.jpg,1
fall-detection_002178.jpg,1
fall-detection_004084.jpg,1
fall-detection_002736.jpg,1
fall-detection_004204.jpg,1
fall-detection_000712.jpg,1
fall-detection_003424.jpg,1
fall-detection_000865.jpg,1
fall-detection_001651.jpg,1
fall-detection_003861.jpg,1
fall-detection_001944.jpg,1
fall-detection_003619.jpg,1
fall-detection_003826.jpg,1
fall-detection_004023.jpg,1
fall-detection_000740.jpg,1
fall-detection_002687.jpg,1
fall-detection_000792.jpg,1
fall-detection_002286.jpg,1
fall-detection_004363.jpg,1
fall-detection_001710.jpg,1
fall-detection_002559.jpg,1
fall-detection_000920.jpg,1
fall-detection_003526.jpg,1
fall-detection_002706.jpg,1
fall-detection_001264.jpg,1
fall-detection_001610.jpg,1
fall-detection_001843.jpg,1
fall-detection_003992.jpg,1
fall-detection_002769.jpg,1
fall-detection_004469.jpg,1
fall-detection_000481.jpg,1
fall-detection_000078.jpg,1
fall-detection_002176.jpg,1
fall-detection_002162.jpg,1
fall-detection_003884.jpg,1
fall-detection_002656.jpg,1
fall-detection_000835.jpg,1
fall-detection_004274.jpg,1
fall-detection_003524.jpg,1
fall-detection_000174.jpg,1
fall-detection_004068.jpg,1
fall-detection_000693.jpg,1
fall-detection_004236.jpg,1
fall-detection_000400.jpg,1
fall-detection_002601.jpg,1
fall-detection_004395.jpg,1
fall-detection_001536.jpg,1
fall-detection_000148.jpg,1
fall-detection_004268.jpg,1
fall-detection_003626.jpg,1
fall-detection_000429.jpg,1
fall-detection_003651.jpg,1
fall-detection_003668.jpg,1
fall-detection_001261.jpg,1
fall-detection_002719.jpg,1
fall-detection_002270.jpg,1
fall-detection_004411.jpg,1
fall-detection_001685.jpg,1
fall-detection_000348.jpg,1
fall-detection_004175.jpg,1
fall-detection_001591.jpg,1
fall-detection_002460.jpg,1
fall-detection_000453.jpg,1
fall-detection_003583.jpg,1
fall-detection_003057.jpg,1
fall-detection_003565.jpg,1
fall-detection_001128.jpg,1
fall-detection_000702.jpg,1
fall-detection_000178.jpg,1
fall-detection_003748.jpg,1
fall-detection_003845.jpg,1
fall-detection_003669.jpg,1
fall-detection_004155.jpg,1
fall-detection_000121.jpg,1
fall-detection_001491.jpg,1
fall-detection_003011.jpg,1
fall-detection_001035.jpg,1
fall-detection_000823.jpg,1
fall-detection_001834.jpg,1
fall-detection_000564.jpg,1
fall-detection_001648.jpg,1
fall-detection_003523.jpg,1
fall-detection_004374.jpg,1
fall-detection_002498.jpg,1
fall-detection_000246.jpg,1
fall-detection_003219.jpg,1
fall-detection_003874.jpg,1
fall-detection_004139.jpg,1
fall-detection_000783.jpg,1
fall-detection_003113.jpg,1
fall-detection_001997.jpg,1
fall-detection_002887.jpg,1
fall-detection_001566.jpg,1
fall-detection_003396.jpg,1
fall-detection_002060.jpg,1
fall-detection_002047.jpg,1
fall-detection_002554.jpg,1
fall-detection_004337.jpg,1
fall-detection_003470.jpg,1
fall-detection_000163.jpg,1
fall-detection_001103.jpg,1
fall-detection_002610.jpg,1
fall-detection_000608.jpg,1
fall-detection_004124.jpg,1
fall-detection_001086.jpg,1
fall-detection_002925.jpg,1
fall-detection_002741.jpg,1
fall-detection_002371.jpg,1
fall-detection_002898.jpg,1
fall-detection_001899.jpg,1
fall-detection_001593.jpg,1
fall-detection_001509.jpg,1
fall-detection_002448.jpg,1
fall-detection_001311.jpg,1
fall-detection_001242.jpg,1
fall-detection_001549.jpg,1
fall-detection_000809.jpg,1
fall-detection_002344.jpg,1
fall-detection_003390.jpg,1
fall-detection_003437.jpg,1
fall-detection_000825.jpg,1
fall-detection_000918.jpg,1
fall-detection_000243.jpg,1
fall-detection_001360.jpg,1
fall-detection_003989.jpg,1
fall-detection_000427.jpg,1
fall-detection_002343.jpg,1
fall-detection_001655.jpg,1
fall-detection_004322.jpg,1
fall-detection_003289.jpg,1
fall-detection_000654.jpg,1
fall-detection_002339.jpg,1
fall-detection_001886.jpg,1
fall-detection_003425.jpg,1
fall-detection_004007.jpg,1
fall-detection_003591.jpg,1
fall-detection_000525.jpg,1
fall-detection_001084.jpg,1
fall-detection_002421.jpg,1
fall-detection_001775.jpg,1
fall-detection_003287.jpg,1
fall-detection_002666.jpg,1
fall-detection_001675.jpg,1
fall-detection_004046.jpg,1
fall-detection_004373.jpg,1
fall-detection_001299.jpg,1
fall-detection_000549.jpg,1
fall-detection_002859.jpg,1
fall-detection_001295.jpg,1
fall-detection_000569.jpg,1
fall-detection_002704.jpg,1
fall-detection_003515.jpg,1
fall-detection_001457.jpg,1
fall-detection_003164.jpg,1
fall-detection_002299.jpg,1
fall-detection_002236.jpg,1
fall-detection_000381.jpg,1
fall-detection_001625.jpg,1
fall-detection_003178.jpg,1
fall-detection_003572.jpg,1
fall-detection_003815.jpg,1
fall-detection_002078.jpg,1
fall-detection_002189.jpg,1
fall-detection_001022.jpg,1
fall-detection_001012.jpg,1
fall-detection_001420.jpg,1
fall-detection_001908.jpg,1
fall-detection_003987.jpg,1
fall-detection_003021.jpg,1
fall-detection_000955.jpg,1
fall-detection_001327.jpg,1
fall-detection_002284.jpg,1
fall-detection_003744.jpg,1
fall-detection_003895.jpg,1
fall-detection_003783.jpg,1
fall-detection_000550.jpg,1
fall-detection_002725.jpg,1
fall-detection_000568.jpg,1
fall-detection_002630.jpg,1
fall-detection_002416.jpg,1
fall-detection_002149.jpg,1
fall-detection_004306.jpg,1
fall-detection_003418.jpg,1
fall-detection_001623.jpg,1
fall-detection_000218.jpg,1
fall-detection_003624.jpg,1
fall-detection_003174.jpg,1
fall-detection_002627.jpg,1
fall-detection_000250.jpg,1
fall-detection_002900.jpg,1
fall-detection_002037.jpg,1
fall-detection_000851.jpg,1
fall-detection_003787.jpg,1
fall-detection_001223.jpg,1
fall-detection_002853.jpg,1
fall-detection_000903.jpg,1
fall-detection_000772.jpg,1
fall-detection_000939.jpg,1
fall-detection_001181.jpg,1
fall-detection_002844.jpg,1
fall-detection_001030.jpg,1
fall-detection_003177.jpg,1
fall-detection_004342.jpg,1
fall-detection_003893.jpg,1
fall-detection_000756.jpg,1
fall-detection_000555.jpg,1
fall-detection_001029.jpg,1
fall-detection_003138.jpg,1
fall-detection_000960.jpg,1
fall-detection_000539.jpg,1
fall-detection_000431.jpg,1
fall-detection_000571.jpg,1
fall-detection_001518.jpg,1
fall-detection_001446.jpg,1
fall-detection_002446.jpg,1
fall-detection_003392.jpg,1
fall-detection_001689.jpg,1
fall-detection_001883.jpg,1
fall-detection_000477.jpg,1
fall-detection_003207.jpg,1
fall-detection_000286.jpg,1
fall-detection_004198.jpg,1
fall-detection_001476.jpg,1
fall-detection_002856.jpg,1
fall-detection_003623.jpg,1
fall-detection_000652.jpg,1
fall-detection_001101.jpg,1
fall-detection_000651.jpg,1
fall-detection_000491.jpg,1
fall-detection_001832.jpg,1
fall-detection_001878.jpg,1
fall-detection_000602.jpg,1
fall-detection_002011.jpg,1
fall-detection_001742.jpg,1
fall-detection_001490.jpg,1
fall-detection_000063.jpg,1
fall-detection_002172.jpg,1
fall-detection_001692.jpg,1
fall-detection_002911.jpg,1
fall-detection_003318.jpg,1
fall-detection_000079.jpg,1
fall-detection_000640.jpg,1
fall-detection_000239.jpg,1
fall-detection_002927.jpg,1
fall-detection_002085.jpg,1
fall-detection_003747.jpg,1
fall-detection_001221.jpg,1
fall-detection_000597.jpg,1
fall-detection_001396.jpg,1
fall-detection_002111.jpg,1
fall-detection_002697.jpg,1
fall-detection_003570.jpg,1
fall-detection_004203.jpg,1
fall-detection_002126.jpg,1
fall-detection_001283.jpg,1
fall-detection_002590.jpg,1
fall-detection_002069.jpg,1
fall-detection_002644.jpg,1
fall-detection_000070.jpg,1
fall-detection_002238.jpg,1
fall-detection_003560.jpg,1
fall-detection_001430.jpg,1
fall-detection_004364.jpg,1
fall-detection_003152.jpg,1
fall-detection_003897.jpg,1
fall-detection_003053.jpg,1
fall-detection_000486.jpg,1
fall-detection_000630.jpg,1
fall-detection_001452.jpg,1
fall-detection_004468.jpg,1
fall-detection_002673.jpg,1
fall-detection_003194.jpg,1
fall-detection_002780.jpg,1
fall-detection_001758.jpg,1
fall-detection_004259.jpg,1
fall-detection_000644.jpg,1
fall-detection_000653.jpg,1
fall-detection_002179.jpg,1
fall-detection_002169.jpg,1
fall-detection_001766.jpg,1
fall-detection_004355.jpg,1
fall-detection_002935.jpg,1
fall-detection_000846.jpg,1
fall-detection_000262.jpg,1
fall-detection_004221.jpg,1
fall-detection_000331.jpg,1
fall-detection_003433.jpg,1
fall-detection_000694.jpg,1
fall-detection_002473.jpg,1
fall-detection_001250.jpg,1
fall-detection_001988.jpg,1
fall-detection_000635.jpg,1
fall-detection_004107.jpg,1
fall-detection_003580.jpg,1
fall-detection_003134.jpg,1
fall-detection_000592.jpg,1
fall-detection_003697.jpg,1
fall-detection_001204.jpg,1
fall-detection_000255.jpg,1
fall-detection_003670.jpg,1
fall-detection_001584.jpg,1
fall-detection_003498.jpg,1
fall-detection_001840.jpg,1
fall-detection_000394.jpg,1
fall-detection_001316.jpg,1
fall-detection_000057.jpg,1
fall-detection_001285.jpg,1
fall-detection_004225.jpg,1
fall-detection_002067.jpg,1
fall-detection_001851.jpg,1
fall-detection_002755.jpg,1
fall-detection_003431.jpg,1
fall-detection_001135.jpg,1
fall-detection_001459.jpg,1
fall-detection_000871.jpg,1
fall-detection_001580.jpg,1
fall-detection_002867.jpg,1
fall-detection_000904.jpg,1
fall-detection_001982.jpg,1
fall-detection_003821.jpg,1
fall-detection_001637.jpg,1
fall-detection_003503.jpg,1
fall-detection_002654.jpg,1
fall-detection_000696.jpg,1
fall-detection_002239.jpg,1
fall-detection_002255.jpg,1
fall-detection_000698.jpg,1
fall-detection_000026.jpg,1
fall-detection_001636.jpg,1
fall-detection_002347.jpg,1
fall-detection_001186.jpg,1
fall-detection_001729.jpg,1
fall-detection_000673.jpg,1
fall-detection_003141.jpg,1
fall-detection_002274.jpg,1
fall-detection_004112.jpg,1
fall-detection_000312.jpg,1
fall-detection_000991.jpg,1
fall-detection_001999.jpg,1
fall-detection_004194.jpg,1
fall-detection_002692.jpg,1
fall-detection_001797.jpg,1
fall-detection_002102.jpg,1
fall-detection_004082.jpg,1
fall-detection_002086.jpg,1
fall-detection_001638.jpg,1
fall-detection_001656.jpg,1
fall-detection_003223.jpg,1
fall-detection_004218.jpg,1
fall-detection_001682.jpg,1
fall-detection_002989.jpg,1
fall-detection_003205.jpg,1
fall-detection_001153.jpg,1
fall-detection_002187.jpg,1
fall-detection_000948.jpg,1
fall-detection_002967.jpg,1
fall-detection_004358.jpg,1
fall-detection_004070.jpg,1
fall-detection_001853.jpg,1
fall-detection_003313.jpg,1
fall-detection_002466.jpg,1
fall-detection_002163.jpg,1
fall-detection_001309.jpg,1
fall-detection_002616.jpg,1
fall-detection_000437.jpg,1
fall-detection_001816.jpg,1
fall-detection_003324.jpg,1
fall-detection_000660.jpg,1
fall-detection_002605.jpg,1
fall-detection_004094.jpg,1
fall-detection_000324.jpg,1
fall-detection_004339.jpg,1
fall-detection_000319.jpg,1
fall-detection_001481.jpg,1
fall-detection_000676.jpg,1
fall-detection_002661.jpg,1
fall-detection_001000.jpg,1
fall-detection_000514.jpg,1
fall-detection_002345.jpg,1
fall-detection_004188.jpg,1
fall-detection_002525.jpg,1
fall-detection_004426.jpg,1
fall-detection_003776.jpg,1
fall-detection_002139.jpg,1
fall-detection_000601.jpg,1
fall-detection_002778.jpg,1
fall-detection_001458.jpg,1
fall-detection_001751.jpg,1
fall-detection_002271.jpg,1
fall-detection_000801.jpg,1
fall-detection_000559.jpg,1
fall-detection_000710.jpg,1
fall-detection_004368.jpg,1
fall-detection_001391.jpg,1
fall-detection_003550.jpg,1
fall-detection_000806.jpg,1
fall-detection_004178.jpg,1
fall-detection_001063.jpg,1
fall-detection_000854.jpg,1
fall-detection_003012.jpg,1
fall-detection_001351.jpg,1
fall-detection_001697.jpg,1
fall-detection_001339.jpg,1
fall-detection_000742.jpg,1
fall-detection_003076.jpg,1
fall-detection_004275.jpg,1
fall-detection_002414.jpg,1
fall-detection_002869.jpg,1
fall-detection_002817.jpg,1
fall-detection_000462.jpg,1
fall-detection_001405.jpg,1
fall-detection_000035.jpg,1
fall-detection_000264.jpg,1
fall-detection_001567.jpg,1
fall-detection_000139.jpg,1
fall-detection_000359.jpg,1
fall-detection_001993.jpg,1
fall-detection_003099.jpg,1
fall-detection_002544.jpg,1
fall-detection_001402.jpg,1
fall-detection_000556.jpg,1
fall-detection_001607.jpg,1
fall-detection_002811.jpg,1
fall-detection_000201.jpg,1
fall-detection_004340.jpg,1
fall-detection_003888.jpg,1
fall-detection_003916.jpg,1
fall-detection_002424.jpg,1
fall-detection_000456.jpg,1
fall-detection_002140.jpg,1
fall-detection_003541.jpg,1
fall-detection_003237.jpg,1
fall-detection_001575.jpg,1
fall-detection_004052.jpg,1
fall-detection_002180.jpg,1
fall-detection_002819.jpg,1
fall-detection_001010.jpg,1
fall-detection_003054.jpg,1
fall-detection_004264.jpg,1
fall-detection_002868.jpg,1
fall-detection_003559.jpg,1
fall-detection_003402.jpg,1
fall-detection_001354.jpg,1
fall-detection_004404.jpg,1
fall-detection_000301.jpg,1
fall-detection_000487.jpg,1
fall-detection_000346.jpg,1
fall-detection_002953.jpg,1
fall-detection_004435.jpg,1
fall-detection_001274.jpg,1
fall-detection_002093.jpg,1
fall-detection_001649.jpg,1
fall-detection_003267.jpg,1
fall-detection_004370.jpg,1
fall-detection_003629.jpg,1
fall-detection_003449.jpg,1
fall-detection_003493.jpg,1
fall-detection_003681.jpg,1
fall-detection_003486.jpg,1
fall-detection_002207.jpg,1
fall-detection_004399.jpg,1
fall-detection_000143.jpg,1
fall-detection_001975.jpg,1
fall-detection_002974.jpg,1
fall-detection_004057.jpg,1
fall-detection_001023.jpg,1
fall-detection_002998.jpg,1
fall-detection_000853.jpg,1
fall-detection_000615.jpg,1
fall-detection_003873.jpg,1
fall-detection_001249.jpg,1
fall-detection_004071.jpg,1
fall-detection_004241.jpg,1
fall-detection_004066.jpg,1
fall-detection_003307.jpg,1
fall-detection_001933.jpg,1
fall-detection_003244.jpg,1
fall-detection_001064.jpg,1
fall-detection_000509.jpg,1
fall-detection_002303.jpg,1
fall-detection_001529.jpg,1
fall-detection_002575.jpg,1
fall-detection_001131.jpg,1
fall-detection_004216.jpg,1
fall-detection_001149.jpg,1
fall-detection_002581.jpg,1
fall-detection_003208.jpg,1
fall-detection_001253.jpg,1
fall-detection_002688.jpg,1
fall-detection_000936.jpg,1
fall-detection_001900.jpg,1
fall-detection_000227.jpg,1
fall-detection_000084.jpg,1
fall-detection_004476.jpg,1
fall-detection_003955.jpg,1
fall-detection_002650.jpg,1
fall-detection_002878.jpg,1
fall-detection_000152.jpg,1
fall-detection_002907.jpg,1
fall-detection_001416.jpg,1
fall-detection_003774.jpg,1
fall-detection_000620.jpg,1
fall-detection_003636.jpg,1
fall-detection_001056.jpg,1
fall-detection_002082.jpg,1
fall-detection_001290.jpg,1
fall-detection_000374.jpg,1
fall-detection_002643.jpg,1
fall-detection_002443.jpg,1
fall-detection_004242.jpg,1
fall-detection_003325.jpg,1
fall-detection_002191.jpg,1
fall-detection_000689.jpg,1
fall-detection_001910.jpg,1
fall-detection_002923.jpg,1
fall-detection_002135.jpg,1
fall-detection_001830.jpg,1
fall-detection_002803.jpg,1
fall-detection_004205.jpg,1
fall-detection_001539.jpg,1
fall-detection_003887.jpg,1
fall-detection_003938.jpg,1
fall-detection_001300.jpg,1
fall-detection_003901.jpg,1
fall-detection_001635.jpg,1
fall-detection_000091.jpg,1
fall-detection_001329.jpg,1
fall-detection_000313.jpg,1
fall-detection_000774.jpg,1
fall-detection_002490.jpg,1
fall-detection_004231.jpg,1
fall-detection_003188.jpg,1
fall-detection_000856.jpg,1
fall-detection_002330.jpg,1
fall-detection_002695.jpg,1
fall-detection_001600.jpg,1
fall-detection_000859.jpg,1
fall-detection_000973.jpg,1
fall-detection_003259.jpg,1
fall-detection_000039.jpg,1
fall-detection_004208.jpg,1
fall-detection_000499.jpg,1
fall-detection_001771.jpg,1
fall-detection_002348.jpg,1
fall-detection_001818.jpg,1
fall-detection_002678.jpg,1
fall-detection_004062.jpg,1
fall-detection_003487.jpg,1
fall-detection_001583.jpg,1
fall-detection_000034.jpg,1
fall-detection_000276.jpg,1
fall-detection_003939.jpg,1
fall-detection_001545.jpg,1
fall-detection_002083.jpg,1
fall-detection_004150.jpg,1
fall-detection_004281.jpg,1
fall-detection_001521.jpg,1
fall-detection_001824.jpg,1
fall-detection_000483.jpg,1
fall-detection_003337.jpg,1
fall-detection_000967.jpg,1
fall-detection_001146.jpg,1
fall-detection_003678.jpg,1
fall-detection_000584.jpg,1
fall-detection_000535.jpg,1
fall-detection_001426.jpg,1
fall-detection_004276.jpg,1
fall-detection_002818.jpg,1
fall-detection_001189.jpg,1
fall-detection_003001.jpg,1
fall-detection_001435.jpg,1
fall-detection_000606.jpg,1
fall-detection_000475.jpg,1
fall-detection_001903.jpg,1
fall-detection_000150.jpg,1
fall-detection_002721.jpg,1
fall-detection_000279.jpg,1
fall-detection_001002.jpg,1
fall-detection_003492.jpg,1
fall-detection_000682.jpg,1
fall-detection_003364.jpg,1
fall-detection_000409.jpg,1
fall-detection_003367.jpg,1
fall-detection_002529.jpg,1
fall-detection_000207.jpg,1
fall-detection_003002.jpg,1
fall-detection_002073.jpg,1
fall-detection_003947.jpg,1
fall-detection_003641.jpg,1
fall-detection_000295.jpg,1
fall-detection_001362.jpg,1
fall-detection_003419.jpg,1
fall-detection_002328.jpg,1
fall-detection_001065.jpg,1
fall-detection_002786.jpg,1
fall-detection_001317.jpg,1
fall-detection_001850.jpg,1
fall-detection_003405.jpg,1
fall-detection_002912.jpg,1
fall-detection_002896.jpg,1
fall-detection_003798.jpg,1
fall-detection_001731.jpg,1
fall-detection_000886.jpg,1
fall-detection_000779.jpg,1
fall-detection_000385.jpg,1
fall-detection_003315.jpg,1
fall-detection_000023.jpg,1
fall-detection_000845.jpg,1
fall-detection_000387.jpg,1
fall-detection_002649.jpg,1
fall-detection_001828.jpg,1
fall-detection_003278.jpg,1
fall-detection_002971.jpg,1
fall-detection_003680.jpg,1
fall-detection_003691.jpg,1
fall-detection_003876.jpg,1
fall-detection_000159.jpg,1
fall-detection_001793.jpg,1
fall-detection_004163.jpg,1
fall-detection_000186.jpg,1
fall-detection_004034.jpg,1
fall-detection_000269.jpg,1
fall-detection_004431.jpg,1
fall-detection_003708.jpg,1
fall-detection_002822.jpg,1
fall-detection_003165.jpg,1
fall-detection_003048.jpg,1
fall-detection_000876.jpg,1
fall-detection_000198.jpg,1
fall-detection_003461.jpg,1
fall-detection_000284.jpg,1
fall-detection_000956.jpg,1
fall-detection_004343.jpg,1
fall-detection_000533.jpg,1
fall-detection_001661.jpg,1
fall-detection_002969.jpg,1
fall-detection_003841.jpg,1
fall-detection_000536.jpg,1
fall-detection_002053.jpg,1
fall-detection_002693.jpg,1
fall-detection_003578.jpg,1
fall-detection_004287.jpg,1
fall-detection_001986.jpg,1
fall-detection_000469.jpg,1
fall-detection_001887.jpg,1
fall-detection_003073.jpg,1
fall-detection_003608.jpg,1
fall-detection_004033.jpg,1
fall-detection_001680.jpg,1
fall-detection_000857.jpg,1
fall-detection_000165.jpg,1
fall-detection_003587.jpg,1
fall-detection_003974.jpg,1
fall-detection_004051.jpg,1
fall-detection_004477.jpg,1
fall-detection_001587.jpg,1
fall-detection_001284.jpg,1
fall-detection_002947.jpg,1
fall-detection_002949.jpg,1
fall-detection_004157.jpg,1
fall-detection_002146.jpg,1
fall-detection_003477.jpg,1
fall-detection_000388.jpg,1
fall-detection_004019.jpg,1
fall-detection_003087.jpg,1
fall-detection_001643.jpg,1
fall-detection_002380.jpg,1
fall-detection_004151.jpg,1
fall-detection_002698.jpg,1
fall-detection_004403.jpg,1
fall-detection_000100.jpg,1
fall-detection_003664.jpg,1
fall-detection_003005.jpg,1
fall-detection_004141.jpg,1
fall-detection_000089.jpg,1
fall-detection_003216.jpg,1
fall-detection_003218.jpg,1
fall-detection_001111.jpg,1
fall-detection_000099.jpg,1
fall-detection_003656.jpg,1
fall-detection_003613.jpg,1
fall-detection_003190.jpg,1
fall-detection_000650.jpg,1
fall-detection_000688.jpg,1
fall-detection_000181.jpg,1
fall-detection_004116.jpg,1
fall-detection_003044.jpg,1
fall-detection_001922.jpg,1
fall-detection_002438.jpg,1
fall-detection_000838.jpg,1
fall-detection_004402.jpg,1
fall-detection_002094.jpg,1
fall-detection_001004.jpg,1
fall-detection_003454.jpg,1
fall-detection_001678.jpg,1
fall-detection_003342.jpg,1
fall-detection_000492.jpg,1
fall-detection_001690.jpg,1
fall-detection_003673.jpg,1
fall-detection_002805.jpg,1
fall-detection_001137.jpg,1
fall-detection_003914.jpg,1
fall-detection_001305.jpg,1
fall-detection_000305.jpg,1
fall-detection_000593.jpg,1
fall-detection_002129.jpg,1
fall-detection_000928.jpg,1
fall-detection_001445.jpg,1
fall-detection_000616.jpg,1
fall-detection_003507.jpg,1
fall-detection_003370.jpg,1
fall-detection_001901.jpg,1
fall-detection_001330.jpg,1
fall-detection_004191.jpg,1
fall-detection_002689.jpg,1
fall-detection_004018.jpg,1
fall-detection_003936.jpg,1
fall-detection_000990.jpg,1
fall-detection_003361.jpg,1
fall-detection_000978.jpg,1
fall-detection_001865.jpg,1
fall-detection_003176.jpg,1
fall-detection_000363.jpg,1
fall-detection_003545.jpg,1
fall-detection_000458.jpg,1
fall-detection_001543.jpg,1
fall-detection_003339.jpg,1
fall-detection_004441.jpg,1
fall-detection_000005.jpg,1
fall-detection_002469.jpg,1
fall-detection_002353.jpg,1
fall-detection_003942.jpg,1
fall-detection_001173.jpg,1
fall-detection_002190.jpg,1
fall-detection_001475.jpg,1
fall-detection_001919.jpg,1
fall-detection_003464.jpg,1
fall-detection_004472.jpg,1
fall-detection_004302.jpg,1
fall-detection_004277.jpg,1
fall-detection_000824.jpg,1
fall-detection_001296.jpg,1
fall-detection_003937.jpg,1
fall-detection_004295.jpg,1
fall-detection_003701.jpg,1
fall-detection_000176.jpg,1
fall-detection_004122.jpg,1
fall-detection_001920.jpg,1
fall-detection_002599.jpg,1
fall-detection_000124.jpg,1
fall-detection_000289.jpg,1
fall-detection_002156.jpg,1
fall-detection_002309.jpg,1
fall-detection_001603.jpg,1
fall-detection_002297.jpg,1
fall-detection_002177.jpg,1
fall-detection_000258.jpg,1
fall-detection_001188.jpg,1
fall-detection_003357.jpg,1
fall-detection_001813.jpg,1
fall-detection_000402.jpg,1
fall-detection_000251.jpg,1
fall-detection_002538.jpg,1
fall-detection_001671.jpg,1
fall-detection_001031.jpg,1
fall-detection_002499.jpg,1
fall-detection_001462.jpg,1
fall-detection_001230.jpg,1
fall-detection_001005.jpg,1
fall-detection_002202.jpg,1
fall-detection_000508.jpg,1
fall-detection_001059.jpg,1
fall-detection_000457.jpg,1
fall-detection_004109.jpg,1
fall-detection_001492.jpg,1
fall-detection_000133.jpg,1
fall-detection_001954.jpg,1
fall-detection_003907.jpg,1
fall-detection_002494.jpg,1
fall-detection_000964.jpg,1
fall-detection_001621.jpg,1
fall-detection_003088.jpg,1
fall-detection_001911.jpg,1
fall-detection_000529.jpg,1
fall-detection_001677.jpg,1
fall-detection_003330.jpg,1
fall-detection_002080.jpg,1
fall-detection_002628.jpg,1
fall-detection_002221.jpg,1
fall-detection_001177.jpg,1
fall-detection_003581.jpg,1
fall-detection_004484.jpg,1
fall-detection_004065.jpg,1
fall-detection_002108.jpg,1
fall-detection_001808.jpg,1
fall-detection_000743.jpg,1
fall-detection_004434.jpg,1
fall-detection_000031.jpg,1
fall-detection_000750.jpg,1
fall-detection_000017.jpg,1
fall-detection_000406.jpg,1
fall-detection_002720.jpg,1
fall-detection_002457.jpg,1
fall-detection_000757.jpg,1
fall-detection_003618.jpg,1
fall-detection_000821.jpg,1
fall-detection_002648.jpg,1
fall-detection_002433.jpg,1
fall-detection_002432.jpg,1
fall-detection_002931.jpg,1
fall-detection_001998.jpg,1
fall-detection_002333.jpg,1
fall-detection_000542.jpg,1
fall-detection_004442.jpg,1
fall-detection_001413.jpg,1
fall-detection_003471.jpg,1
fall-detection_003276.jpg,1
fall-detection_000371.jpg,1
fall-detection_002065.jpg,1
fall-detection_003891.jpg,1
fall-detection_001703.jpg,1
fall-detection_000420.jpg,1
fall-detection_001074.jpg,1
fall-detection_000798.jpg,1
fall-detection_000678.jpg,1
fall-detection_002933.jpg,1
fall-detection_001551.jpg,1
fall-detection_001576.jpg,1
fall-detection_003969.jpg,1
fall-detection_002113.jpg,1
fall-detection_000547.jpg,1
fall-detection_002259.jpg,1
fall-detection_004183.jpg,1
fall-detection_002832.jpg,1
fall-detection_000872.jpg,1
fall-detection_001298.jpg,1
fall-detection_002841.jpg,1
fall-detection_000716.jpg,1
fall-detection_003782.jpg,1
fall-detection_001996.jpg,1
fall-detection_004376.jpg,1
fall-detection_000995.jpg,1
fall-detection_002327.jpg,1
fall-detection_004048.jpg,1
fall-detection_004248.jpg,1
fall-detection_001172.jpg,1
fall-detection_003998.jpg,1
fall-detection_001798.jpg,1
fall-detection_002631.jpg,1
fall-detection_002712.jpg,1
fall-detection_000452.jpg,1
fall-detection_001369.jpg,1
fall-detection_001845.jpg,1
fall-detection_003399.jpg,1
fall-detection_001196.jpg,1
fall-detection_004459.jpg,1
fall-detection_000421.jpg,1
fall-detection_000369.jpg,1
fall-detection_000627.jpg,1
fall-detection_002043.jpg,1
fall-detection_003304.jpg,1
fall-detection_002198.jpg,1
fall-detection_000557.jpg,1
fall-detection_001505.jpg,1
fall-detection_002389.jpg,1
fall-detection_002324.jpg,1
fall-detection_000399.jpg,1
fall-detection_003302.jpg,1
fall-detection_003049.jpg,1
fall-detection_000123.jpg,1
fall-detection_000837.jpg,1
fall-detection_000724.jpg,1
fall-detection_003871.jpg,1
fall-detection_001892.jpg,1
fall-detection_002503.jpg,1
fall-detection_001160.jpg,1
fall-detection_002392.jpg,1
fall-detection_002582.jpg,1
fall-detection_000947.jpg,1
fall-detection_001051.jpg,1
fall-detection_000889.jpg,1
fall-detection_002924.jpg,1
fall-detection_000116.jpg,1
fall-detection_001485.jpg,1
fall-detection_003125.jpg,1
fall-detection_002124.jpg,1
fall-detection_003802.jpg,1
fall-detection_002115.jpg,1
fall-detection_001713.jpg,1
fall-detection_000138.jpg,1
fall-detection_002147.jpg,1
fall-detection_003211.jpg,1
fall-detection_000358.jpg,1
fall-detection_000578.jpg,1
fall-detection_004367.jpg,1
fall-detection_001361.jpg,1
fall-detection_002680.jpg,1
fall-detection_003326.jpg,1
fall-detection_003297.jpg,1
fall-detection_001375.jpg,1
fall-detection_000415.jpg,1
fall-detection_002248.jpg,1
fall-detection_003944.jpg,1
fall-detection_001332.jpg,1
fall-detection_003146.jpg,1
fall-detection_001586.jpg,1
fall-detection_001770.jpg,1
fall-detection_002488.jpg,1
fall-detection_000915.jpg,1
fall-detection_002436.jpg,1
fall-detection_004252.jpg,1
fall-detection_000115.jpg,1
fall-detection_001363.jpg,1
fall-detection_001664.jpg,1
fall-detection_000800.jpg,1
fall-detection_001047.jpg,1
fall-detection_001466.jpg,1
fall-detection_004187.jpg,1
fall-detection_002655.jpg,1
fall-detection_004081.jpg,1
fall-detection_000267.jpg,1
fall-detection_003281.jpg,1
fall-detection_004165.jpg,1
fall-detection_002145.jpg,1
fall-detection_002203.jpg,1
fall-detection_003242.jpg,1
fall-detection_001109.jpg,1
fall-detection_003147.jpg,1
fall-detection_001514.jpg,1
fall-detection_001858.jpg,1
fall-detection_004182.jpg,1
fall-detection_003453.jpg,1
fall-detection_000321.jpg,1
fall-detection_003303.jpg,1
fall-detection_000488.jpg,1
fall-detection_001725.jpg,1
fall-detection_003052.jpg,1
fall-detection_004215.jpg,1
fall-detection_004485.jpg,1
fall-detection_004185.jpg,1
fall-detection_002195.jpg,1
fall-detection_004230.jpg,1
fall-detection_002441.jpg,1
fall-detection_000219.jpg,1
fall-detection_003712.jpg,1
fall-detection_001668.jpg,1
fall-detection_000093.jpg,1
fall-detection_003808.jpg,1
fall-detection_000045.jpg,1
fall-detection_003062.jpg,1
fall-detection_002676.jpg,1
fall-detection_003448.jpg,1
fall-detection_003316.jpg,1
fall-detection_002881.jpg,1
fall-detection_003846.jpg,1
fall-detection_001524.jpg,1
fall-detection_000444.jpg,1
fall-detection_003995.jpg,1
fall-detection_002032.jpg,1
fall-detection_001804.jpg,1
fall-detection_001673.jpg,1
fall-detection_001869.jpg,1
fall-detection_003383.jpg,1
fall-detection_001282.jpg,1
fall-detection_000025.jpg,1
fall-detection_003964.jpg,1
fall-detection_002790.jpg,1
fall-detection_000474.jpg,1
fall-detection_003121.jpg,1
fall-detection_000531.jpg,1
fall-detection_004177.jpg,1
fall-detection_000748.jpg,1
fall-detection_003762.jpg,1
fall-detection_004278.jpg,1
fall-detection_002710.jpg,1
fall-detection_004045.jpg,1
fall-detection_001585.jpg,1
fall-detection_002604.jpg,1
fall-detection_003810.jpg,1
fall-detection_000337.jpg,1
fall-detection_001624.jpg,1
fall-detection_000285.jpg,1
fall-detection_003371.jpg,1
fall-detection_003130.jpg,1
fall-detection_002714.jpg,1
fall-detection_002517.jpg,1
fall-detection_002884.jpg,1
fall-detection_003314.jpg,1
fall-detection_001718.jpg,1
fall-detection_004001.jpg,1
fall-detection_000047.jpg,1
fall-detection_000495.jpg,1
fall-detection_003264.jpg,1
fall-detection_000380.jpg,1
fall-detection_003899.jpg,1
fall-detection_001251.jpg,1
fall-detection_002318.jpg,1
fall-detection_000365.jpg,1
fall-detection_001184.jpg,1
fall-detection_000414.jpg,1
fall-detection_004455.jpg,1
fall-detection_000919.jpg,1
fall-detection_000541.jpg,1
fall-detection_001963.jpg,1
fall-detection_000136.jpg,1
fall-detection_000752.jpg,1
fall-detection_003558.jpg,1
fall-detection_001014.jpg,1
fall-detection_002705.jpg,1
fall-detection_001016.jpg,1
fall-detection_000060.jpg,1
fall-detection_001907.jpg,1
fall-detection_000977.jpg,1
fall-detection_003018.jpg,1
fall-detection_002641.jpg,1
fall-detection_002268.jpg,1
fall-detection_001433.jpg,1
fall-detection_003502.jpg,1
fall-detection_000428.jpg,1
fall-detection_001009.jpg,1
fall-detection_001213.jpg,1
fall-detection_003447.jpg,1
fall-detection_002119.jpg,1
fall-detection_004432.jpg,1
fall-detection_002798.jpg,1
fall-detection_000395.jpg,1
fall-detection_000864.jpg,1
fall-detection_004037.jpg,1
fall-detection_002471.jpg,1
fall-detection_002602.jpg,1
fall-detection_001018.jpg,1
fall-detection_000101.jpg,1
fall-detection_003263.jpg,1
fall-detection_000349.jpg,1
fall-detection_001745.jpg,1
fall-detection_004110.jpg,1
fall-detection_003038.jpg,1
fall-detection_002435.jpg,1
fall-detection_004076.jpg,1
fall-detection_002440.jpg,1
fall-detection_001826.jpg,1
fall-detection_003825.jpg,1
fall-detection_003409.jpg,1
fall-detection_001140.jpg,1
fall-detection_000184.jpg,1
fall-detection_000840.jpg,1
fall-detection_002099.jpg,1
fall-detection_003420.jpg,1
fall-detection_001594.jpg,1
fall-detection_003175.jpg,1
fall-detection_002205.jpg,1
fall-detection_002399.jpg,1
fall-detection_003347.jpg,1
fall-detection_002041.jpg,1
fall-detection_000471.jpg,1
fall-detection_001134.jpg,1
fall-detection_003465.jpg,1
fall-detection_003435.jpg,1
fall-detection_003690.jpg,1
fall-detection_000691.jpg,1
fall-detection_002384.jpg,1
fall-detection_000582.jpg,1
fall-detection_000338.jpg,1
fall-detection_003239.jpg,1
fall-detection_004134.jpg,1
fall-detection_002089.jpg,1
fall-detection_000489.jpg,1
fall-detection_003855.jpg,1
fall-detection_001367.jpg,1
fall-detection_000994.jpg,1
fall-detection_003066.jpg,1
fall-detection_001693.jpg,1
fall-detection_002623.jpg,1
fall-detection_002395.jpg,1
fall-detection_001925.jpg,1
fall-detection_001508.jpg,1
fall-detection_002520.jpg,1
fall-detection_002639.jpg,1
fall-detection_001392.jpg,1
fall-detection_003963.jpg,1
fall-detection_003642.jpg,1
fall-detection_002614.jpg,1
fall-detection_002613.jpg,1
fall-detection_003709.jpg,1
fall-detection_000881.jpg,1
fall-detection_003254.jpg,1
fall-detection_001989.jpg,1
fall-detection_000443.jpg,1
fall-detection_000167.jpg,1
fall-detection_000302.jpg,1
fall-detection_001555.jpg,1
fall-detection_004416.jpg,1
fall-detection_002647.jpg,1
fall-detection_000974.jpg,1
fall-detection_004172.jpg,1
fall-detection_003836.jpg,1
fall-detection_002278.jpg,1
fall-detection_001831.jpg,1
fall-detection_001138.jpg,1
fall-detection_003097.jpg,1
fall-detection_001790.jpg,1
fall-detection_003196.jpg,1
fall-detection_003913.jpg,1
fall-detection_003864.jpg,1
fall-detection_001371.jpg,1
fall-detection_003693.jpg,1
fall-detection_002009.jpg,1
fall-detection_000687.jpg,1
fall-detection_000001.jpg,1
fall-detection_001483.jpg,1
fall-detection_000769.jpg,1
fall-detection_003257.jpg,1
fall-detection_000389.jpg,1
fall-detection_003729.jpg,1
fall-detection_003865.jpg,1
fall-detection_002210.jpg,1
fall-detection_002336.jpg,1
fall-detection_001895.jpg,1
fall-detection_002593.jpg,1
fall-detection_002159.jpg,1
fall-detection_000763.jpg,1
fall-detection_002246.jpg,1
fall-detection_002606.jpg,1
fall-detection_000419.jpg,1
fall-detection_002952.jpg,1
fall-detection_000574.jpg,1
fall-detection_001855.jpg,1
fall-detection_003086.jpg,1
fall-detection_003322.jpg,1
fall-detection_000882.jpg,1
fall-detection_002528.jpg,1
fall-detection_002455.jpg,1
fall-detection_003904.jpg,1
fall-detection_004292.jpg,1
fall-detection_001338.jpg,1
fall-detection_000503.jpg,1
fall-detection_001212.jpg,1
fall-detection_004227.jpg,1
fall-detection_000684.jpg,1
fall-detection_002735.jpg,1
fall-detection_000945.jpg,1
fall-detection_000332.jpg,1
fall-detection_001897.jpg,1
fall-detection_002388.jpg,1
fall-detection_001400.jpg,1
fall-detection_000587.jpg,1
fall-detection_004354.jpg,1
fall-detection_003458.jpg,1
fall-detection_000145.jpg,1
fall-detection_001368.jpg,1
fall-detection_002730.jpg,1
fall-detection_003584.jpg,1
fall-detection_000988.jpg,1
fall-detection_002526.jpg,1
fall-detection_002483.jpg,1
fall-detection_002820.jpg,1
fall-detection_003638.jpg,1
fall-detection_001388.jpg,1
fall-detection_004088.jpg,1
fall-detection_002828.jpg,1
fall-detection_002637.jpg,1
fall-detection_003652.jpg,1
fall-detection_004043.jpg,1
fall-detection_001042.jpg,1
fall-detection_002740.jpg,1
fall-detection_000780.jpg,1
fall-detection_001217.jpg,1
fall-detection_000969.jpg,1
fall-detection_000076.jpg,1
fall-detection_004195.jpg,1
fall-detection_003561.jpg,1
fall-detection_002894.jpg,1
fall-detection_000530.jpg,1
fall-detection_000789.jpg,1
fall-detection_003758.jpg,1
fall-detection_002831.jpg,1
fall-detection_002860.jpg,1
fall-detection_002905.jpg,1
fall-detection_002556.jpg,1
fall-detection_002919.jpg,1
fall-detection_000164.jpg,1
fall-detection_002812.jpg,1
fall-detection_003548.jpg,1
fall-detection_000989.jpg,1
fall-detection_000096.jpg,1
fall-detection_002254.jpg,1
fall-detection_001050.jpg,1
fall-detection_001364.jpg,1
fall-detection_003085.jpg,1
fall-detection_001073.jpg,1
fall-detection_003984.jpg,1
fall-detection_000805.jpg,1
fall-detection_003605.jpg,1
fall-detection_001175.jpg,1
fall-detection_004341.jpg,1
fall-detection_003554.jpg,1
fall-detection_001595.jpg,1
fall-detection_001553.jpg,1
fall-detection_003848.jpg,1
fall-detection_002226.jpg,1
fall-detection_000468.jpg,1
fall-detection_003213.jpg,1
fall-detection_003035.jpg,1
fall-detection_003852.jpg,1
fall-detection_001460.jpg,1
fall-detection_001227.jpg,1
fall-detection_004184.jpg,1
fall-detection_002227.jpg,1
fall-detection_001962.jpg,1
fall-detection_003212.jpg,1
fall-detection_004452.jpg,1
fall-detection_001763.jpg,1
fall-detection_003189.jpg,1
fall-detection_001150.jpg,1
fall-detection_000677.jpg,1
fall-detection_000625.jpg,1
fall-detection_002184.jpg,1
fall-detection_001918.jpg,1
fall-detection_004375.jpg,1
fall-detection_003231.jpg,1
fall-detection_003003.jpg,1
fall-detection_001038.jpg,1
fall-detection_002922.jpg,1
fall-detection_002511.jpg,1
fall-detection_003514.jpg,1
fall-detection_002787.jpg,1
fall-detection_003590.jpg,1
fall-detection_002516.jpg,1
fall-detection_000980.jpg,1
fall-detection_002838.jpg,1
fall-detection_001314.jpg,1
fall-detection_002962.jpg,1
fall-detection_000573.jpg,1
fall-detection_003915.jpg,1
fall-detection_003661.jpg,1
fall-detection_003172.jpg,1
fall-detection_001574.jpg,1
fall-detection_004180.jpg,1
fall-detection_004017.jpg,1
fall-detection_002737.jpg,1
fall-detection_002026.jpg,1
fall-detection_001663.jpg,1
fall-detection_002776.jpg,1
fall-detection_002334.jpg,1
fall-detection_001896.jpg,1
fall-detection_003014.jpg,1
fall-detection_002199.jpg,1
fall-detection_004313.jpg,1
fall-detection_002425.jpg,1
fall-detection_003236.jpg,1
fall-detection_001847.jpg,1
fall-detection_000873.jpg,1
fall-detection_000177.jpg,1
fall-detection_001752.jpg,1
fall-detection_002114.jpg,1
fall-detection_000589.jpg,1
fall-detection_003994.jpg,1
fall-detection_000680.jpg,1
fall-detection_000074.jpg,1
fall-detection_002362.jpg,1
fall-detection_002821.jpg,1
fall-detection_004350.jpg,1
fall-detection_002489.jpg,1
fall-detection_000087.jpg,1
fall-detection_001335.jpg,1
fall-detection_003839.jpg,1
fall-detection_004228.jpg,1
fall-detection_001441.jpg,1
fall-detection_000130.jpg,1
fall-detection_000107.jpg,1
fall-detection_000068.jpg,1
fall-detection_003065.jpg,1
fall-detection_000398.jpg,1
fall-detection_002862.jpg,1
fall-detection_002252.jpg,1
fall-detection_002088.jpg,1
fall-detection_000526.jpg,1
fall-detection_002871.jpg,1
fall-detection_003971.jpg,1
fall-detection_003025.jpg,1
fall-detection_004450.jpg,1
fall-detection_003726.jpg,1
fall-detection_000917.jpg,1
fall-detection_001953.jpg,1
fall-detection_003206.jpg,1
fall-detection_003842.jpg,1
fall-detection_000521.jpg,1
fall-detection_003378.jpg,1
fall-detection_003434.jpg,1
fall-detection_000720.jpg,1
fall-detection_002387.jpg,1
fall-detection_000631.jpg,1
fall-detection_003363.jpg,1
fall-detection_002591.jpg,1
fall-detection_004238.jpg,1
fall-detection_000924.jpg,1
fall-detection_000027.jpg,1
fall-detection_000770.jpg,1
fall-detection_001860.jpg,1
fall-detection_000080.jpg,1
fall-detection_004031.jpg,1
fall-detection_002308.jpg,1
fall-detection_003689.jpg,1
fall-detection_004114.jpg,1
fall-detection_002660.jpg,1
fall-detection_003389.jpg,1
fall-detection_002815.jpg,1
fall-detection_000808.jpg,1
fall-detection_001873.jpg,1
fall-detection_003243.jpg,1
fall-detection_001687.jpg,1
fall-detection_000591.jpg,1
fall-detection_002021.jpg,1
fall-detection_001613.jpg,1
fall-detection_003634.jpg,1
fall-detection_004170.jpg,1
fall-detection_002519.jpg,1
fall-detection_003972.jpg,1
fall-detection_004021.jpg,1
fall-detection_001782.jpg,1
fall-detection_000179.jpg,1
fall-detection_000015.jpg,1
fall-detection_003224.jpg,1
fall-detection_002502.jpg,1
fall-detection_003328.jpg,1
fall-detection_004422.jpg,1
fall-detection_003643.jpg,1
fall-detection_000132.jpg,1
fall-detection_000496.jpg,1
fall-detection_004300.jpg,1
fall-detection_003996.jpg,1
fall-detection_003537.jpg,1
fall-detection_000066.jpg,1
fall-detection_001341.jpg,1
fall-detection_001522.jpg,1
fall-detection_001048.jpg,1
fall-detection_001307.jpg,1
fall-detection_002674.jpg,1
fall-detection_001176.jpg,1
fall-detection_003432.jpg,1
fall-detection_000832.jpg,1
fall-detection_002814.jpg,1
fall-detection_002355.jpg,1
fall-detection_000902.jpg,1
fall-detection_003484.jpg,1
fall-detection_003181.jpg,1
fall-detection_003967.jpg,1
fall-detection_000350.jpg,1
fall-detection_000072.jpg,1
fall-detection_001979.jpg,1
fall-detection_003089.jpg,1
fall-detection_003627.jpg,1
fall-detection_001157.jpg,1
fall-detection_002329.jpg,1
fall-detection_002585.jpg,1
fall-detection_004244.jpg,1
fall-detection_003071.jpg,1
fall-detection_000626.jpg,1
fall-detection_002807.jpg,1
fall-detection_003977.jpg,1
fall-detection_002337.jpg,1
fall-detection_002640.jpg,1
fall-detection_004433.jpg,1
fall-detection_003153.jpg,1
fall-detection_003566.jpg,1
fall-detection_000527.jpg,1
fall-detection_003746.jpg,1
fall-detection_002987.jpg,1
fall-detection_003417.jpg,1
fall-detection_002160.jpg,1
fall-detection_001179.jpg,1
fall-detection_003312.jpg,1
fall-detection_003401.jpg,1
fall-detection_002014.jpg,1
fall-detection_002963.jpg,1
fall-detection_003381.jpg,1
fall-detection_004391.jpg,1
fall-detection_001144.jpg,1
fall-detection_003193.jpg,1
fall-detection_003654.jpg,1
fall-detection_002629.jpg,1
fall-detection_001448.jpg,1
fall-detection_004352.jpg,1
fall-detection_001814.jpg,1
fall-detection_000281.jpg,1
fall-detection_003380.jpg,1
fall-detection_000408.jpg,1
fall-detection_003028.jpg,1
fall-detection_002945.jpg,1
fall-detection_001650.jpg,1
fall-detection_004154.jpg,1
fall-detection_002175.jpg,1
fall-detection_001297.jpg,1
fall-detection_001985.jpg,1
fall-detection_002551.jpg,1
fall-detection_003589.jpg,1
fall-detection_002376.jpg,1
fall-detection_004449.jpg,1
fall-detection_003692.jpg,1
fall-detection_003567.jpg,1
fall-detection_000109.jpg,1
fall-detection_001955.jpg,1
fall-detection_004251.jpg,1
fall-detection_004482.jpg,1
fall-detection_000538.jpg,1
fall-detection_001219.jpg,1
fall-detection_002861.jpg,1
fall-detection_003633.jpg,1
fall-detection_001148.jpg,1
fall-detection_001960.jpg,1
fall-detection_003551.jpg,1
fall-detection_002090.jpg,1
fall-detection_002845.jpg,1
fall-detection_000777.jpg,1
fall-detection_000921.jpg,1
fall-detection_000157.jpg,1
fall-detection_003428.jpg,1
fall-detection_004214.jpg,1
fall-detection_004020.jpg,1
fall-detection_004361.jpg,1
fall-detection_003107.jpg,1
fall-detection_000303.jpg,1
fall-detection_003290.jpg,1
fall-detection_001513.jpg,1
fall-detection_002354.jpg,1
fall-detection_001541.jpg,1
fall-detection_001503.jpg,1
fall-detection_003695.jpg,1
fall-detection_001909.jpg,1
fall-detection_003965.jpg,1
fall-detection_000992.jpg,1
fall-detection_003226.jpg,1
fall-detection_004280.jpg,1
fall-detection_000609.jpg,1
fall-detection_003973.jpg,1
fall-detection_001136.jpg,1
fall-detection_000645.jpg,1
fall-detection_002552.jpg,1
fall-detection_002136.jpg,1
fall-detection_001942.jpg,1
fall-detection_001437.jpg,1
fall-detection_002390.jpg,1
fall-detection_000970.jpg,1
fall-detection_004040.jpg,1
fall-detection_003738.jpg,1
fall-detection_002006.jpg,1
fall-detection_000787.jpg,1
fall-detection_002948.jpg,1
fall-detection_001237.jpg,1
fall-detection_004351.jpg,1
fall-detection_004010.jpg,1
fall-detection_003648.jpg,1
fall-detection_000154.jpg,1
fall-detection_002322.jpg,1
fall-detection_003359.jpg,1
fall-detection_003229.jpg,1
fall-detection_003727.jpg,1
fall-detection_003851.jpg,1
fall-detection_002522.jpg,1
fall-detection_004429.jpg,1
fall-detection_004263.jpg,1
fall-detection_000618.jpg,1
fall-detection_002025.jpg,1
fall-detection_003117.jpg,1
fall-detection_001796.jpg,1
fall-detection_004213.jpg,1
fall-detection_002075.jpg,1
fall-detection_000418.jpg,1
fall-detection_004160.jpg,1
fall-detection_002098.jpg,1
fall-detection_003393.jpg,1
fall-detection_001530.jpg,1
fall-detection_001959.jpg,1
fall-detection_001515.jpg,1
fall-detection_002756.jpg,1
fall-detection_004053.jpg,1
fall-detection_003543.jpg,1
fall-detection_003277.jpg,1
fall-detection_003238.jpg,1
fall-detection_001969.jpg,1
fall-detection_003407.jpg,1
fall-detection_001319.jpg,1
fall-detection_000751.jpg,1
fall-detection_002512.jpg,1
fall-detection_003822.jpg,1
fall-detection_003890.jpg,1
fall-detection_002148.jpg,1
fall-detection_004000.jpg,1
fall-detection_004132.jpg,1
fall-detection_003496.jpg,1
fall-detection_002152.jpg,1
fall-detection_000105.jpg,1
fall-detection_004131.jpg,1
fall-detection_003045.jpg,1
fall-detection_003694.jpg,1
fall-detection_000961.jpg,1
fall-detection_002358.jpg,1
fall-detection_004366.jpg,1
fall-detection_003333.jpg,1
fall-detection_002276.jpg,1
fall-detection_000935.jpg,1
fall-detection_000007.jpg,1
fall-detection_001866.jpg,1
fall-detection_002332.jpg,1
fall-detection_002220.jpg,1
fall-detection_000646.jpg,1
fall-detection_003262.jpg,1
fall-detection_002326.jpg,1
fall-detection_003752.jpg,1
fall-detection_001246.jpg,1
fall-detection_004158.jpg,1
fall-detection_003603.jpg,1
fall-detection_001389.jpg,1
fall-detection_002283.jpg,1
fall-detection_001333.jpg,1
fall-detection_001248.jpg,1
fall-detection_002415.jpg,1
fall-detection_000603.jpg,1
fall-detection_002501.jpg,1
fall-detection_001060.jpg,1
fall-detection_001447.jpg,1
fall-detection_002495.jpg,1
fall-detection_000834.jpg,1
fall-detection_000271.jpg,1
fall-detection_001807.jpg,1
fall-detection_004136.jpg,1
fall-detection_001590.jpg,1
fall-detection_002048.jpg,1
fall-detection_000230.jpg,1
fall-detection_002396.jpg,1
fall-detection_004083.jpg,1
fall-detection_001415.jpg,1
fall-detection_003169.jpg,1
fall-detection_002865.jpg,1
fall-detection_001829.jpg,1
fall-detection_000993.jpg,1
fall-detection_001257.jpg,1
fall-detection_001622.jpg,1
fall-detection_003775.jpg,1
fall-detection_000911.jpg,1
fall-detection_000054.jpg,1
fall-detection_000500.jpg,1
fall-detection_001733.jpg,1
fall-detection_003763.jpg,1
fall-detection_003310.jpg,1
fall-detection_003209.jpg,1
fall-detection_001372.jpg,1
fall-detection_000110.jpg,1
fall-detection_003860.jpg,1
fall-detection_002914.jpg,1
fall-detection_000704.jpg,1
fall-detection_000580.jpg,1
fall-detection_004239.jpg,1
fall-detection_001634.jpg,1
fall-detection_001630.jpg,1
fall-detection_002034.jpg,1
fall-detection_001498.jpg,1
fall-detection_002012.jpg,1
fall-detection_002567.jpg,1
fall-detection_002153.jpg,1
fall-detection_001061.jpg,1
fall-detection_000891.jpg,1
fall-detection_002247.jpg,1
fall-detection_003331.jpg,1
fall-detection_004240.jpg,1
fall-detection_003733.jpg,1
fall-detection_003340.jpg,1
fall-detection_002300.jpg,1
fall-detection_001352.jpg,1
fall-detection_003256.jpg,1
fall-detection_001442.jpg,1
fall-detection_000607.jpg,1
fall-detection_001728.jpg,1
fall-detection_000187.jpg,1
fall-detection_002802.jpg,1
fall-detection_001612.jpg,1
fall-detection_004345.jpg,1
fall-detection_004255.jpg,1
fall-detection_003095.jpg,1
fall-detection_000732.jpg,1
fall-detection_000910.jpg,1
fall-detection_001786.jpg,1
fall-detection_001802.jpg,1
fall-detection_002876.jpg,1
fall-detection_003139.jpg,1
fall-detection_003723.jpg,1
fall-detection_001695.jpg,1
fall-detection_001100.jpg,1
fall-detection_002836.jpg,1
fall-detection_000892.jpg,1
fall-detection_002946.jpg,1
fall-detection_000966.jpg,1
fall-detection_003294.jpg,1
fall-detection_000735.jpg,1
fall-detection_003562.jpg,1
fall-detection_003771.jpg,1
fall-detection_002296.jpg,1
fall-detection_004379.jpg,1
fall-detection_002351.jpg,1
fall-detection_003795.jpg,1
fall-detection_001749.jpg,1
fall-detection_003400.jpg,1
fall-detection_002774.jpg,1
fall-detection_000287.jpg,1
fall-detection_002001.jpg,1
fall-detection_003650.jpg,1
fall-detection_001629.jpg,1
fall-detection_001626.jpg,1
fall-detection_000191.jpg,1
fall-detection_003269.jpg,1
fall-detection_004382.jpg,1
fall-detection_003604.jpg,1
fall-detection_001787.jpg,1
fall-detection_001440.jpg,1
fall-detection_000829.jpg,1
fall-detection_003521.jpg,1
fall-detection_000598.jpg,1
fall-detection_004219.jpg,1
fall-detection_000765.jpg,1
fall-detection_003037.jpg,1
fall-detection_000498.jpg,1
fall-detection_002480.jpg,1
fall-detection_002934.jpg,1
fall-detection_001436.jpg,1
fall-detection_002895.jpg,1
fall-detection_003443.jpg,1
fall-detection_002665.jpg,1
fall-detection_000416.jpg,1
fall-detection_002782.jpg,1
fall-detection_000728.jpg,1
fall-detection_002742.jpg,1
fall-detection_001577.jpg,1
fall-detection_002781.jpg,1
fall-detection_002957.jpg,1
fall-detection_004392.jpg,1
fall-detection_000692.jpg,1
fall-detection_003341.jpg,1
fall-detection_001067.jpg,1
fall-detection_003881.jpg,1
fall-detection_003228.jpg,1
fall-detection_003850.jpg,1
fall-detection_004233.jpg,1
fall-detection_003655.jpg,1
fall-detection_002723.jpg,1
fall-detection_004475.jpg,1
fall-detection_003978.jpg,1
fall-detection_001614.jpg,1
fall-detection_001641.jpg,1
fall-detection_000134.jpg,1
fall-detection_002915.jpg,1
fall-detection_001380.jpg,1
fall-detection_004133.jpg,1
fall-detection_003705.jpg,1
fall-detection_001245.jpg,1
fall-detection_002079.jpg,1
fall-detection_003305.jpg,1
fall-detection_001519.jpg,1
fall-detection_002141.jpg,1
fall-detection_003857.jpg,1
fall-detection_001723.jpg,1
fall-detection_001970.jpg,1
fall-detection_000235.jpg,1
fall-detection_001238.jpg,1
fall-detection_000826.jpg,1
fall-detection_000208.jpg,1
fall-detection_002757.jpg,1
fall-detection_003556.jpg,1
fall-detection_003462.jpg,1
fall-detection_001279.jpg,1
fall-detection_000434.jpg,1
fall-detection_002066.jpg,1
fall-detection_004288.jpg,1
fall-detection_003058.jpg,1
fall-detection_000576.jpg,1
fall-detection_002444.jpg,1
fall-detection_003757.jpg,1
fall-detection_003803.jpg,1
fall-detection_002214.jpg,1
fall-detection_002475.jpg,1
fall-detection_002775.jpg,1
fall-detection_001809.jpg,1
fall-detection_001784.jpg,1
fall-detection_002958.jpg,1
fall-detection_000422.jpg,1
fall-detection_002565.jpg,1
fall-detection_001754.jpg,1
fall-detection_002031.jpg,1
fall-detection_003321.jpg,1
fall-detection_004196.jpg,1
fall-detection_004111.jpg,1
fall-detection_000793.jpg,1
fall-detection_001534.jpg,1
fall-detection_000135.jpg,1
fall-detection_000896.jpg,1
fall-detection_004446.jpg,1
fall-detection_001028.jpg,1
fall-detection_000715.jpg,1
fall-detection_000340.jpg,1
fall-detection_002016.jpg,1
fall-detection_004211.jpg,1
fall-detection_004032.jpg,1
fall-detection_002662.jpg,1
fall-detection_000225.jpg,1
fall-detection_001550.jpg,1
fall-detection_001619.jpg,1
fall-detection_001502.jpg,1
fall-detection_001262.jpg,1
fall-detection_003817.jpg,1
fall-detection_001041.jpg,1
fall-detection_000449.jpg,1
fall-detection_003612.jpg,1
fall-detection_004168.jpg,1
fall-detection_003068.jpg,1
fall-detection_003732.jpg,1
fall-detection_004002.jpg,1
fall-detection_004338.jpg,1
fall-detection_001681.jpg,1
fall-detection_001932.jpg,1
fall-detection_001609.jpg,1
fall-detection_002854.jpg,1
fall-detection_001417.jpg,1
fall-detection_000744.jpg,1
fall-detection_000129.jpg,1
fall-detection_003198.jpg,1
fall-detection_000624.jpg,1
fall-detection_001268.jpg,1
fall-detection_002434.jpg,1
fall-detection_002295.jpg,1
fall-detection_002046.jpg,1
fall-detection_003379.jpg,1
fall-detection_000739.jpg,1
fall-detection_000524.jpg,1
fall-detection_001852.jpg,1
fall-detection_002493.jpg,1
fall-detection_001588.jpg,1
fall-detection_000907.jpg,1
fall-detection_003919.jpg,1
fall-detection_004464.jpg,1
fall-detection_001928.jpg,1
fall-detection_000895.jpg,1
fall-detection_004148.jpg,1
fall-detection_000776.jpg,1
fall-detection_002609.jpg,1
fall-detection_003814.jpg,1
fall-detection_000016.jpg,1
fall-detection_000997.jpg,1
fall-detection_001224.jpg,1
fall-detection_002700.jpg,1
fall-detection_003924.jpg,1
fall-detection_004027.jpg,1
fall-detection_003804.jpg,1
fall-detection_002578.jpg,1
fall-detection_000946.jpg,1
fall-detection_001222.jpg,1
fall-detection_003928.jpg,1
fall-detection_000926.jpg,1
fall-detection_002074.jpg,1
fall-detection_002029.jpg,1
fall-detection_004253.jpg,1
fall-detection_002341.jpg,1
fall-detection_002632.jpg,1
fall-detection_003620.jpg,1
fall-detection_000098.jpg,1
fall-detection_001183.jpg,1
fall-detection_000082.jpg,1
fall-detection_002406.jpg,1
fall-detection_002940.jpg,1
fall-detection_000343.jpg,1
fall-detection_004362.jpg,1
fall-detection_001334.jpg,1
fall-detection_001094.jpg,1
fall-detection_000629.jpg,1
fall-detection_003142.jpg,1
fall-detection_001259.jpg,1
fall-detection_003293.jpg,1
fall-detection_003422.jpg,1
fall-detection_002201.jpg,1
fall-detection_003532.jpg,1
fall-detection_003274.jpg,1
fall-detection_002891.jpg,1
fall-detection_000254.jpg,1
fall-detection_000866.jpg,1
fall-detection_000410.jpg,1
fall-detection_004401.jpg,1
fall-detection_001966.jpg,1
fall-detection_000352.jpg,1
fall-detection_003350.jpg,1
fall-detection_000830.jpg,1
fall-detection_003499.jpg,1
fall-detection_001863.jpg,1
fall-detection_003327.jpg,1
fall-detection_002015.jpg,1
fall-detection_004246.jpg,1
fall-detection_003497.jpg,1
fall-detection_004360.jpg,1
fall-detection_002061.jpg,1
fall-detection_002724.jpg,1
fall-detection_004026.jpg,1
fall-detection_000439.jpg,1
fall-detection_000753.jpg,1
fall-detection_002298.jpg,1
fall-detection_002400.jpg,1
fall-detection_002316.jpg,1
fall-detection_000701.jpg,1
fall-detection_003553.jpg,1
fall-detection_004273.jpg,1
fall-detection_000155.jpg,1
fall-detection_004229.jpg,1
fall-detection_003877.jpg,1
fall-detection_000161.jpg,1
fall-detection_001473.jpg,1
fall-detection_003659.jpg,1
fall-detection_000275.jpg,1
fall-detection_000195.jpg,1
fall-detection_001696.jpg,1
fall-detection_004015.jpg,1
fall-detection_003635.jpg,1
fall-detection_000476.jpg,1
fall-detection_002506.jpg,1
fall-detection_002068.jpg,1
fall-detection_000784.jpg,1
fall-detection_003006.jpg,1
fall-detection_001263.jpg,1
fall-detection_002369.jpg,1
fall-detection_004127.jpg,1
fall-detection_001273.jpg,1
fall-detection_000122.jpg,1
fall-detection_002294.jpg,1
fall-detection_004153.jpg,1
fall-detection_002658.jpg,1
fall-detection_002701.jpg,1
fall-detection_004353.jpg,1
fall-detection_000261.jpg,1
fall-detection_001357.jpg,1
fall-detection_001120.jpg,1
fall-detection_004447.jpg,1
fall-detection_001487.jpg,1
fall-detection_004022.jpg,1
fall-detection_003182.jpg,1
fall-detection_002280.jpg,1
fall-detection_000929.jpg,1
fall-detection_002192.jpg,1
fall-detection_001097.jpg,1
fall-detection_003279.jpg,1
fall-detection_003870.jpg,1
fall-detection_003953.jpg,1
fall-detection_000092.jpg,1
fall-detection_000927.jpg,1
fall-detection_001570.jpg,1
fall-detection_001943.jpg,1
fall-detection_000511.jpg,1
fall-detection_000364.jpg,1
fall-detection_002311.jpg,1
fall-detection_001688.jpg,1
fall-detection_003280.jpg,1
fall-detection_000971.jpg,1
fall-detection_002589.jpg,1
fall-detection_003931.jpg,1
fall-detection_004323.jpg,1
fall-detection_000259.jpg,1
fall-detection_000052.jpg,1
fall-detection_004371.jpg,1
fall-detection_002235.jpg,1
fall-detection_002287.jpg,1
fall-detection_001346.jpg,1
fall-detection_000766.jpg,1
fall-detection_003905.jpg,1
fall-detection_002909.jpg,1
fall-detection_003483.jpg,1
fall-detection_001564.jpg,1
fall-detection_000065.jpg,1
fall-detection_003929.jpg,1
fall-detection_002595.jpg,1
fall-detection_001511.jpg,1
fall-detection_002683.jpg,1
fall-detection_000490.jpg,1
fall-detection_001620.jpg,1
fall-detection_001255.jpg,1
fall-detection_001119.jpg,1
fall-detection_003706.jpg,1
fall-detection_000719.jpg,1
fall-detection_002990.jpg,1
fall-detection_001861.jpg,1
fall-detection_003285.jpg,1
fall-detection_000131.jpg,1
fall-detection_001105.jpg,1
fall-detection_002886.jpg,1
fall-detection_003568.jpg,1
fall-detection_002667.jpg,1
fall-detection_001646.jpg,1
fall-detection_002130.jpg,1
fall-detection_004223.jpg,1
fall-detection_004030.jpg,1
fall-detection_001125.jpg,1
fall-detection_003569.jpg,1
fall-detection_001827.jpg,1
fall-detection_003072.jpg,1
fall-detection_000867.jpg,1
fall-detection_003456.jpg,1
fall-detection_001419.jpg,1
fall-detection_003016.jpg,1
fall-detection_001879.jpg,1
fall-detection_001927.jpg,1
fall-detection_001387.jpg,1
fall-detection_001801.jpg,1
fall-detection_001292.jpg,1
fall-detection_000345.jpg,1
fall-detection_000386.jpg,1
fall-detection_004305.jpg,1
fall-detection_000705.jpg,1
fall-detection_002133.jpg,1
fall-detection_000887.jpg,1
fall-detection_003195.jpg,1
fall-detection_002481.jpg,1
fall-detection_003625.jpg,1
fall-detection_002718.jpg,1
fall-detection_003831.jpg,1
fall-detection_002548.jpg,1
fall-detection_002634.jpg,1
fall-detection_002095.jpg,1
fall-detection_002751.jpg,1
fall-detection_000897.jpg,1
fall-detection_002410.jpg,1
fall-detection_000244.jpg,1
fall-detection_000875.jpg,1
fall-detection_002711.jpg,1
fall-detection_002022.jpg,1
fall-detection_002888.jpg,1
fall-detection_002916.jpg,1
fall-detection_001077.jpg,1
fall-detection_002561.jpg,1
fall-detection_003863.jpg,1
fall-detection_001286.jpg,1
fall-detection_004090.jpg,1
fall-detection_001407.jpg,1
fall-detection_003375.jpg,1
fall-detection_002077.jpg,1
fall-detection_001398.jpg,1
fall-detection_000377.jpg,1
fall-detection_000494.jpg,1
fall-detection_004117.jpg,1
fall-detection_002619.jpg,1
fall-detection_001370.jpg,1
fall-detection_000942.jpg,1
fall-detection_001652.jpg,1
fall-detection_001477.jpg,1
fall-detection_000658.jpg,1
fall-detection_002002.jpg,1
fall-detection_002824.jpg,1
fall-detection_000548.jpg,1
fall-detection_003171.jpg,1
fall-detection_002185.jpg,1
fall-detection_000791.jpg,1
fall-detection_004307.jpg,1
fall-detection_001408.jpg,1
fall-detection_002361.jpg,1
fall-detection_002058.jpg,1
fall-detection_004437.jpg,1
fall-detection_000579.jpg,1
fall-detection_002508.jpg,1
fall-detection_003413.jpg,1
fall-detection_003144.jpg,1
fall-detection_000391.jpg,1
fall-detection_001393.jpg,1
fall-detection_001686.jpg,1
fall-detection_002920.jpg,1
fall-detection_000020.jpg,1
fall-detection_002558.jpg,1
fall-detection_003203.jpg,1
fall-detection_001930.jpg,1
fall-detection_000094.jpg,1
fall-detection_000120.jpg,1
fall-detection_001312.jpg,1
fall-detection_003481.jpg,1
fall-detection_000061.jpg,1
fall-detection_002848.jpg,1
fall-detection_004103.jpg,1
fall-detection_004271.jpg,1
fall-detection_003853.jpg,1
fall-detection_003129.jpg,1
fall-detection_002450.jpg,1
fall-detection_000794.jpg,1
fall-detection_000108.jpg,1
fall-detection_000932.jpg,1
fall-detection_004270.jpg,1
fall-detection_001500.jpg,1
fall-detection_000382.jpg,1
fall-detection_003773.jpg,1
fall-detection_002196.jpg,1
fall-detection_001527.jpg,1
fall-detection_002208.jpg,1
fall-detection_002290.jpg,1
fall-detection_002764.jpg,1
fall-detection_002479.jpg,1
fall-detection_003027.jpg,1
fall-detection_000270.jpg,1
fall-detection_000103.jpg,1
fall-detection_002893.jpg,1
fall-detection_003266.jpg,1
fall-detection_002543.jpg,1
fall-detection_000393.jpg,1
fall-detection_003385.jpg,1
fall-detection_002051.jpg,1
fall-detection_000959.jpg,1
fall-detection_001877.jpg,1
fall-detection_003253.jpg,1
fall-detection_003985.jpg,1
fall-detection_004430.jpg,1
fall-detection_000561.jpg,1
fall-detection_003533.jpg,1
fall-detection_003761.jpg,1
fall-detection_001350.jpg,1
fall-detection_004206.jpg,1
fall-detection_003707.jpg,1
fall-detection_000049.jpg,1
fall-detection_002770.jpg,1
fall-detection_004297.jpg,1
fall-detection_003271.jpg,1
fall-detection_004245.jpg,1
fall-detection_003227.jpg,1
fall-detection_004298.jpg,1
fall-detection_002792.jpg,1
fall-detection_002003.jpg,1
fall-detection_000551.jpg,1
fall-detection_001032.jpg,1
fall-detection_003997.jpg,1
fall-detection_000839.jpg,1
fall-detection_001331.jpg,1
fall-detection_002101.jpg,1
fall-detection_003301.jpg,1
fall-detection_000194.jpg,1
fall-detection_003535.jpg,1
fall-detection_000898.jpg,1
fall-detection_002569.jpg,1
fall-detection_003991.jpg,1
fall-detection_002103.jpg,1
fall-detection_001275.jpg,1
fall-detection_003983.jpg,1
fall-detection_003923.jpg,1
fall-detection_000762.jpg,1
fall-detection_002696.jpg,1
fall-detection_000404.jpg,1
fall-detection_003352.jpg,1
fall-detection_000746.jpg,1
fall-detection_001200.jpg,1
fall-detection_001220.jpg,1
fall-detection_003403.jpg,1
fall-detection_003296.jpg,1
fall-detection_000028.jpg,1
fall-detection_003830.jpg,1
fall-detection_004201.jpg,1
fall-detection_001343.jpg,1
fall-detection_003273.jpg,1
fall-detection_003084.jpg,1
fall-detection_003355.jpg,1
fall-detection_000510.jpg,1
fall-detection_000053.jpg,1
fall-detection_001978.jpg,1
fall-detection_001471.jpg,1
fall-detection_002161.jpg,1
fall-detection_000480.jpg,1
fall-detection_002368.jpg,1
fall-detection_002393.jpg,1
fall-detection_002620.jpg,1
fall-detection_000048.jpg,1
fall-detection_001881.jpg,1
fall-detection_003093.jpg,1
fall-detection_002847.jpg,1
fall-detection_003730.jpg,1
fall-detection_003909.jpg,1
fall-detection_003291.jpg,1
fall-detection_001180.jpg,1
fall-detection_001560.jpg,1
fall-detection_003949.jpg,1
fall-detection_002904.jpg,1
fall-detection_001112.jpg,1
fall-detection_002423.jpg,1
fall-detection_000949.jpg,1
fall-detection_001537.jpg,1
fall-detection_000767.jpg,1
fall-detection_001554.jpg,1
fall-detection_001734.jpg,1
fall-detection_002496.jpg,1
fall-detection_001308.jpg,1
fall-detection_002825.jpg,1
fall-detection_000812.jpg,1
fall-detection_001653.jpg,1
fall-detection_004008.jpg,1
fall-detection_000242.jpg,1
fall-detection_002005.jpg,1
fall-detection_000781.jpg,1
fall-detection_000754.jpg,1
fall-detection_002684.jpg,1
fall-detection_002530.jpg,1
fall-detection_004314.jpg,1
fall-detection_001880.jpg,1
fall-detection_001732.jpg,1
fall-detection_002228.jpg,1
fall-detection_002138.jpg,1
fall-detection_000390.jpg,1
fall-detection_003214.jpg,1
fall-detection_000361.jpg,1
fall-detection_000306.jpg,1
fall-detection_004004.jpg,1
fall-detection_002834.jpg,1
fall-detection_000013.jpg,1
fall-detection_003222.jpg,1
fall-detection_002874.jpg,1
fall-detection_001658.jpg,1
fall-detection_003185.jpg,1
fall-detection_002349.jpg,1
fall-detection_003828.jpg,1
fall-detection_000224.jpg,1
fall-detection_000383.jpg,1
fall-detection_000175.jpg,1
fall-detection_003250.jpg,1
fall-detection_002938.jpg,1
fall-detection_002381.jpg,1
fall-detection_004254.jpg,1
fall-detection_004336.jpg,1
fall-detection_003329.jpg,1
fall-detection_000137.jpg,1
fall-detection_003872.jpg,1
fall-detection_003485.jpg,1
fall-detection_000605.jpg,1
fall-detection_004348.jpg,1
fall-detection_001444.jpg,1
fall-detection_000353.jpg,1
fall-detection_002527.jpg,1
fall-detection_004193.jpg,1
fall-detection_001645.jpg,1
fall-detection_003151.jpg,1
fall-detection_001683.jpg,1
fall-detection_002518.jpg,1
fall-detection_001994.jpg,1
fall-detection_003614.jpg,1
fall-detection_002636.jpg,1
fall-detection_001379.jpg,1
fall-detection_000662.jpg,1
fall-detection_000894.jpg,1
fall-detection_003849.jpg,1
fall-detection_003441.jpg,1
fall-detection_000611.jpg,1
fall-detection_003191.jpg,1
fall-detection_000168.jpg,1
fall-detection_001133.jpg,1
fall-detection_000818.jpg,1
fall-detection_003593.jpg,1
fall-detection_004069.jpg,1
fall-detection_001399.jpg,1
fall-detection_001043.jpg,1
fall-detection_003683.jpg,1
fall-detection_001190.jpg,1
fall-detection_000334.jpg,1
fall-detection_004100.jpg,1
fall-detection_003563.jpg,1
fall-detection_000884.jpg,1
fall-detection_004025.jpg,1
fall-detection_004260.jpg,1
fall-detection_003917.jpg,1
fall-detection_000788.jpg,1
fall-detection_001698.jpg,1
fall-detection_001871.jpg,1
fall-detection_000572.jpg,1
fall-detection_001956.jpg,1
fall-detection_003163.jpg,1
fall-detection_003714.jpg,1
fall-detection_001914.jpg,1
fall-detection_001424.jpg,1
fall-detection_003323.jpg,1
fall-detection_001800.jpg,1
fall-detection_001976.jpg,1
fall-detection_001936.jpg,1
fall-detection_001116.jpg,1
fall-detection_004220.jpg,1
fall-detection_003645.jpg,1
fall-detection_000265.jpg,1
fall-detection_001130.jpg,1
fall-detection_000173.jpg,1
fall-detection_000637.jpg,1
fall-detection_003896.jpg,1
fall-detection_001451.jpg,1
fall-detection_003879.jpg,1
fall-detection_003029.jpg,1
fall-detection_000022.jpg,1
fall-detection_003637.jpg,1
fall-detection_003734.jpg,1
fall-detection_001569.jpg,1
fall-detection_001454.jpg,1
fall-detection_004108.jpg,1
fall-detection_002918.jpg,1
fall-detection_002364.jpg,1
fall-detection_001422.jpg,1
fall-detection_004232.jpg,1
fall-detection_003444.jpg,1
fall-detection_001885.jpg,1
fall-detection_001075.jpg,1
fall-detection_004262.jpg,1
fall-detection_001034.jpg,1
fall-detection_001027.jpg,1
fall-detection_000755.jpg,1
fall-detection_003074.jpg,1
fall-detection_004250.jpg,1
fall-detection_003234.jpg,1
fall-detection_003933.jpg,1
fall-detection_001776.jpg,1
fall-detection_002779.jpg,1
fall-detection_003020.jpg,1
fall-detection_000588.jpg,1
fall-detection_002771.jpg,1
fall-detection_000323.jpg,1
fall-detection_003536.jpg,1
fall-detection_001096.jpg,1
fall-detection_003530.jpg,1
fall-detection_000125.jpg,1
fall-detection_001604.jpg,1
fall-detection_002209.jpg,1
fall-detection_003469.jpg,1
fall-detection_001197.jpg,1
fall-detection_002562.jpg,1
fall-detection_000656.jpg,1
fall-detection_001192.jpg,1
fall-detection_003606.jpg,1
fall-detection_003722.jpg,1
fall-detection_003199.jpg,1
fall-detection_003724.jpg,1
fall-detection_003685.jpg,1
fall-detection_000083.jpg,1
fall-detection_003116.jpg,1
fall-detection_001325.jpg,1
fall-detection_004144.jpg,1
fall-detection_000819.jpg,1
fall-detection_002533.jpg,1
fall-detection_000820.jpg,1
fall-detection_001757.jpg,1
fall-detection_000240.jpg,1
fall-detection_000506.jpg,1
fall-detection_002652.jpg,1
fall-detection_003082.jpg,1
fall-detection_000193.jpg,1
fall-detection_001054.jpg,1
fall-detection_003788.jpg,1
fall-detection_001913.jpg,1
fall-detection_002013.jpg,1
fall-detection_001736.jpg,1
fall-detection_000963.jpg,1
fall-detection_000234.jpg,1
fall-detection_000984.jpg,1
fall-detection_001694.jpg,1
fall-detection_000940.jpg,1
fall-detection_002429.jpg,1
fall-detection_001443.jpg,1
fall-detection_001740.jpg,1
fall-detection_000802.jpg,1
fall-detection_001562.jpg,1
fall-detection_004458.jpg,1
fall-detection_002040.jpg,1
fall-detection_003017.jpg,1
fall-detection_003452.jpg,1
fall-detection_000985.jpg,1
fall-detection_000855.jpg,1
fall-detection_004128.jpg,1
fall-detection_003494.jpg,1
fall-detection_004436.jpg,1
fall-detection_000032.jpg,1
fall-detection_001777.jpg,1
fall-detection_004078.jpg,1
fall-detection_003110.jpg,1
fall-detection_001602.jpg,1
fall-detection_002560.jpg,1
fall-detection_002777.jpg,1
fall-detection_001240.jpg,1
fall-detection_000081.jpg,1
fall-detection_003479.jpg,1
fall-detection_003932.jpg,1
fall-detection_002744.jpg,1
fall-detection_002830.jpg,1
fall-detection_000803.jpg,1
fall-detection_000106.jpg,1
fall-detection_002377.jpg,1
fall-detection_002036.jpg,1
fall-detection_001789.jpg,1
fall-detection_000563.jpg,1
fall-detection_000241.jpg,1
fall-detection_001203.jpg,1
fall-detection_003531.jpg,1
fall-detection_003376.jpg,1
fall-detection_000288.jpg,1
fall-detection_003245.jpg,1
fall-detection_003284.jpg,1
fall-detection_004406.jpg,1
fall-detection_001952.jpg,1
fall-detection_001497.jpg,1
fall-detection_002986.jpg,1
fall-detection_002563.jpg,1
fall-detection_000544.jpg,1
fall-detection_004349.jpg,1
fall-detection_001538.jpg,1
fall-detection_004396.jpg,1
fall-detection_000485.jpg,1
fall-detection_000253.jpg,1
fall-detection_000718.jpg,1
fall-detection_001468.jpg,1
fall-detection_004143.jpg,1
fall-detection_000817.jpg,1
fall-detection_003336.jpg,1
fall-detection_001700.jpg,1
fall-detection_003785.jpg,1
fall-detection_003080.jpg,1
fall-detection_002027.jpg,1
fall-detection_002426.jpg,1
fall-detection_002282.jpg,1
fall-detection_002976.jpg,1
fall-detection_002789.jpg,1
fall-detection_001236.jpg,1
fall-detection_000432.jpg,1
fall-detection_002513.jpg,1
fall-detection_003232.jpg,1
fall-detection_004356.jpg,1
fall-detection_000671.jpg,1
fall-detection_004289.jpg,1
fall-detection_001618.jpg,1
fall-detection_002885.jpg,1
fall-detection_002993.jpg,1
fall-detection_003750.jpg,1
fall-detection_001568.jpg,1
fall-detection_002076.jpg,1
fall-detection_003833.jpg,1
fall-detection_002360.jpg,1
fall-detection_001836.jpg,1
fall-detection_002733.jpg,1
fall-detection_000367.jpg,1
fall-detection_004407.jpg,1
fall-detection_002577.jpg,1
fall-detection_003547.jpg,1
fall-detection_004042.jpg,1
fall-detection_004425.jpg,1
fall-detection_001480.jpg,1
fall-detection_002804.jpg,1
fall-detection_004058.jpg,1
fall-detection_001425.jpg,1
fall-detection_003064.jpg,1
fall-detection_001318.jpg,1
fall-detection_001981.jpg,1
fall-detection_002772.jpg,1
fall-detection_003362.jpg,1
fall-detection_002106.jpg,1
fall-detection_003588.jpg,1
fall-detection_001239.jpg,1
fall-detection_001743.jpg,1
fall-detection_002275.jpg,1
fall-detection_002731.jpg,1
fall-detection_000316.jpg,1
fall-detection_002839.jpg,1
fall-detection_000298.jpg,1
fall-detection_000412.jpg,1
fall-detection_002535.jpg,1
fall-detection_001561.jpg,1
fall-detection_003429.jpg,1
fall-detection_002961.jpg,1
fall-detection_002431.jpg,1
fall-detection_002708.jpg,1
fall-detection_002144.jpg,1
fall-detection_003990.jpg,1
fall-detection_001404.jpg,1
fall-detection_002514.jpg,1
fall-detection_000852.jpg,1
fall-detection_000006.jpg,1
fall-detection_004359.jpg,1
fall-detection_002211.jpg,1
fall-detection_003827.jpg,1
fall-detection_000226.jpg,1
fall-detection_004186.jpg,1
fall-detection_003838.jpg,1
fall-detection_002253.jpg,1
fall-detection_001990.jpg,1
fall-detection_003217.jpg,1
fall-detection_002310.jpg,1
fall-detection_001342.jpg,1
fall-detection_001958.jpg,1
fall-detection_002926.jpg,1
fall-detection_000944.jpg,1
fall-detection_000315.jpg,1
fall-detection_001799.jpg,1
fall-detection_000451.jpg,1
fall-detection_003446.jpg,1
fall-detection_003837.jpg,1
fall-detection_000357.jpg,1
fall-detection_002267.jpg,1
fall-detection_002717.jpg,1
fall-detection_003186.jpg,1
fall-detection_003268.jpg,1
fall-detection_003292.jpg,1
fall-detection_000827.jpg,1
fall-detection_003858.jpg,1
fall-detection_002550.jpg,1
fall-detection_003615.jpg,1
fall-detection_001046.jpg,1
fall-detection_000090.jpg,1
fall-detection_002759.jpg,1
fall-detection_004135.jpg,1
fall-detection_000440.jpg,1
fall-detection_004174.jpg,1
fall-detection_000543.jpg,1
fall-detection_003856.jpg,1
fall-detection_003160.jpg,1
fall-detection_000342.jpg,1
fall-detection_003252.jpg,1
fall-detection_001467.jpg,1
fall-detection_000360.jpg,1
fall-detection_000379.jpg,1
fall-detection_000522.jpg,1
fall-detection_003682.jpg,1
fall-detection_004316.jpg,1
fall-detection_002188.jpg,1
fall-detection_002690.jpg,1
fall-detection_000836.jpg,1
fall-detection_000211.jpg,1
fall-detection_001563.jpg,1
fall-detection_000430.jpg,1
fall-detection_000172.jpg,1
fall-detection_002370.jpg,1
fall-detection_003993.jpg,1
fall-detection_001722.jpg,1
fall-detection_001469.jpg,1
fall-detection_001791.jpg,1
fall-detection_002545.jpg,1
fall-detection_001848.jpg,1
fall-detection_003348.jpg,1
fall-detection_002671.jpg,1
fall-detection_001946.jpg,1
fall-detection_001359.jpg,1
fall-detection_002004.jpg,1
fall-detection_004261.jpg,1
fall-detection_001358.jpg,1
fall-detection_003574.jpg,1
fall-detection_001479.jpg,1
fall-detection_003056.jpg,1
fall-detection_004365.jpg,1
fall-detection_002728.jpg,1
fall-detection_000378.jpg,1
fall-detection_003946.jpg,1
fall-detection_002882.jpg,1
fall-detection_002112.jpg,1
fall-detection_002462.jpg,1
fall-detection_003912.jpg,1
fall-detection_004102.jpg,1
fall-detection_000113.jpg,1
fall-detection_000869.jpg,1
fall-detection_000280.jpg,1
fall-detection_003882.jpg,1
fall-detection_000064.jpg,1
fall-detection_002903.jpg,1
fall-detection_002603.jpg,1
fall-detection_003235.jpg,1
fall-detection_000018.jpg,1
fall-detection_001916.jpg,1
fall-detection_004462.jpg,1
fall-detection_000686.jpg,1
fall-detection_002039.jpg,1
fall-detection_002611.jpg,1
fall-detection_004456.jpg,1
fall-detection_001974.jpg,1
fall-detection_000790.jpg,1
fall-detection_000546.jpg,1
fall-detection_000709.jpg,1
fall-detection_003309.jpg,1
fall-detection_002213.jpg,1
fall-detection_003343.jpg,1
fall-detection_003740.jpg,1
fall-detection_000397.jpg,1
fall-detection_002835.jpg,1
fall-detection_001597.jpg,1
fall-detection_002420.jpg,1
fall-detection_001025.jpg,1
fall-detection_001762.jpg,1
fall-detection_002587.jpg,1
fall-detection_001484.jpg,1
fall-detection_004272.jpg,1
fall-detection_002028.jpg,1
fall-detection_000329.jpg,1
fall-detection_001769.jpg,1
fall-detection_002442.jpg,1
fall-detection_003122.jpg,1
fall-detection_003317.jpg,1
fall-detection_000370.jpg,1
fall-detection_003346.jpg,1
fall-detection_002944.jpg,1
fall-detection_000292.jpg,1
fall-detection_001980.jpg,1
fall-detection_002100.jpg,1
fall-detection_003173.jpg,1
fall-detection_003793.jpg,1
fall-detection_001864.jpg,1
fall-detection_001875.jpg,1
fall-detection_002910.jpg,1
fall-detection_003349.jpg,1
fall-detection_001206.jpg,1
fall-detection_000965.jpg,1
fall-detection_000850.jpg,1
fall-detection_004159.jpg,1
fall-detection_000912.jpg,1
fall-detection_000479.jpg,1
fall-detection_000860.jpg,1
fall-detection_004290.jpg,1
fall-detection_000200.jpg,1
fall-detection_003233.jpg,1
fall-detection_000140.jpg,1
fall-detection_001699.jpg,1
fall-detection_003527.jpg,1
fall-detection_000304.jpg,1
fall-detection_001170.jpg,1
fall-detection_004147.jpg,1
fall-detection_002542.jpg,1
fall-detection_003475.jpg,1
fall-detection_003889.jpg,1
fall-detection_000833.jpg,1
fall-detection_002908.jpg,1
fall-detection_003786.jpg,1
fall-detection_000908.jpg,1
fall-detection_003104.jpg,1
fall-detection_003442.jpg,1
fall-detection_000847.jpg,1
fall-detection_001083.jpg,1
fall-detection_000729.jpg,1
fall-detection_000341.jpg,1
fall-detection_001888.jpg,1
fall-detection_001926.jpg,1
fall-detection_001938.jpg,1
fall-detection_002096.jpg,1
fall-detection_000679.jpg,1
fall-detection_001321.jpg,1
fall-detection_003930.jpg,1
fall-detection_003004.jpg,1
fall-detection_003298.jpg,1
fall-detection_002338.jpg,1
fall-detection_003030.jpg,1
fall-detection_001582.jpg,1
fall-detection_000560.jpg,1
fall-detection_002768.jpg,1
fall-detection_001256.jpg,1
fall-detection_001390.jpg,1
fall-detection_004327.jpg,1
fall-detection_003611.jpg,1
fall-detection_004077.jpg,1
fall-detection_003960.jpg,1
fall-detection_002257.jpg,1
fall-detection_004161.jpg,1
fall-detection_002463.jpg,1
fall-detection_001450.jpg,1
fall-detection_004283.jpg,1
fall-detection_004378.jpg,1
fall-detection_002049.jpg,1
fall-detection_002902.jpg,1
fall-detection_004460.jpg,1
fall-detection_003717.jpg,1
fall-detection_003111.jpg,1
fall-detection_000799.jpg,1
fall-detection_000870.jpg,1
fall-detection_002346.jpg,1
fall-detection_000237.jpg,1
fall-detection_003519.jpg,1
fall-detection_004072.jpg,1
fall-detection_001704.jpg,1
fall-detection_001676.jpg,1
fall-detection_001291.jpg,1
fall-detection_002142.jpg,1
fall-detection_000156.jpg,1
fall-detection_001601.jpg,1
fall-detection_002800.jpg,1
fall-detection_000044.jpg,1
fall-detection_000291.jpg,1
fall-detection_002579.jpg,1
fall-detection_001269.jpg,1
fall-detection_001890.jpg,1
fall-detection_000943.jpg,1
fall-detection_003192.jpg,1
fall-detection_004372.jpg,1
fall-detection_000354.jpg,1
fall-detection_002816.jpg,1
fall-detection_004319.jpg,1
fall-detection_003538.jpg,1
fall-detection_004044.jpg,1
fall-detection_003789.jpg,1
fall-detection_002241.jpg,1
fall-detection_004439.jpg,1
fall-detection_000941.jpg,1
fall-detection_004118.jpg,1
fall-detection_000639.jpg,1
fall-detection_002553.jpg,1
fall-detection_001714.jpg,1
fall-detection_001494.jpg,1
fall-detection_004041.jpg,1
fall-detection_003338.jpg,1
fall-detection_003834.jpg,1
fall-detection_000976.jpg,1
fall-detection_004140.jpg,1
fall-detection_003100.jpg,1
fall-detection_003926.jpg,1
fall-detection_002975.jpg,1
fall-detection_003760.jpg,1
fall-detection_002307.jpg,1
fall-detection_000953.jpg,1
fall-detection_000540.jpg,1
fall-detection_003665.jpg,1
fall-detection_000848.jpg,1
fall-detection_001099.jpg,1
fall-detection_000413.jpg,1
fall-detection_003767.jpg,1
fall-detection_000033.jpg,1
fall-detection_002857.jpg,1
fall-detection_002539.jpg,1
fall-detection_000773.jpg,1
fall-detection_003143.jpg,1
fall-detection_001088.jpg,1
fall-detection_001512.jpg,1
fall-detection_000861.jpg,1
fall-detection_000376.jpg,1
fall-detection_002109.jpg,1
fall-detection_003436.jpg,1
fall-detection_001114.jpg,1
fall-detection_003091.jpg,1
fall-detection_001410.jpg,1
fall-detection_001017.jpg,1
fall-detection_003906.jpg,1
fall-detection_001020.jpg,1
fall-detection_002504.jpg,1
fall-detection_003090.jpg,1
fall-detection_001573.jpg,1
fall-detection_002183.jpg,1
fall-detection_002116.jpg,1
fall-detection_001822.jpg,1
fall-detection_001095.jpg,1
fall-detection_002485.jpg,1
fall-detection_000632.jpg,1
fall-detection_001037.jpg,1
fall-detection_002921.jpg,1
fall-detection_001931.jpg,1
fall-detection_002612.jpg,1
fall-detection_000097.jpg,1
fall-detection_003246.jpg,1
fall-detection_000979.jpg,1
fall-detection_000690.jpg,1
fall-detection_002555.jpg,1
fall-detection_003703.jpg,1
fall-detection_002509.jpg,1
fall-detection_003943.jpg,1
fall-detection_004176.jpg,1
fall-detection_002218.jpg,1
fall-detection_004400.jpg,1
fall-detection_003081.jpg,1
fall-detection_004385.jpg,1
fall-detection_002846.jpg,1
fall-detection_002588.jpg,1
fall-detection_000336.jpg,1
fall-detection_001821.jpg,1
fall-detection_004326.jpg,1
fall-detection_000958.jpg,1
fall-detection_001839.jpg,1
fall-detection_002951.jpg,1
fall-detection_002635.jpg,1
fall-detection_000570.jpg,1
fall-detection_000470.jpg,1
fall-detection_003843.jpg,1
fall-detection_004087.jpg,1
fall-detection_000863.jpg,1
fall-detection_002305.jpg,1
fall-detection_002059.jpg,1
fall-detection_003170.jpg,1
fall-detection_003820.jpg,1
fall-detection_001039.jpg,1
fall-detection_003368.jpg,1
fall-detection_000311.jpg,1
fall-detection_002107.jpg,1
fall-detection_000565.jpg,1
fall-detection_000036.jpg,1
fall-detection_003034.jpg,1
fall-detection_004115.jpg,1
fall-detection_002586.jpg,1
fall-detection_003859.jpg,1
fall-detection_003260.jpg,1
fall-detection_001260.jpg,1
fall-detection_002233.jpg,1
fall-detection_000733.jpg,1
fall-detection_000438.jpg,1
fall-detection_002459.jpg,1
fall-detection_002750.jpg,1
fall-detection_002335.jpg,1
fall-detection_001672.jpg,1
fall-detection_001868.jpg,1
fall-detection_001760.jpg,1
fall-detection_001162.jpg,1
fall-detection_004420.jpg,1
fall-detection_000192.jpg,1
fall-detection_003835.jpg,1
fall-detection_004414.jpg,1
fall-detection_002850.jpg,1
fall-detection_004418.jpg,1
fall-detection_000454.jpg,1
fall-detection_002901.jpg,1
fall-detection_001348.jpg,1
fall-detection_001214.jpg,1
fall-detection_001608.jpg,1
fall-detection_002808.jpg,1
fall-detection_001971.jpg,1
fall-detection_004169.jpg,1
fall-detection_004487.jpg,1
fall-detection_004398.jpg,1
fall-detection_001605.jpg,1
fall-detection_003948.jpg,1
fall-detection_002995.jpg,1
fall-detection_003777.jpg,1
fall-detection_001578.jpg,1
fall-detection_004096.jpg,1
fall-detection_001081.jpg,1
fall-detection_000102.jpg,1
fall-detection_000523.jpg,1
fall-detection_002670.jpg,1
fall-detection_001007.jpg,1
fall-detection_001277.jpg,1
fall-detection_000095.jpg,1
fall-detection_004060.jpg,1
fall-detection_001817.jpg,1
fall-detection_000722.jpg,1
fall-detection_003391.jpg,1
fall-detection_000396.jpg,1
fall-detection_004478.jpg,1
fall-detection_000667.jpg,1
fall-detection_002651.jpg,1
fall-detection_003666.jpg,1
fall-detection_002625.jpg,1
fall-detection_002224.jpg,1
fall-detection_001548.jpg,1
fall-detection_002664.jpg,1
fall-detection_002091.jpg,1
fall-detection_001616.jpg,1
fall-detection_004443.jpg,1
fall-detection_003528.jpg,1
fall-detection_002468.jpg,1
fall-detection_002572.jpg,1
fall-detection_004247.jpg,1
fall-detection_000643.jpg,1
fall-detection_001528.jpg,1
fall-detection_003506.jpg,1
fall-detection_003770.jpg,1
fall-detection_004331.jpg,1
fall-detection_004179.jpg,1
fall-detection_003779.jpg,1
fall-detection_001572.jpg,1
fall-detection_003927.jpg,1
fall-detection_004483.jpg,1
fall-detection_003007.jpg,1
fall-detection_004075.jpg,1
fall-detection_003077.jpg,1
fall-detection_003866.jpg,1
fall-detection_002055.jpg,1
fall-detection_001951.jpg,1
fall-detection_002765.jpg,1
fall-detection_000071.jpg,1
fall-detection_001882.jpg,1
fall-detection_001856.jpg,1
fall-detection_003571.jpg,1
fall-detection_002374.jpg,1
fall-detection_004387.jpg,1
fall-detection_000828.jpg,1
fall-detection_003410.jpg,1
fall-detection_002685.jpg,1
fall-detection_003979.jpg,1
fall-detection_001565.jpg,1
fall-detection_003427.jpg,1
fall-detection_000954.jpg,1
fall-detection_000104.jpg,1
fall-detection_003288.jpg,1
fall-detection_002217.jpg,1
fall-detection_001045.jpg,1
fall-detection_001893.jpg,1
fall-detection_001104.jpg,1
fall-detection_002378.jpg,1
fall-detection_001178.jpg,1
fall-detection_003115.jpg,1
fall-detection_000893.jpg,1
fall-detection_002691.jpg,1
fall-detection_000905.jpg,1
fall-detection_002890.jpg,1
fall-detection_001894.jpg,1
fall-detection_002412.jpg,1
fall-detection_003711.jpg,1
fall-detection_000162.jpg,1
fall-detection_003631.jpg,1
fall-detection_000906.jpg,1
fall-detection_004381.jpg,1
fall-detection_002193.jpg,1
fall-detection_000681.jpg,1
fall-detection_002194.jpg,1
fall-detection_003255.jpg,1
fall-detection_003737.jpg,1
fall-detection_002204.jpg,1
fall-detection_002827.jpg,1
fall-detection_001205.jpg,1
fall-detection_002197.jpg,1
fall-detection_001606.jpg,1
fall-detection_000236.jpg,1
fall-detection_003180.jpg,1
fall-detection_000473.jpg,1
fall-detection_003812.jpg,1
fall-detection_000322.jpg,1
fall-detection_002411.jpg,1
fall-detection_003576.jpg,1
fall-detection_003602.jpg,1
fall-detection_003423.jpg,1
fall-detection_000441.jpg,1
fall-detection_003731.jpg,1
fall-detection_000674.jpg,1
fall-detection_000455.jpg,1
fall-detection_002574.jpg,1
fall-detection_003421.jpg,1
fall-detection_000077.jpg,1
fall-detection_003491.jpg,1
fall-detection_000373.jpg,1
fall-detection_002497.jpg,1
fall-detection_004085.jpg,1
fall-detection_004047.jpg,1
fall-detection_000273.jpg,1
fall-detection_003886.jpg,1
fall-detection_002064.jpg,1
fall-detection_000930.jpg,1
fall-detection_000583.jpg,1
fall-detection_001164.jpg,1
fall-detection_002826.jpg,1
fall-detection_002215.jpg,1
fall-detection_003687.jpg,1
fall-detection_000879.jpg,1
fall-detection_004299.jpg,1
fall-detection_002262.jpg,1
fall-detection_000011.jpg,1
fall-detection_002977.jpg,1
fall-detection_001434.jpg,1
fall-detection_000183.jpg,1
fall-detection_003962.jpg,1
fall-detection_002979.jpg,1
fall-detection_001768.jpg,1
fall-detection_002617.jpg,1
fall-detection_000950.jpg,1
fall-detection_001510.jpg,1
fall-detection_001313.jpg,1
fall-detection_000282.jpg,1
fall-detection_001496.jpg,1
fall-detection_001540.jpg,1
fall-detection_004293.jpg,1
fall-detection_000111.jpg,1
fall-detection_000638.jpg,1
fall-detection_003013.jpg,1
fall-detection_002401.jpg,1
fall-detection_001748.jpg,1
fall-detection_000217.jpg,1
fall-detection_001218.jpg,1
fall-detection_003918.jpg,1
fall-detection_002240.jpg,1
fall-detection_000055.jpg,1
fall-detection_004324.jpg,1
fall-detection_002941.jpg,1
fall-detection_000505.jpg,1
fall-detection_000151.jpg,1
fall-detection_003319.jpg,1
fall-detection_004346.jpg,1
fall-detection_000368.jpg,1
fall-detection_000796.jpg,1
fall-detection_002398.jpg,1
fall-detection_002394.jpg,1
fall-detection_001411.jpg,1
fall-detection_002799.jpg,1
fall-detection_001991.jpg,1
fall-detection_002403.jpg,1
fall-detection_001666.jpg,1
fall-detection_002261.jpg,1
fall-detection_004192.jpg,1
fall-detection_000294.jpg,1
fall-detection_001647.jpg,1
fall-detection_001324.jpg,1
fall-detection_002249.jpg,1
fall-detection_000268.jpg,1
fall-detection_004474.jpg,1
fall-detection_001495.jpg,1
fall-detection_003067.jpg,1
fall-detection_001040.jpg,1
fall-detection_000293.jpg,1
fall-detection_000795.jpg,1
fall-detection_002540.jpg,1
fall-detection_004428.jpg,1
fall-detection_003360.jpg,1
fall-detection_000931.jpg,1
fall-detection_002892.jpg,1
fall-detection_002019.jpg,1
fall-detection_002056.jpg,1
fall-detection_000231.jpg,1
fall-detection_001168.jpg,1
fall-detection_002491.jpg,1
fall-detection_000726.jpg,1
fall-detection_003749.jpg,1
fall-detection_003159.jpg,1
fall-detection_003398.jpg,1
fall-detection_003516.jpg,1
fall-detection_000405.jpg,1
fall-detection_001906.jpg,1
fall-detection_003940.jpg,1
fall-detection_001244.jpg,1
fall-detection_002359.jpg,1
fall-detection_003721.jpg,1
fall-detection_002154.jpg,1
fall-detection_001394.jpg,1
fall-detection_002500.jpg,1
fall-detection_002592.jpg,1
fall-detection_004049.jpg,1
fall-detection_000998.jpg,1
fall-detection_002167.jpg,1
fall-detection_001750.jpg,1
fall-detection_003799.jpg,1
fall-detection_003041.jpg,1
fall-detection_003119.jpg,1
fall-detection_001355.jpg,1
fall-detection_000901.jpg,1
fall-detection_000996.jpg,1
fall-detection_004310.jpg,1
fall-detection_000004.jpg,1
fall-detection_002794.jpg,1
fall-detection_001778.jpg,1
fall-detection_001049.jpg,1
fall-detection_003754.jpg,1
fall-detection_001617.jpg,1
fall-detection_000142.jpg,1
fall-detection_003473.jpg,1
fall-detection_001126.jpg,1
fall-detection_001705.jpg,1
fall-detection_004119.jpg,1
fall-detection_000401.jpg,1
fall-detection_004286.jpg,1
fall-detection_001026.jpg,1
fall-detection_002936.jpg,1
fall-detection_004149.jpg,1
fall-detection_002314.jpg,1
fall-detection_001271.jpg,1
fall-detection_000309.jpg,1
fall-detection_000657.jpg,1
fall-detection_004156.jpg,1
fall-detection_000968.jpg,1
fall-detection_001225.jpg,1
fall-detection_001155.jpg,1
fall-detection_003950.jpg,1
fall-detection_004347.jpg,1
fall-detection_002350.jpg,1
fall-detection_004092.jpg,1
fall-detection_000983.jpg,1
fall-detection_001003.jpg,1
fall-detection_003875.jpg,1
fall-detection_003467.jpg,1
fall-detection_001820.jpg,1
fall-detection_001470.jpg,1
fall-detection_001516.jpg,1
fall-detection_001347.jpg,1
fall-detection_004384.jpg,1
fall-detection_004099.jpg,1
fall-detection_001024.jpg,1
fall-detection_003114.jpg,1
fall-detection_002939.jpg,1
fall-detection_003512.jpg,1
fall-detection_000465.jpg,1
fall-detection_001252.jpg,1
fall-detection_003517.jpg,1
fall-detection_000314.jpg,1
fall-detection_001201.jpg,1
fall-detection_002266.jpg,1
fall-detection_001456.jpg,1
fall-detection_003715.jpg,1
fall-detection_003658.jpg,1
fall-detection_003797.jpg,1
fall-detection_000252.jpg,1
fall-detection_001765.jpg,1
fall-detection_001241.jpg,1
fall-detection_001052.jpg,1
fall-detection_002223.jpg,1
fall-detection_002950.jpg,1
fall-detection_004408.jpg,1
fall-detection_002151.jpg,1
fall-detection_000335.jpg,1
fall-detection_003351.jpg,1
fall-detection_001753.jpg,1
fall-detection_001463.jpg,1
fall-detection_003150.jpg,1
fall-detection_000868.jpg,1
fall-detection_000501.jpg,1
fall-detection_002260.jpg,1
fall-detection_002568.jpg,1
fall-detection_001707.jpg,1
fall-detection_004237.jpg,1
fall-detection_002937.jpg,1
fall-detection_000046.jpg,1
fall-detection_000623.jpg,1
fall-detection_000663.jpg,1
fall-detection_001267.jpg,1
fall-detection_003137.jpg,1
fall-detection_001859.jpg,1
fall-detection_001232.jpg,1
fall-detection_001383.jpg,1
fall-detection_002365.jpg,1
fall-detection_002054.jpg,1
fall-detection_001428.jpg,1
fall-detection_002458.jpg,1
fall-detection_001191.jpg,1
fall-detection_003272.jpg,1
fall-detection_000297.jpg,1
fall-detection_003451.jpg,1
fall-detection_001036.jpg,1
fall-detection_001738.jpg,1
fall-detection_001654.jpg,1
fall-detection_000952.jpg,1
fall-detection_003649.jpg,1
fall-detection_001844.jpg,1
fall-detection_000199.jpg,1
fall-detection_003354.jpg,1
fall-detection_003622.jpg,1
fall-detection_001147.jpg,1
fall-detection_000197.jpg,1
fall-detection_001087.jpg,1
fall-detection_002383.jpg,1
fall-detection_003674.jpg,1
fall-detection_001166.jpg,1
fall-detection_003902.jpg,1
fall-detection_001499.jpg,1
fall-detection_002237.jpg,1
fall-detection_003829.jpg,1
fall-detection_003980.jpg,1
fall-detection_001708.jpg,1
fall-detection_000245.jpg,1
fall-detection_003000.jpg,1
fall-detection_001121.jpg,1
fall-detection_001724.jpg,1
fall-detection_002422.jpg,1
fall-detection_003610.jpg,1
fall-detection_000038.jpg,1
fall-detection_002331.jpg,1
fall-detection_003204.jpg,1
fall-detection_001709.jpg,1
fall-detection_000299.jpg,1
fall-detection_002465.jpg,1
fall-detection_004113.jpg,1
fall-detection_000317.jpg,1
fall-detection_004073.jpg,1
fall-detection_000922.jpg,1
fall-detection_002669.jpg,1
fall-detection_001940.jpg,1
fall-detection_004357.jpg,1
fall-detection_004164.jpg,1
fall-detection_002932.jpg,1
fall-detection_002959.jpg,1
fall-detection_002633.jpg,1
fall-detection_003412.jpg,1
fall-detection_001755.jpg,1
fall-detection_002143.jpg,1
fall-detection_002549.jpg,1
fall-detection_003031.jpg,1
fall-detection_002646.jpg,1
fall-detection_000464.jpg,1
fall-detection_003123.jpg,1
fall-detection_003202.jpg,1
fall-detection_003395.jpg,1
fall-detection_001090.jpg,1
fall-detection_001098.jpg,1
fall-detection_000417.jpg,1
fall-detection_002766.jpg,1
fall-detection_004332.jpg,1
fall-detection_004405.jpg,1
fall-detection_001243.jpg,1
fall-detection_000545.jpg,1
fall-detection_004257.jpg,1
fall-detection_003766.jpg,1
fall-detection_002340.jpg,1
fall-detection_000403.jpg,1
fall-detection_001320.jpg,1
fall-detection_001378.jpg,1
fall-detection_003275.jpg,1
fall-detection_000296.jpg,1
fall-detection_001145.jpg,1
fall-detection_001533.jpg,1
fall-detection_000664.jpg,1
fall-detection_004035.jpg,1
fall-detection_003155.jpg,1
fall-detection_000466.jpg,1
fall-detection_004419.jpg,1
fall-detection_001465.jpg,1
fall-detection_001210.jpg,1
fall-detection_002877.jpg,1
fall-detection_002030.jpg,1
fall-detection_002788.jpg,1
fall-detection_000171.jpg,1
fall-detection_000586.jpg,1
fall-detection_003106.jpg,1
person-fallen_000258.jpg,0
person-fallen_000037.jpg,1
person-fallen_000339.jpg,0
person-fallen_000084.jpg,1
person-fallen_000159.jpg,1
person-fallen_000209.jpg,1
person-fallen_000026.jpg,1
person-fallen_000210.jpg,1
person-fallen_000215.jpg,1
person-fallen_000357.jpg,0
person-fallen_000047.jpg,1
person-fallen_000173.jpg,1
person-fallen_000388.jpg,0
person-fallen_000134.jpg,1
person-fallen_000124.jpg,1
person-fallen_000384.jpg,0
person-fallen_000342.jpg,0
person-fallen_000304.jpg,0
person-fallen_000234.jpg,0
person-fallen_000378.jpg,0
person-fallen_000197.jpg,1
person-fallen_000083.jpg,1
person-fallen_000199.jpg,1
person-fallen_000343.jpg,0
person-fallen_000202.jpg,1
person-fallen_000103.jpg,1
person-fallen_000150.jpg,1
person-fallen_000176.jpg,1
person-fallen_000068.jpg,1
person-fallen_000364.jpg,0
person-fallen_000021.jpg,1
person-fallen_000180.jpg,1
person-fallen_000282.jpg,0
person-fallen_000287.jpg,0
person-fallen_000351.jpg,0
person-fallen_000226.jpg,1
person-fallen_000379.jpg,0
person-fallen_000085.jpg,1
person-fallen_000094.jpg,1
person-fallen_000097.jpg,1
person-fallen_000276.jpg,0
person-fallen_000286.jpg,0
person-fallen_000225.jpg,1
person-fallen_000178.jpg,1
person-fallen_000238.jpg,0
person-fallen_000356.jpg,0
person-fallen_000381.jpg,0
person-fallen_000365.jpg,0
person-fallen_000043.jpg,1
person-fallen_000087.jpg,1
person-fallen_000034.jpg,1
person-fallen_000263.jpg,0
person-fallen_000214.jpg,1
person-fallen_000267.jpg,0
person-fallen_000231.jpg,1
person-fallen_000145.jpg,1
person-fallen_000229.jpg,1
person-fallen_000246.jpg,0
person-fallen_000324.jpg,0
person-fallen_000008.jpg,1
person-fallen_000154.jpg,1
person-fallen_000121.jpg,1
person-fallen_000114.jpg,1
person-fallen_000218.jpg,1
person-fallen_000228.jpg,1
person-fallen_000309.jpg,0
person-fallen_000015.jpg,1
person-fallen_000335.jpg,0
person-fallen_000070.jpg,1
person-fallen_000120.jpg,1
person-fallen_000311.jpg,0
person-fallen_000308.jpg,0
person-fallen_000252.jpg,0
person-fallen_000251.jpg,0
person-fallen_000157.jpg,1
person-fallen_000316.jpg,0
person-fallen_000208.jpg,1
person-fallen_000291.jpg,0
person-fallen_000349.jpg,0
person-fallen_000133.jpg,1
person-fallen_000296.jpg,0
person-fallen_000212.jpg,1
person-fallen_000255.jpg,0
person-fallen_000141.jpg,1
person-fallen_000143.jpg,1
person-fallen_000373.jpg,0
person-fallen_000081.jpg,1
person-fallen_000127.jpg,1
person-fallen_000069.jpg,1
person-fallen_000142.jpg,1
person-fallen_000167.jpg,1
person-fallen_000185.jpg,1
person-fallen_000249.jpg,0
person-fallen_000161.jpg,1
person-fallen_000111.jpg,1
person-fallen_000250.jpg,0
person-fallen_000179.jpg,1
person-fallen_000352.jpg,0
person-fallen_000149.jpg,1
person-fallen_000278.jpg,0
person-fallen_000077.jpg,1
person-fallen_000100.jpg,1
person-fallen_000201.jpg,1
person-fallen_000294.jpg,0
person-fallen_000374.jpg,0
person-fallen_000318.jpg,0
person-fallen_000314.jpg,0
person-fallen_000186.jpg,1
person-fallen_000281.jpg,0
person-fallen_000042.jpg,1
person-fallen_000136.jpg,1
person-fallen_000117.jpg,1
person-fallen_000256.jpg,0
person-fallen_000273.jpg,0
person-fallen_000040.jpg,1
person-fallen_000189.jpg,1
person-fallen_000082.jpg,1
person-fallen_000112.jpg,1
person-fallen_000265.jpg,0
person-fallen_000383.jpg,0
person-fallen_000371.jpg,0
person-fallen_000140.jpg,1
person-fallen_000130.jpg,1
person-fallen_000089.jpg,1
person-fallen_000071.jpg,1
person-fallen_000355.jpg,0
person-fallen_000326.jpg,0
person-fallen_000353.jpg,0
person-fallen_000022.jpg,1
person-fallen_000171.jpg,1
person-fallen_000299.jpg,0
person-fallen_000013.jpg,1
person-fallen_000027.jpg,1
person-fallen_000138.jpg,1
person-fallen_000362.jpg,0
person-fallen_000172.jpg,1
person-fallen_000320.jpg,0
person-fallen_000023.jpg,1
person-fallen_000387.jpg,0
person-fallen_000131.jpg,1
person-fallen_000098.jpg,1
person-fallen_000253.jpg,0
person-fallen_000382.jpg,0
person-fallen_000244.jpg,0
person-fallen_000195.jpg,1
person-fallen_000348.jpg,0
person-fallen_000372.jpg,0
person-fallen_000300.jpg,0
person-fallen_000057.jpg,1
person-fallen_000337.jpg,0
person-fallen_000002.jpg,1
person-fallen_000367.jpg,0
person-fallen_000024.jpg,1
person-fallen_000322.jpg,0
person-fallen_000328.jpg,0
person-fallen_000266.jpg,0
person-fallen_000113.jpg,1
person-fallen_000239.jpg,0
person-fallen_000095.jpg,1
person-fallen_000358.jpg,0
person-fallen_000093.jpg,1
person-fallen_000363.jpg,0
person-fallen_000191.jpg,1
person-fallen_000213.jpg,1
person-fallen_000345.jpg,0
person-fallen_000096.jpg,1
person-fallen_000164.jpg,1
person-fallen_000223.jpg,1
person-fallen_000039.jpg,1
person-fallen_000368.jpg,0
person-fallen_000330.jpg,0
person-fallen_000354.jpg,0
person-fallen_000052.jpg,1
person-fallen_000031.jpg,1
person-fallen_000003.jpg,1
person-fallen_000361.jpg,0
person-fallen_000272.jpg,0
person-fallen_000044.jpg,1
person-fallen_000224.jpg,1
person-fallen_000090.jpg,1
person-fallen_000219.jpg,1
person-fallen_000275.jpg,0
person-fallen_000203.jpg,1
person-fallen_000375.jpg,0
person-fallen_000288.jpg,0
person-fallen_000156.jpg,1
person-fallen_000107.jpg,1
person-fallen_000073.jpg,1
person-fallen_000269.jpg,0
person-fallen_000088.jpg,1
person-fallen_000385.jpg,0
person-fallen_000028.jpg,1
person-fallen_000200.jpg,1
person-fallen_000033.jpg,1
person-fallen_000175.jpg,1
person-fallen_000007.jpg,1
person-fallen_000183.jpg,1
person-fallen_000056.jpg,1
person-fallen_000118.jpg,1
person-fallen_000054.jpg,1
person-fallen_000245.jpg,0
person-fallen_000338.jpg,0
person-fallen_000059.jpg,1
person-fallen_000151.jpg,1
person-fallen_000020.jpg,1
person-fallen_000196.jpg,1
person-fallen_000029.jpg,1
person-fallen_000283.jpg,0
person-fallen_000211.jpg,1
person-fallen_000230.jpg,1
person-fallen_000366.jpg,0
person-fallen_000233.jpg,0
person-fallen_000184.jpg,1
person-fallen_000350.jpg,0
person-fallen_000079.jpg,1
person-fallen_000011.jpg,1
person-fallen_000190.jpg,1
person-fallen_000063.jpg,1
person-fallen_000006.jpg,1
person-fallen_000236.jpg,0
person-fallen_000177.jpg,1
person-fallen_000038.jpg,1
person-fallen_000192.jpg,1
person-fallen_000050.jpg,1
person-fallen_000116.jpg,1
person-fallen_000004.jpg,1
person-fallen_000334.jpg,0
person-fallen_000168.jpg,1
person-fallen_000293.jpg,0
person-fallen_000188.jpg,1
person-fallen_000076.jpg,1
person-fallen_000001.jpg,1
person-fallen_000319.jpg,0
person-fallen_000323.jpg,0
person-fallen_000072.jpg,1
person-fallen_000222.jpg,1
person-fallen_000053.jpg,1
person-fallen_000160.jpg,1
person-fallen_000257.jpg,0
person-fallen_000220.jpg,1
person-fallen_000235.jpg,0
person-fallen_000271.jpg,0
person-fallen_000125.jpg,1
person-fallen_000264.jpg,0
person-fallen_000048.jpg,1
person-fallen_000280.jpg,0
person-fallen_000248.jpg,0
person-fallen_000105.jpg,1
person-fallen_000285.jpg,0
person-fallen_000254.jpg,0
person-fallen_000217.jpg,1
person-fallen_000344.jpg,0
person-fallen_000012.jpg,1
person-fallen_000132.jpg,1
person-fallen_000369.jpg,0
person-fallen_000360.jpg,0
person-fallen_000207.jpg,1
person-fallen_000064.jpg,1
person-fallen_000005.jpg,1
person-fallen_000181.jpg,1
person-fallen_000312.jpg,0
person-fallen_000329.jpg,0
person-fallen_000289.jpg,0
person-fallen_000102.jpg,1
person-fallen_000019.jpg,1
person-fallen_000327.jpg,0
person-fallen_000306.jpg,0
person-fallen_000025.jpg,1
person-fallen_000216.jpg,1
person-fallen_000009.jpg,1
person-fallen_000204.jpg,1
person-fallen_000325.jpg,0
person-fallen_000045.jpg,1
person-fallen_000017.jpg,1
person-fallen_000187.jpg,1
person-fallen_000336.jpg,0
person-fallen_000243.jpg,0
person-fallen_000174.jpg,1
person-fallen_000122.jpg,1
person-fallen_000066.jpg,1
person-fallen_000305.jpg,0
person-fallen_000221.jpg,1
person-fallen_000386.jpg,0
person-fallen_000242.jpg,0
person-fallen_000259.jpg,0
person-fallen_000247.jpg,0
person-fallen_000341.jpg,0
person-fallen_000303.jpg,0
person-fallen_000315.jpg,0
person-fallen_000046.jpg,1
person-fallen_000128.jpg,1
person-fallen_000346.jpg,0
person-fallen_000086.jpg,1
person-fallen_000061.jpg,1
person-fallen_000307.jpg,0
person-fallen_000147.jpg,1
person-fallen_000109.jpg,1
person-fallen_000301.jpg,0
person-fallen_000377.jpg,0
person-fallen_000129.jpg,1
person-fallen_000284.jpg,0
person-fallen_000049.jpg,1
person-fallen_000163.jpg,1
person-fallen_000340.jpg,0
person-fallen_000270.jpg,0
person-fallen_000170.jpg,1
person-fallen_000166.jpg,1
person-fallen_000010.jpg,1
person-fallen_000347.jpg,0
person-fallen_000292.jpg,0
person-fallen_000274.jpg,0
person-fallen_000205.jpg,1
person-fallen_000155.jpg,1
person-fallen_000317.jpg,0
person-fallen_000169.jpg,1
person-fallen_000232.jpg,0
person-fallen_000074.jpg,1
person-fallen_000165.jpg,1
person-fallen_000051.jpg,1
person-fallen_000144.jpg,1
person-fallen_000104.jpg,1
person-fallen_000313.jpg,0
person-fallen_000241.jpg,0
person-fallen_000268.jpg,0
person-fallen_000062.jpg,1
person-fallen_000206.jpg,1
person-fallen_000182.jpg,1
person-fallen_000139.jpg,1
person-fallen_000035.jpg,1
person-fallen_000262.jpg,0
ppeneg_construction-ppe_001377.jpg,0
ppeneg_construction-ppe_001201.jpg,0
ppeneg_construction-ppe_002011.jpg,0
ppeneg_construction-ppe_001912.jpg,0
ppeneg_construction-ppe_001117.jpg,0
ppeneg_construction-ppe_000003.jpg,0
ppeneg_construction-ppe_001322.jpg,0
ppeneg_construction-ppe_000651.jpg,0
ppeneg_construction-ppe_001479.jpg,0
ppeneg_construction-ppe_001623.jpg,0
ppeneg_construction-ppe_002224.jpg,0
ppeneg_construction-ppe_001785.jpg,0
ppeneg_construction-ppe_001615.jpg,0
ppeneg_construction-ppe_000332.jpg,0
ppeneg_construction-ppe_001511.jpg,0
ppeneg_construction-ppe_000615.jpg,0
ppeneg_construction-ppe_001809.jpg,0
ppeneg_construction-ppe_000504.jpg,0
ppeneg_construction-ppe_000778.jpg,0
ppeneg_construction-ppe_002073.jpg,0
ppeneg_construction-ppe_000832.jpg,0
ppeneg_construction-ppe_000434.jpg,0
ppeneg_construction-ppe_000882.jpg,0
ppeneg_construction-ppe_000393.jpg,0
ppeneg_construction-ppe_001515.jpg,0
ppeneg_construction-ppe_000396.jpg,0
ppeneg_construction-ppe_001082.jpg,0
ppeneg_construction-ppe_000251.jpg,0
ppeneg_construction-ppe_000177.jpg,0
ppeneg_construction-ppe_000638.jpg,0
ppeneg_construction-ppe_001967.jpg,0
ppeneg_construction-ppe_001703.jpg,0
ppeneg_construction-ppe_001924.jpg,0
ppeneg_construction-ppe_000210.jpg,0
ppeneg_construction-ppe_000412.jpg,0
ppeneg_construction-ppe_000902.jpg,0
ppeneg_construction-ppe_000474.jpg,0
ppeneg_construction-ppe_001080.jpg,0
ppeneg_construction-ppe_000305.jpg,0
ppeneg_construction-ppe_001027.jpg,0
ppeneg_construction-ppe_000767.jpg,0
ppeneg_construction-ppe_000945.jpg,0
ppeneg_construction-ppe_000790.jpg,0
ppeneg_construction-ppe_001134.jpg,0
ppeneg_construction-ppe_001556.jpg,0
ppeneg_construction-ppe_001998.jpg,0
ppeneg_construction-ppe_001154.jpg,0
ppeneg_construction-ppe_000335.jpg,0
ppeneg_construction-ppe_001825.jpg,0
ppeneg_construction-ppe_000363.jpg,0
ppeneg_construction-ppe_000619.jpg,0
ppeneg_construction-ppe_000366.jpg,0
ppeneg_construction-ppe_000356.jpg,0
ppeneg_construction-ppe_001250.jpg,0
ppeneg_construction-ppe_001409.jpg,0
ppeneg_construction-ppe_000891.jpg,0
ppeneg_construction-ppe_001883.jpg,0
ppeneg_construction-ppe_001561.jpg,0
ppeneg_construction-ppe_000524.jpg,0
ppeneg_construction-ppe_002216.jpg,0
ppeneg_construction-ppe_000669.jpg,0
ppeneg_construction-ppe_001114.jpg,0
ppeneg_construction-ppe_001579.jpg,0
ppeneg_construction-ppe_001110.jpg,0
ppeneg_construction-ppe_000205.jpg,0
ppeneg_construction-ppe_000988.jpg,0
ppeneg_construction-ppe_002153.jpg,0
ppeneg_construction-ppe_001969.jpg,0
ppeneg_construction-ppe_000107.jpg,0
ppeneg_construction-ppe_001426.jpg,0
ppeneg_construction-ppe_001432.jpg,0
ppeneg_construction-ppe_000915.jpg,0
ppeneg_construction-ppe_000575.jpg,0
ppeneg_construction-ppe_001681.jpg,0
ppeneg_construction-ppe_000577.jpg,0
ppeneg_construction-ppe_000241.jpg,0
ppeneg_construction-ppe_000702.jpg,0
ppeneg_construction-ppe_001436.jpg,0
ppeneg_construction-ppe_001324.jpg,0
ppeneg_construction-ppe_001660.jpg,0
ppeneg_construction-ppe_000924.jpg,0
ppeneg_construction-ppe_000488.jpg,0
ppeneg_construction-ppe_001139.jpg,0
ppeneg_construction-ppe_000940.jpg,0
ppeneg_construction-ppe_001369.jpg,0
ppeneg_construction-ppe_002220.jpg,0
ppeneg_construction-ppe_001982.jpg,0
ppeneg_construction-ppe_000033.jpg,0
ppeneg_construction-ppe_000557.jpg,0
ppeneg_construction-ppe_001288.jpg,0
ppeneg_construction-ppe_002018.jpg,0
ppeneg_construction-ppe_001015.jpg,0
ppeneg_construction-ppe_002242.jpg,0
ppeneg_construction-ppe_000041.jpg,0
ppeneg_construction-ppe_000532.jpg,0
ppeneg_construction-ppe_001788.jpg,0
ppeneg_construction-ppe_000780.jpg,0
ppeneg_construction-ppe_001358.jpg,0
ppeneg_construction-ppe_001823.jpg,0
ppeneg_construction-ppe_002109.jpg,0
ppeneg_construction-ppe_000438.jpg,0
ppeneg_construction-ppe_000898.jpg,0
ppeneg_construction-ppe_000180.jpg,0
ppeneg_construction-ppe_001584.jpg,0
ppeneg_construction-ppe_000502.jpg,0
ppeneg_construction-ppe_000555.jpg,0
ppeneg_construction-ppe_000715.jpg,0
ppeneg_construction-ppe_000484.jpg,0
ppeneg_construction-ppe_000922.jpg,0
ppeneg_construction-ppe_001233.jpg,0
ppeneg_construction-ppe_000878.jpg,0
ppeneg_construction-ppe_002238.jpg,0
ppeneg_construction-ppe_001206.jpg,0
ppeneg_construction-ppe_000510.jpg,0
ppeneg_construction-ppe_000353.jpg,0
ppeneg_construction-ppe_001834.jpg,0
ppeneg_construction-ppe_000960.jpg,0
ppeneg_construction-ppe_001283.jpg,0
ppeneg_construction-ppe_000311.jpg,0
ppeneg_construction-ppe_001947.jpg,0
ppeneg_construction-ppe_001529.jpg,0
ppeneg_construction-ppe_000923.jpg,0
ppeneg_construction-ppe_002207.jpg,0
ppeneg_construction-ppe_001435.jpg,0
ppeneg_construction-ppe_001438.jpg,0
ppeneg_construction-ppe_000521.jpg,0
ppeneg_construction-ppe_000196.jpg,0
ppeneg_construction-ppe_000683.jpg,0
ppeneg_construction-ppe_001740.jpg,0
ppeneg_construction-ppe_000895.jpg,0
ppeneg_construction-ppe_000681.jpg,0
ppeneg_construction-ppe_001908.jpg,0
ppeneg_construction-ppe_000102.jpg,0
ppeneg_construction-ppe_000907.jpg,0
ppeneg_construction-ppe_000328.jpg,0
ppeneg_construction-ppe_000942.jpg,0
ppeneg_construction-ppe_000204.jpg,0
ppeneg_construction-ppe_001326.jpg,0
ppeneg_construction-ppe_000370.jpg,0
ppeneg_construction-ppe_000136.jpg,0
ppeneg_construction-ppe_000749.jpg,0
ppeneg_construction-ppe_000866.jpg,0
ppeneg_construction-ppe_001122.jpg,0
ppeneg_construction-ppe_001365.jpg,0
ppeneg_construction-ppe_000552.jpg,0
ppeneg_construction-ppe_001047.jpg,0
ppeneg_construction-ppe_001450.jpg,0
ppeneg_construction-ppe_000785.jpg,0
ppeneg_construction-ppe_000408.jpg,0
ppeneg_construction-ppe_000017.jpg,0
ppeneg_construction-ppe_001398.jpg,0
ppeneg_construction-ppe_001257.jpg,0
ppeneg_construction-ppe_001026.jpg,0
ppeneg_construction-ppe_001932.jpg,0
ppeneg_construction-ppe_001214.jpg,0
ppeneg_construction-ppe_000058.jpg,0
ppeneg_construction-ppe_001274.jpg,0
ppeneg_construction-ppe_001486.jpg,0
ppeneg_construction-ppe_001454.jpg,0
ppeneg_construction-ppe_002088.jpg,0
ppeneg_construction-ppe_001904.jpg,0
ppeneg_construction-ppe_001639.jpg,0
ppeneg_construction-ppe_001545.jpg,0
ppeneg_construction-ppe_002057.jpg,0
ppeneg_construction-ppe_000990.jpg,0
ppeneg_construction-ppe_000338.jpg,0
ppeneg_construction-ppe_000247.jpg,0
ppeneg_construction-ppe_000601.jpg,0
ppeneg_construction-ppe_001210.jpg,0
ppeneg_construction-ppe_000735.jpg,0
ppeneg_construction-ppe_001840.jpg,0
ppeneg_construction-ppe_001429.jpg,0
ppeneg_construction-ppe_001856.jpg,0
ppeneg_construction-ppe_000071.jpg,0
ppeneg_construction-ppe_001395.jpg,0
ppeneg_construction-ppe_000303.jpg,0
ppeneg_construction-ppe_001417.jpg,0
ppeneg_construction-ppe_000858.jpg,0
ppeneg_construction-ppe_001799.jpg,0
ppeneg_construction-ppe_001286.jpg,0
ppeneg_construction-ppe_001248.jpg,0
ppeneg_construction-ppe_000316.jpg,0
ppeneg_construction-ppe_000789.jpg,0
ppeneg_construction-ppe_001730.jpg,0
ppeneg_construction-ppe_001266.jpg,0
ppeneg_construction-ppe_000389.jpg,0
ppeneg_construction-ppe_001328.jpg,0
ppeneg_construction-ppe_001934.jpg,0
ppeneg_construction-ppe_002193.jpg,0
ppeneg_construction-ppe_001300.jpg,0
ppeneg_construction-ppe_000164.jpg,0
ppeneg_construction-ppe_002231.jpg,0
ppeneg_construction-ppe_001264.jpg,0
ppeneg_construction-ppe_001513.jpg,0
ppeneg_construction-ppe_000939.jpg,0
ppeneg_construction-ppe_001619.jpg,0
ppeneg_construction-ppe_001023.jpg,0
ppeneg_construction-ppe_001153.jpg,0
ppeneg_construction-ppe_000309.jpg,0
ppeneg_construction-ppe_001540.jpg,0
ppeneg_construction-ppe_000067.jpg,0
ppeneg_construction-ppe_001006.jpg,0
ppeneg_construction-ppe_001793.jpg,0
ppeneg_construction-ppe_001821.jpg,0
ppeneg_construction-ppe_000811.jpg,0
ppeneg_construction-ppe_000993.jpg,0
ppeneg_construction-ppe_001547.jpg,0
ppeneg_construction-ppe_000589.jpg,0
ppeneg_construction-ppe_001964.jpg,0
ppeneg_construction-ppe_000192.jpg,0
ppeneg_construction-ppe_000874.jpg,0
ppeneg_construction-ppe_000983.jpg,0
ppeneg_construction-ppe_001042.jpg,0
ppeneg_construction-ppe_001160.jpg,0
ppeneg_construction-ppe_000040.jpg,0
ppeneg_construction-ppe_002192.jpg,0
ppeneg_construction-ppe_000313.jpg,0
ppeneg_construction-ppe_000182.jpg,0
ppeneg_construction-ppe_001544.jpg,0
ppeneg_construction-ppe_001514.jpg,0
ppeneg_construction-ppe_001174.jpg,0
ppeneg_construction-ppe_000467.jpg,0
ppeneg_construction-ppe_001204.jpg,0
ppeneg_construction-ppe_001734.jpg,0
ppeneg_construction-ppe_001804.jpg,0
ppeneg_construction-ppe_002196.jpg,0
ppeneg_construction-ppe_002100.jpg,0
ppeneg_construction-ppe_001962.jpg,0
ppeneg_construction-ppe_001741.jpg,0
ppeneg_construction-ppe_002118.jpg,0
ppeneg_construction-ppe_001832.jpg,0
ppeneg_construction-ppe_001766.jpg,0
ppeneg_construction-ppe_000070.jpg,0
ppeneg_construction-ppe_001155.jpg,0
ppeneg_construction-ppe_001452.jpg,0
ppeneg_construction-ppe_001635.jpg,0
ppeneg_construction-ppe_000985.jpg,0
ppeneg_construction-ppe_002031.jpg,0
ppeneg_construction-ppe_000507.jpg,0
ppeneg_construction-ppe_000772.jpg,0
ppeneg_construction-ppe_000655.jpg,0
ppeneg_construction-ppe_000245.jpg,0
ppeneg_construction-ppe_001772.jpg,0
ppeneg_construction-ppe_001076.jpg,0
ppeneg_construction-ppe_000364.jpg,0
ppeneg_construction-ppe_001600.jpg,0
ppeneg_construction-ppe_002006.jpg,0
ppeneg_construction-ppe_000050.jpg,0
ppeneg_construction-ppe_001630.jpg,0
ppeneg_construction-ppe_001990.jpg,0
ppeneg_construction-ppe_000043.jpg,0
ppeneg_construction-ppe_000796.jpg,0
ppeneg_construction-ppe_001935.jpg,0
ppeneg_construction-ppe_001780.jpg,0
ppeneg_construction-ppe_001640.jpg,0
ppeneg_construction-ppe_001357.jpg,0
ppeneg_construction-ppe_000842.jpg,0
ppeneg_construction-ppe_001670.jpg,0
ppeneg_construction-ppe_001222.jpg,0
ppeneg_construction-ppe_001272.jpg,0
ppeneg_construction-ppe_001612.jpg,0
ppeneg_construction-ppe_001527.jpg,0
ppeneg_construction-ppe_001449.jpg,0
ppeneg_construction-ppe_001677.jpg,0
ppeneg_construction-ppe_001145.jpg,0
ppeneg_construction-ppe_000976.jpg,0
ppeneg_construction-ppe_000106.jpg,0
ppeneg_construction-ppe_002077.jpg,0
ppeneg_construction-ppe_000641.jpg,0
ppeneg_construction-ppe_002064.jpg,0
ppeneg_construction-ppe_001329.jpg,0
ppeneg_construction-ppe_001185.jpg,0
ppeneg_construction-ppe_000525.jpg,0
ppeneg_construction-ppe_000124.jpg,0
ppeneg_construction-ppe_002020.jpg,0
ppeneg_construction-ppe_000957.jpg,0
ppeneg_construction-ppe_000307.jpg,0
ppeneg_construction-ppe_000529.jpg,0
ppeneg_construction-ppe_000925.jpg,0
ppeneg_construction-ppe_002079.jpg,0
ppeneg_construction-ppe_001886.jpg,0
ppeneg_construction-ppe_000418.jpg,0
ppeneg_construction-ppe_000666.jpg,0
ppeneg_construction-ppe_001389.jpg,0
ppeneg_construction-ppe_000049.jpg,0
ppeneg_construction-ppe_000733.jpg,0
ppeneg_construction-ppe_001440.jpg,0
ppeneg_construction-ppe_000868.jpg,0
ppeneg_construction-ppe_001869.jpg,0
ppeneg_construction-ppe_001715.jpg,0
ppeneg_construction-ppe_000383.jpg,0
ppeneg_construction-ppe_000559.jpg,0
ppeneg_construction-ppe_000023.jpg,0
ppeneg_construction-ppe_000021.jpg,0
ppeneg_construction-ppe_000110.jpg,0
ppeneg_construction-ppe_000722.jpg,0
ppeneg_construction-ppe_000134.jpg,0
ppeneg_construction-ppe_002014.jpg,0
ppeneg_construction-ppe_001555.jpg,0
ppeneg_construction-ppe_000011.jpg,0
ppeneg_construction-ppe_000970.jpg,0
ppeneg_construction-ppe_000750.jpg,0
ppeneg_construction-ppe_001885.jpg,0
ppeneg_construction-ppe_000849.jpg,0
ppeneg_construction-ppe_001408.jpg,0
ppeneg_construction-ppe_001137.jpg,0
ppeneg_construction-ppe_001690.jpg,0
ppeneg_construction-ppe_000813.jpg,0
ppeneg_construction-ppe_002081.jpg,0
ppeneg_construction-ppe_001985.jpg,0
ppeneg_construction-ppe_002044.jpg,0
ppeneg_construction-ppe_002141.jpg,0
ppeneg_construction-ppe_001807.jpg,0
ppeneg_construction-ppe_001144.jpg,0
ppeneg_construction-ppe_000773.jpg,0
ppeneg_construction-ppe_001968.jpg,0
ppeneg_construction-ppe_001711.jpg,0
ppeneg_construction-ppe_001659.jpg,0
ppeneg_construction-ppe_000485.jpg,0
ppeneg_construction-ppe_001360.jpg,0
ppeneg_construction-ppe_001893.jpg,0
ppeneg_construction-ppe_001792.jpg,0
ppeneg_construction-ppe_000573.jpg,0
ppeneg_construction-ppe_001232.jpg,0
ppeneg_construction-ppe_001480.jpg,0
ppeneg_construction-ppe_000574.jpg,0
ppeneg_construction-ppe_000312.jpg,0
ppeneg_construction-ppe_001095.jpg,0
ppeneg_construction-ppe_002131.jpg,0
ppeneg_construction-ppe_001743.jpg,0
ppeneg_construction-ppe_000876.jpg,0
ppeneg_construction-ppe_002053.jpg,0
ppeneg_construction-ppe_001147.jpg,0
ppeneg_construction-ppe_001461.jpg,0
ppeneg_construction-ppe_002010.jpg,0
ppeneg_construction-ppe_000277.jpg,0
ppeneg_construction-ppe_001599.jpg,0
ppeneg_construction-ppe_001350.jpg,0
ppeneg_construction-ppe_001063.jpg,0
ppeneg_construction-ppe_001113.jpg,0
ppeneg_construction-ppe_000330.jpg,0
ppeneg_construction-ppe_000032.jpg,0
ppeneg_construction-ppe_002120.jpg,0
ppeneg_construction-ppe_000623.jpg,0
ppeneg_construction-ppe_001626.jpg,0
ppeneg_construction-ppe_000817.jpg,0
ppeneg_construction-ppe_001423.jpg,0
ppeneg_construction-ppe_002160.jpg,0
ppeneg_construction-ppe_002092.jpg,0
ppeneg_construction-ppe_000420.jpg,0
ppeneg_construction-ppe_002051.jpg,0
ppeneg_construction-ppe_000890.jpg,0
ppeneg_construction-ppe_001593.jpg,0
ppeneg_construction-ppe_000060.jpg,0
ppeneg_construction-ppe_001359.jpg,0
ppeneg_construction-ppe_001844.jpg,0
ppeneg_construction-ppe_000198.jpg,0
ppeneg_construction-ppe_001455.jpg,0
ppeneg_construction-ppe_000284.jpg,0
ppeneg_construction-ppe_000063.jpg,0
ppeneg_construction-ppe_000348.jpg,0
ppeneg_construction-ppe_000299.jpg,0
ppeneg_construction-ppe_001864.jpg,0
ppeneg_construction-ppe_001531.jpg,0
ppeneg_construction-ppe_001727.jpg,0
ppeneg_construction-ppe_000989.jpg,0
ppeneg_construction-ppe_001234.jpg,0
ppeneg_construction-ppe_002066.jpg,0
ppeneg_construction-ppe_001291.jpg,0
ppeneg_construction-ppe_000494.jpg,0
ppeneg_construction-ppe_000432.jpg,0
ppeneg_construction-ppe_000953.jpg,0
ppeneg_construction-ppe_002243.jpg,0
ppeneg_construction-ppe_002123.jpg,0
ppeneg_construction-ppe_001930.jpg,0
ppeneg_construction-ppe_000667.jpg,0
ppeneg_construction-ppe_001088.jpg,0
ppeneg_construction-ppe_002005.jpg,0
ppeneg_construction-ppe_000695.jpg,0
ppeneg_construction-ppe_001209.jpg,0
ppeneg_construction-ppe_001348.jpg,0
ppeneg_construction-ppe_000783.jpg,0
ppeneg_construction-ppe_002225.jpg,0
ppeneg_construction-ppe_000550.jpg,0
ppeneg_construction-ppe_000704.jpg,0
ppeneg_construction-ppe_002229.jpg,0
ppeneg_construction-ppe_000319.jpg,0
ppeneg_construction-ppe_000411.jpg,0
ppeneg_construction-ppe_001308.jpg,0
ppeneg_construction-ppe_001999.jpg,0
ppeneg_construction-ppe_000978.jpg,0
ppeneg_construction-ppe_000035.jpg,0
ppeneg_construction-ppe_000066.jpg,0
ppeneg_construction-ppe_000336.jpg,0
ppeneg_construction-ppe_000671.jpg,0
ppeneg_construction-ppe_000254.jpg,0
ppeneg_construction-ppe_001597.jpg,0
ppeneg_construction-ppe_002093.jpg,0
ppeneg_construction-ppe_000112.jpg,0
ppeneg_construction-ppe_001846.jpg,0
ppeneg_construction-ppe_002219.jpg,0
ppeneg_construction-ppe_000580.jpg,0
ppeneg_construction-ppe_001463.jpg,0
ppeneg_construction-ppe_000282.jpg,0
ppeneg_construction-ppe_002090.jpg,0
ppeneg_construction-ppe_000801.jpg,0
ppeneg_construction-ppe_001385.jpg,0
ppeneg_construction-ppe_000536.jpg,0
ppeneg_construction-ppe_001242.jpg,0
ppeneg_construction-ppe_001363.jpg,0
ppeneg_construction-ppe_001862.jpg,0
ppeneg_construction-ppe_000955.jpg,0
ppeneg_construction-ppe_001970.jpg,0
ppeneg_construction-ppe_001473.jpg,0
ppeneg_construction-ppe_002070.jpg,0
ppeneg_construction-ppe_001723.jpg,0
ppeneg_construction-ppe_000209.jpg,0
ppeneg_construction-ppe_001459.jpg,0
ppeneg_construction-ppe_001858.jpg,0
ppeneg_construction-ppe_000013.jpg,0
ppeneg_construction-ppe_000113.jpg,0
ppeneg_construction-ppe_001752.jpg,0
ppeneg_construction-ppe_001386.jpg,0
ppeneg_construction-ppe_000091.jpg,0
ppeneg_construction-ppe_001917.jpg,0
ppeneg_construction-ppe_000784.jpg,0
ppeneg_construction-ppe_000674.jpg,0
ppeneg_construction-ppe_001762.jpg,0
ppeneg_construction-ppe_001456.jpg,0
ppeneg_construction-ppe_001838.jpg,0
ppeneg_construction-ppe_001394.jpg,0
ppeneg_construction-ppe_001616.jpg,0
ppeneg_construction-ppe_000212.jpg,0
ppeneg_construction-ppe_001887.jpg,0
ppeneg_construction-ppe_000109.jpg,0
ppeneg_construction-ppe_000116.jpg,0
ppeneg_construction-ppe_000560.jpg,0
ppeneg_construction-ppe_000128.jpg,0
ppeneg_construction-ppe_000168.jpg,0
ppeneg_construction-ppe_001554.jpg,0
ppeneg_construction-ppe_000964.jpg,0
ppeneg_construction-ppe_001018.jpg,0
ppeneg_construction-ppe_001427.jpg,0
ppeneg_construction-ppe_002197.jpg,0
ppeneg_construction-ppe_000519.jpg,0
ppeneg_construction-ppe_000385.jpg,0
ppeneg_construction-ppe_001044.jpg,0
ppeneg_construction-ppe_001936.jpg,0
ppeneg_construction-ppe_001993.jpg,0
ppeneg_construction-ppe_000155.jpg,0
ppeneg_construction-ppe_001784.jpg,0
ppeneg_construction-ppe_000064.jpg,0
ppeneg_construction-ppe_000823.jpg,0
ppeneg_construction-ppe_000622.jpg,0
ppeneg_construction-ppe_001079.jpg,0
ppeneg_construction-ppe_001021.jpg,0
ppeneg_construction-ppe_001228.jpg,0
ppeneg_construction-ppe_001927.jpg,0
ppeneg_construction-ppe_002015.jpg,0
ppeneg_construction-ppe_001878.jpg,0
ppeneg_construction-ppe_001224.jpg,0
ppeneg_construction-ppe_000542.jpg,0
ppeneg_construction-ppe_000422.jpg,0
ppeneg_construction-ppe_000120.jpg,0
ppeneg_construction-ppe_000365.jpg,0
ppeneg_construction-ppe_001243.jpg,0
ppeneg_construction-ppe_000803.jpg,0
ppeneg_construction-ppe_001537.jpg,0
ppeneg_construction-ppe_001920.jpg,0
ppeneg_construction-ppe_002048.jpg,0
ppeneg_construction-ppe_000236.jpg,0
ppeneg_construction-ppe_000030.jpg,0
ppeneg_construction-ppe_001320.jpg,0
ppeneg_construction-ppe_000448.jpg,0
ppeneg_construction-ppe_001476.jpg,0
ppeneg_construction-ppe_001532.jpg,0
ppeneg_construction-ppe_000724.jpg,0
ppeneg_construction-ppe_000208.jpg,0
ppeneg_construction-ppe_000295.jpg,0
ppeneg_construction-ppe_001093.jpg,0
ppeneg_construction-ppe_000457.jpg,0
ppeneg_construction-ppe_002041.jpg,0
ppeneg_construction-ppe_001775.jpg,0
ppeneg_construction-ppe_000556.jpg,0
ppeneg_construction-ppe_000913.jpg,0
ppeneg_construction-ppe_001880.jpg,0
ppeneg_construction-ppe_000163.jpg,0
ppeneg_construction-ppe_001314.jpg,0
ppeneg_construction-ppe_000554.jpg,0
ppeneg_construction-ppe_002210.jpg,0
ppeneg_construction-ppe_000207.jpg,0
ppeneg_construction-ppe_002215.jpg,0
ppeneg_construction-ppe_000688.jpg,0
ppeneg_construction-ppe_000909.jpg,0
ppeneg_construction-ppe_001218.jpg,0
ppeneg_construction-ppe_002155.jpg,0
ppeneg_construction-ppe_000157.jpg,0
ppeneg_construction-ppe_001157.jpg,0
ppeneg_construction-ppe_001720.jpg,0
ppeneg_construction-ppe_002112.jpg,0
ppeneg_construction-ppe_002033.jpg,0
ppeneg_construction-ppe_001749.jpg,0
ppeneg_construction-ppe_000830.jpg,0
ppeneg_construction-ppe_001534.jpg,0
ppeneg_construction-ppe_000361.jpg,0
ppeneg_construction-ppe_000732.jpg,0
ppeneg_construction-ppe_001343.jpg,0
ppeneg_construction-ppe_002000.jpg,0
ppeneg_construction-ppe_002237.jpg,0
ppeneg_construction-ppe_001669.jpg,0
ppeneg_construction-ppe_000969.jpg,0
ppeneg_construction-ppe_001674.jpg,0
ppeneg_construction-ppe_000893.jpg,0
ppeneg_construction-ppe_002111.jpg,0
ppeneg_construction-ppe_001374.jpg,0
ppeneg_construction-ppe_000699.jpg,0
ppeneg_construction-ppe_000901.jpg,0
ppeneg_construction-ppe_001119.jpg,0
ppeneg_construction-ppe_000551.jpg,0
ppeneg_construction-ppe_001541.jpg,0
ppeneg_construction-ppe_001173.jpg,0
ppeneg_construction-ppe_000160.jpg,0
ppeneg_construction-ppe_000253.jpg,0
ppeneg_construction-ppe_000012.jpg,0
ppeneg_construction-ppe_000673.jpg,0
ppeneg_construction-ppe_000499.jpg,0
ppeneg_construction-ppe_002102.jpg,0
ppeneg_construction-ppe_000425.jpg,0
ppeneg_construction-ppe_000911.jpg,0
ppeneg_construction-ppe_000660.jpg,0
ppeneg_construction-ppe_001152.jpg,0
ppeneg_construction-ppe_000235.jpg,0
ppeneg_construction-ppe_000150.jpg,0
ppeneg_construction-ppe_000130.jpg,0
ppeneg_construction-ppe_001783.jpg,0
ppeneg_construction-ppe_001474.jpg,0
ppeneg_construction-ppe_000497.jpg,0
ppeneg_construction-ppe_001724.jpg,0
ppeneg_construction-ppe_000826.jpg,0
ppeneg_construction-ppe_000084.jpg,0
ppeneg_construction-ppe_001261.jpg,0
ppeneg_construction-ppe_000376.jpg,0
ppeneg_construction-ppe_000591.jpg,0
ppeneg_construction-ppe_001189.jpg,0
ppeneg_construction-ppe_002222.jpg,0
ppeneg_construction-ppe_001585.jpg,0
ppeneg_construction-ppe_000697.jpg,0
ppeneg_construction-ppe_000952.jpg,0
ppeneg_construction-ppe_001867.jpg,0
ppeneg_construction-ppe_000430.jpg,0
ppeneg_construction-ppe_000820.jpg,0
ppeneg_construction-ppe_001797.jpg,0
ppeneg_construction-ppe_001092.jpg,0
ppeneg_construction-ppe_001940.jpg,0
ppeneg_construction-ppe_001517.jpg,0
ppeneg_construction-ppe_002085.jpg,0
ppeneg_construction-ppe_001568.jpg,0
ppeneg_construction-ppe_001637.jpg,0
ppeneg_construction-ppe_002019.jpg,0
ppeneg_construction-ppe_002132.jpg,0
ppeneg_construction-ppe_001845.jpg,0
ppeneg_construction-ppe_000458.jpg,0
ppeneg_construction-ppe_000929.jpg,0
ppeneg_construction-ppe_000083.jpg,0
ppeneg_construction-ppe_001230.jpg,0
ppeneg_construction-ppe_001339.jpg,0
ppeneg_construction-ppe_000848.jpg,0
ppeneg_construction-ppe_000711.jpg,0
ppeneg_construction-ppe_001502.jpg,0
ppeneg_construction-ppe_001118.jpg,0
ppeneg_construction-ppe_001721.jpg,0
ppeneg_construction-ppe_002089.jpg,0
ppeneg_construction-ppe_000853.jpg,0
ppeneg_construction-ppe_000809.jpg,0
ppeneg_construction-ppe_001815.jpg,0
ppeneg_construction-ppe_000369.jpg,0
ppeneg_construction-ppe_001729.jpg,0
ppeneg_construction-ppe_000101.jpg,0
ppeneg_construction-ppe_000590.jpg,0
ppeneg_construction-ppe_001570.jpg,0
ppeneg_construction-ppe_001099.jpg,0
ppeneg_construction-ppe_000211.jpg,0
ppeneg_construction-ppe_001709.jpg,0
ppeneg_construction-ppe_001693.jpg,0
ppeneg_construction-ppe_000473.jpg,0
ppeneg_construction-ppe_002159.jpg,0
ppeneg_construction-ppe_002056.jpg,0
ppeneg_construction-ppe_000992.jpg,0
ppeneg_construction-ppe_000908.jpg,0
ppeneg_construction-ppe_002078.jpg,0
ppeneg_construction-ppe_000558.jpg,0
ppeneg_construction-ppe_001944.jpg,0
ppeneg_construction-ppe_000759.jpg,0
ppeneg_construction-ppe_000905.jpg,0
ppeneg_construction-ppe_002183.jpg,0
ppeneg_construction-ppe_000963.jpg,0
ppeneg_construction-ppe_000931.jpg,0
ppeneg_construction-ppe_002034.jpg,0
ppeneg_construction-ppe_001191.jpg,0
ppeneg_construction-ppe_000274.jpg,0
ppeneg_construction-ppe_000581.jpg,0
ppeneg_construction-ppe_001186.jpg,0
ppeneg_construction-ppe_000734.jpg,0
ppeneg_construction-ppe_001656.jpg,0
ppeneg_construction-ppe_000258.jpg,0
ppeneg_construction-ppe_000342.jpg,0
ppeneg_construction-ppe_000941.jpg,0
ppeneg_construction-ppe_001312.jpg,0
ppeneg_construction-ppe_001259.jpg,0
ppeneg_construction-ppe_000349.jpg,0
ppeneg_construction-ppe_002145.jpg,0
ppeneg_construction-ppe_000690.jpg,0
ppeneg_construction-ppe_001017.jpg,0
ppeneg_construction-ppe_000238.jpg,0
ppeneg_construction-ppe_001419.jpg,0
ppeneg_construction-ppe_000147.jpg,0
ppeneg_construction-ppe_001756.jpg,0
ppeneg_construction-ppe_000452.jpg,0
ppeneg_construction-ppe_001914.jpg,0
ppeneg_construction-ppe_001505.jpg,0
ppeneg_construction-ppe_002232.jpg,0
ppeneg_construction-ppe_001549.jpg,0
ppeneg_construction-ppe_002037.jpg,0
ppeneg_construction-ppe_001187.jpg,0
ppeneg_construction-ppe_000249.jpg,0
ppeneg_construction-ppe_001905.jpg,0
ppeneg_construction-ppe_001602.jpg,0
ppeneg_construction-ppe_001008.jpg,0
ppeneg_construction-ppe_001992.jpg,0
ppeneg_construction-ppe_001447.jpg,0
ppeneg_construction-ppe_001226.jpg,0
ppeneg_construction-ppe_001560.jpg,0
ppeneg_construction-ppe_000131.jpg,0
ppeneg_construction-ppe_001016.jpg,0
ppeneg_construction-ppe_001178.jpg,0
ppeneg_construction-ppe_000698.jpg,0
ppeneg_construction-ppe_000632.jpg,0
ppeneg_construction-ppe_000318.jpg,0
ppeneg_construction-ppe_001316.jpg,0
ppeneg_construction-ppe_000459.jpg,0
ppeneg_construction-ppe_000057.jpg,0
ppeneg_construction-ppe_000916.jpg,0
ppeneg_construction-ppe_001151.jpg,0
ppeneg_construction-ppe_000904.jpg,0
ppeneg_construction-ppe_000736.jpg,0
ppeneg_construction-ppe_001860.jpg,0
ppeneg_construction-ppe_002171.jpg,0
ppeneg_construction-ppe_001949.jpg,0
ppeneg_construction-ppe_000944.jpg,0
ppeneg_construction-ppe_001195.jpg,0
ppeneg_construction-ppe_000398.jpg,0
ppeneg_construction-ppe_000867.jpg,0
ppeneg_construction-ppe_001678.jpg,0
ppeneg_construction-ppe_000104.jpg,0
ppeneg_construction-ppe_000535.jpg,0
ppeneg_construction-ppe_001521.jpg,0
ppeneg_construction-ppe_002174.jpg,0
ppeneg_construction-ppe_000424.jpg,0
ppeneg_construction-ppe_000285.jpg,0
ppeneg_construction-ppe_001179.jpg,0
ppeneg_construction-ppe_001655.jpg,0
ppeneg_construction-ppe_001995.jpg,0
ppeneg_construction-ppe_001576.jpg,0
ppeneg_construction-ppe_001380.jpg,0
ppeneg_construction-ppe_001761.jpg,0
ppeneg_construction-ppe_000958.jpg,0
ppeneg_construction-ppe_002045.jpg,0
ppeneg_construction-ppe_001298.jpg,0
ppeneg_construction-ppe_002158.jpg,0
ppeneg_construction-ppe_001192.jpg,0
ppeneg_construction-ppe_001311.jpg,0
ppeneg_construction-ppe_002170.jpg,0
ppeneg_construction-ppe_001166.jpg,0
ppeneg_construction-ppe_000199.jpg,0
ppeneg_construction-ppe_000047.jpg,0
ppeneg_construction-ppe_000700.jpg,0
ppeneg_construction-ppe_000938.jpg,0
ppeneg_construction-ppe_001031.jpg,0
ppeneg_construction-ppe_002177.jpg,0
ppeneg_construction-ppe_000910.jpg,0
ppeneg_construction-ppe_000738.jpg,0
ppeneg_construction-ppe_001443.jpg,0
ppeneg_construction-ppe_000224.jpg,0
ppeneg_construction-ppe_002007.jpg,0
ppeneg_construction-ppe_001957.jpg,0
ppeneg_construction-ppe_000149.jpg,0
ppeneg_construction-ppe_002236.jpg,0
ppeneg_construction-ppe_001413.jpg,0
ppeneg_construction-ppe_002181.jpg,0
ppeneg_construction-ppe_000594.jpg,0
ppeneg_construction-ppe_001315.jpg,0
ppeneg_construction-ppe_001123.jpg,0
ppeneg_construction-ppe_000593.jpg,0
ppeneg_construction-ppe_001803.jpg,0
ppeneg_construction-ppe_001135.jpg,0
ppeneg_construction-ppe_000051.jpg,0
ppeneg_construction-ppe_000612.jpg,0
ppeneg_construction-ppe_001342.jpg,0
ppeneg_construction-ppe_000670.jpg,0
ppeneg_construction-ppe_002061.jpg,0
ppeneg_construction-ppe_000758.jpg,0
ppeneg_construction-ppe_000266.jpg,0
ppeneg_construction-ppe_001494.jpg,0
ppeneg_construction-ppe_000505.jpg,0
ppeneg_construction-ppe_000636.jpg,0
ppeneg_construction-ppe_001692.jpg,0
ppeneg_construction-ppe_000061.jpg,0
ppeneg_construction-ppe_001215.jpg,0
ppeneg_construction-ppe_001330.jpg,0
ppeneg_construction-ppe_002071.jpg,0
ppeneg_construction-ppe_000918.jpg,0
ppeneg_construction-ppe_001607.jpg,0
ppeneg_construction-ppe_000145.jpg,0
ppeneg_construction-ppe_000950.jpg,0
ppeneg_construction-ppe_000426.jpg,0
ppeneg_construction-ppe_002032.jpg,0
ppeneg_construction-ppe_000018.jpg,0
ppeneg_construction-ppe_001662.jpg,0
ppeneg_construction-ppe_000845.jpg,0
ppeneg_construction-ppe_001601.jpg,0
ppeneg_construction-ppe_001313.jpg,0
ppeneg_construction-ppe_001498.jpg,0
ppeneg_construction-ppe_001890.jpg,0
ppeneg_construction-ppe_000635.jpg,0
ppeneg_construction-ppe_000114.jpg,0
ppeneg_construction-ppe_001081.jpg,0
ppeneg_construction-ppe_000650.jpg,0
ppeneg_construction-ppe_001262.jpg,0
ppeneg_construction-ppe_001000.jpg,0
ppeneg_construction-ppe_000677.jpg,0
ppeneg_construction-ppe_001190.jpg,0
ppeneg_construction-ppe_001627.jpg,0
ppeneg_construction-ppe_001706.jpg,0
ppeneg_construction-ppe_000223.jpg,0
ppeneg_construction-ppe_001227.jpg,0
ppeneg_construction-ppe_000175.jpg,0
ppeneg_construction-ppe_001022.jpg,0
ppeneg_construction-ppe_001857.jpg,0
ppeneg_construction-ppe_001341.jpg,0
ppeneg_construction-ppe_001767.jpg,0
ppeneg_construction-ppe_001416.jpg,0
ppeneg_construction-ppe_001066.jpg,0
ppeneg_construction-ppe_000864.jpg,0
ppeneg_construction-ppe_001470.jpg,0
ppeneg_construction-ppe_000413.jpg,0
ppeneg_construction-ppe_001072.jpg,0
ppeneg_construction-ppe_001782.jpg,0
ppeneg_construction-ppe_002063.jpg,0
ppeneg_construction-ppe_001852.jpg,0
ppeneg_construction-ppe_000639.jpg,0
ppeneg_construction-ppe_000414.jpg,0
ppeneg_construction-ppe_002028.jpg,0
ppeneg_construction-ppe_001946.jpg,0
ppeneg_construction-ppe_000039.jpg,0
ppeneg_construction-ppe_001896.jpg,0
ppeneg_construction-ppe_001127.jpg,0
ppeneg_construction-ppe_002107.jpg,0
ppeneg_construction-ppe_000703.jpg,0
ppeneg_construction-ppe_001620.jpg,0
ppeneg_construction-ppe_001931.jpg,0
ppeneg_construction-ppe_001050.jpg,0
ppeneg_construction-ppe_000478.jpg,0
ppeneg_construction-ppe_001208.jpg,0
ppeneg_construction-ppe_000279.jpg,0
ppeneg_construction-ppe_001421.jpg,0
ppeneg_construction-ppe_000896.jpg,0
ppeneg_construction-ppe_000565.jpg,0
ppeneg_construction-ppe_001906.jpg,0
ppeneg_construction-ppe_000630.jpg,0
ppeneg_construction-ppe_001036.jpg,0
ppeneg_construction-ppe_000468.jpg,0
ppeneg_construction-ppe_001811.jpg,0
ppeneg_construction-ppe_000280.jpg,0
ppeneg_construction-ppe_001258.jpg,0
ppeneg_construction-ppe_000781.jpg,0
ppeneg_construction-ppe_001787.jpg,0
ppeneg_construction-ppe_000404.jpg,0
ppeneg_construction-ppe_001699.jpg,0
ppeneg_construction-ppe_000576.jpg,0
ppeneg_construction-ppe_000841.jpg,0
ppeneg_construction-ppe_001980.jpg,0
ppeneg_construction-ppe_000331.jpg,0
ppeneg_construction-ppe_001337.jpg,0
ppeneg_construction-ppe_001148.jpg,0
ppeneg_construction-ppe_000664.jpg,0
ppeneg_construction-ppe_001702.jpg,0
ppeneg_construction-ppe_001744.jpg,0
ppeneg_construction-ppe_001746.jpg,0
ppeneg_construction-ppe_001392.jpg,0
ppeneg_construction-ppe_001352.jpg,0
ppeneg_construction-ppe_000103.jpg,0
ppeneg_construction-ppe_000008.jpg,0
ppeneg_construction-ppe_000765.jpg,0
ppeneg_construction-ppe_001552.jpg,0
ppeneg_construction-ppe_000337.jpg,0
ppeneg_construction-ppe_000237.jpg,0
ppeneg_construction-ppe_000189.jpg,0
ppeneg_construction-ppe_000537.jpg,0
ppeneg_construction-ppe_002060.jpg,0
ppeneg_construction-ppe_001695.jpg,0
ppeneg_construction-ppe_001194.jpg,0
ppeneg_construction-ppe_000533.jpg,0
ppeneg_construction-ppe_001150.jpg,0
ppeneg_construction-ppe_000346.jpg,0
ppeneg_construction-ppe_000118.jpg,0
ppeneg_construction-ppe_000726.jpg,0
ppeneg_construction-ppe_000469.jpg,0
ppeneg_construction-ppe_000146.jpg,0
ppeneg_construction-ppe_002016.jpg,0
ppeneg_construction-ppe_001084.jpg,0
ppeneg_construction-ppe_001516.jpg,0
ppeneg_construction-ppe_001704.jpg,0
ppeneg_construction-ppe_000005.jpg,0
ppeneg_construction-ppe_001306.jpg,0
ppeneg_construction-ppe_001680.jpg,0
ppeneg_construction-ppe_000242.jpg,0
ppeneg_construction-ppe_000315.jpg,0
ppeneg_construction-ppe_000986.jpg,0
ppeneg_construction-ppe_000802.jpg,0
ppeneg_construction-ppe_001763.jpg,0
ppeneg_construction-ppe_001991.jpg,0
ppeneg_construction-ppe_001818.jpg,0
ppeneg_construction-ppe_000437.jpg,0
ppeneg_construction-ppe_001913.jpg,0
ppeneg_construction-ppe_000652.jpg,0
ppeneg_construction-ppe_000875.jpg,0
ppeneg_construction-ppe_001666.jpg,0
ppeneg_construction-ppe_001965.jpg,0
ppeneg_construction-ppe_000431.jpg,0
ppeneg_construction-ppe_001001.jpg,0
ppeneg_construction-ppe_001610.jpg,0
ppeneg_construction-ppe_001477.jpg,0
ppeneg_construction-ppe_002105.jpg,0
ppeneg_construction-ppe_000752.jpg,0
ppeneg_construction-ppe_001688.jpg,0
ppeneg_construction-ppe_001994.jpg,0
ppeneg_construction-ppe_001591.jpg,0
ppeneg_construction-ppe_000716.jpg,0
ppeneg_construction-ppe_000447.jpg,0
ppeneg_construction-ppe_002003.jpg,0
ppeneg_construction-ppe_000656.jpg,0
ppeneg_construction-ppe_001645.jpg,0
ppeneg_construction-ppe_001959.jpg,0
ppeneg_construction-ppe_000187.jpg,0
ppeneg_construction-ppe_000812.jpg,0
ppeneg_construction-ppe_000562.jpg,0
ppeneg_construction-ppe_000516.jpg,0
ppeneg_construction-ppe_001125.jpg,0
ppeneg_construction-ppe_001884.jpg,0
ppeneg_construction-ppe_001055.jpg,0
ppeneg_construction-ppe_001765.jpg,0
ppeneg_construction-ppe_001273.jpg,0
ppeneg_construction-ppe_001020.jpg,0
ppeneg_construction-ppe_000392.jpg,0
ppeneg_construction-ppe_001691.jpg,0
ppeneg_construction-ppe_001841.jpg,0
ppeneg_construction-ppe_000048.jpg,0
ppeneg_construction-ppe_001181.jpg,0
ppeneg_construction-ppe_002175.jpg,0
ppeneg_construction-ppe_000165.jpg,0
ppeneg_construction-ppe_000642.jpg,0
ppeneg_construction-ppe_001824.jpg,0
ppeneg_construction-ppe_002128.jpg,0
ppeneg_construction-ppe_001808.jpg,0
ppeneg_construction-ppe_000493.jpg,0
ppeneg_construction-ppe_001096.jpg,0
ppeneg_construction-ppe_001268.jpg,0
ppeneg_construction-ppe_000946.jpg,0
ppeneg_construction-ppe_001839.jpg,0
ppeneg_construction-ppe_000745.jpg,0
ppeneg_construction-ppe_000443.jpg,0
ppeneg_construction-ppe_000949.jpg,0
ppeneg_construction-ppe_000322.jpg,0
ppeneg_construction-ppe_001344.jpg,0
ppeneg_construction-ppe_001522.jpg,0
ppeneg_construction-ppe_000906.jpg,0
ppeneg_construction-ppe_000530.jpg,0
ppeneg_construction-ppe_001025.jpg,0
ppeneg_construction-ppe_001353.jpg,0
ppeneg_construction-ppe_000304.jpg,0
ppeneg_construction-ppe_000795.jpg,0
ppeneg_construction-ppe_001058.jpg,0
ppeneg_construction-ppe_001240.jpg,0
ppeneg_construction-ppe_000042.jpg,0
ppeneg_construction-ppe_000775.jpg,0
ppeneg_construction-ppe_000226.jpg,0
ppeneg_construction-ppe_000419.jpg,0
ppeneg_construction-ppe_000301.jpg,0
ppeneg_construction-ppe_000229.jpg,0
ppeneg_construction-ppe_000201.jpg,0
ppeneg_construction-ppe_001956.jpg,0
ppeneg_construction-ppe_000073.jpg,0
ppeneg_construction-ppe_000491.jpg,0
ppeneg_construction-ppe_001986.jpg,0
ppeneg_construction-ppe_001877.jpg,0
ppeneg_construction-ppe_001950.jpg,0
ppeneg_construction-ppe_001855.jpg,0
ppeneg_construction-ppe_001854.jpg,0
ppeneg_construction-ppe_000403.jpg,0
ppeneg_construction-ppe_000381.jpg,0
ppeneg_construction-ppe_000966.jpg,0
ppeneg_construction-ppe_001873.jpg,0
ppeneg_construction-ppe_001526.jpg,0
ppeneg_construction-ppe_000659.jpg,0
ppeneg_construction-ppe_002126.jpg,0
ppeneg_construction-ppe_000184.jpg,0
ppeneg_construction-ppe_001370.jpg,0
ppeneg_construction-ppe_001171.jpg,0
ppeneg_construction-ppe_000827.jpg,0
ppeneg_construction-ppe_001810.jpg,0
ppeneg_construction-ppe_000994.jpg,0
ppeneg_construction-ppe_000483.jpg,0
ppeneg_construction-ppe_001664.jpg,0
ppeneg_construction-ppe_001131.jpg,0
ppeneg_construction-ppe_001448.jpg,0
ppeneg_construction-ppe_001865.jpg,0
ppeneg_construction-ppe_000847.jpg,0
ppeneg_construction-ppe_002176.jpg,0
ppeneg_construction-ppe_001530.jpg,0
ppeneg_construction-ppe_001400.jpg,0
ppeneg_construction-ppe_000133.jpg,0
ppeneg_construction-ppe_002143.jpg,0
ppeneg_construction-ppe_001922.jpg,0
ppeneg_construction-ppe_000267.jpg,0
ppeneg_construction-ppe_001098.jpg,0
ppeneg_construction-ppe_001037.jpg,0
ppeneg_construction-ppe_000768.jpg,0
ppeneg_construction-ppe_002087.jpg,0
ppeneg_construction-ppe_001382.jpg,0
ppeneg_construction-ppe_000686.jpg,0
ppeneg_construction-ppe_000115.jpg,0
ppeneg_construction-ppe_001005.jpg,0
ppeneg_construction-ppe_001158.jpg,0
ppeneg_construction-ppe_001414.jpg,0
ppeneg_construction-ppe_001609.jpg,0
ppeneg_construction-ppe_001105.jpg,0
ppeneg_construction-ppe_000816.jpg,0
ppeneg_construction-ppe_000138.jpg,0
ppeneg_construction-ppe_002244.jpg,0
ppeneg_construction-ppe_001903.jpg,0
ppeneg_construction-ppe_001270.jpg,0
ppeneg_construction-ppe_000719.jpg,0
ppeneg_construction-ppe_000517.jpg,0
ppeneg_construction-ppe_000531.jpg,0
ppeneg_construction-ppe_000787.jpg,0
ppeneg_construction-ppe_000441.jpg,0
ppeneg_construction-ppe_000527.jpg,0
ppeneg_construction-ppe_000213.jpg,0
ppeneg_construction-ppe_001431.jpg,0
ppeneg_construction-ppe_001895.jpg,0
ppeneg_construction-ppe_001318.jpg,0
ppeneg_construction-ppe_000129.jpg,0
ppeneg_construction-ppe_000701.jpg,0
ppeneg_construction-ppe_000648.jpg,0
ppeneg_construction-ppe_000707.jpg,0
ppeneg_construction-ppe_002188.jpg,0
ppeneg_construction-ppe_000696.jpg,0
ppeneg_construction-ppe_001586.jpg,0
ppeneg_construction-ppe_001737.jpg,0
ppeneg_construction-ppe_000782.jpg,0
ppeneg_construction-ppe_000098.jpg,0
ppeneg_construction-ppe_000871.jpg,0
ppeneg_construction-ppe_001441.jpg,0
ppeneg_construction-ppe_000044.jpg,0
ppeneg_construction-ppe_000968.jpg,0
ppeneg_construction-ppe_000731.jpg,0
ppeneg_construction-ppe_001207.jpg,0
ppeneg_construction-ppe_000933.jpg,0
ppeneg_construction-ppe_001632.jpg,0
ppeneg_construction-ppe_000917.jpg,0
ppeneg_construction-ppe_001197.jpg,0
ppeneg_construction-ppe_000094.jpg,0
ppeneg_construction-ppe_000243.jpg,0
ppeneg_construction-ppe_000723.jpg,0
ppeneg_construction-ppe_001304.jpg,0
ppeneg_construction-ppe_001500.jpg,0
ppeneg_construction-ppe_000657.jpg,0
ppeneg_construction-ppe_001004.jpg,0
ppeneg_construction-ppe_002234.jpg,0
ppeneg_construction-ppe_000792.jpg,0
ppeneg_construction-ppe_000951.jpg,0
ppeneg_construction-ppe_001424.jpg,0
ppeneg_construction-ppe_000967.jpg,0
ppeneg_construction-ppe_002069.jpg,0
ppeneg_construction-ppe_001981.jpg,0
ppeneg_construction-ppe_000010.jpg,0
ppeneg_construction-ppe_000004.jpg,0
ppeneg_construction-ppe_002023.jpg,0
ppeneg_construction-ppe_002012.jpg,0
ppeneg_construction-ppe_002129.jpg,0
ppeneg_construction-ppe_001622.jpg,0
ppeneg_construction-ppe_000566.jpg,0
ppeneg_construction-ppe_001538.jpg,0
ppeneg_construction-ppe_000151.jpg,0
ppeneg_construction-ppe_000482.jpg,0
ppeneg_construction-ppe_000729.jpg,0
ppeneg_construction-ppe_000179.jpg,0
ppeneg_construction-ppe_001705.jpg,0
ppeneg_construction-ppe_000359.jpg,0
ppeneg_construction-ppe_002169.jpg,0
ppeneg_construction-ppe_000661.jpg,0
ppeneg_construction-ppe_001249.jpg,0
ppeneg_construction-ppe_000308.jpg,0
ppeneg_construction-ppe_002235.jpg,0
ppeneg_construction-ppe_000027.jpg,0
ppeneg_construction-ppe_000234.jpg,0
ppeneg_construction-ppe_001362.jpg,0
ppeneg_construction-ppe_000608.jpg,0
ppeneg_construction-ppe_001641.jpg,0
ppeneg_construction-ppe_001422.jpg,0
ppeneg_construction-ppe_001238.jpg,0
ppeneg_construction-ppe_002208.jpg,0
ppeneg_construction-ppe_000682.jpg,0
ppeneg_construction-ppe_001686.jpg,0
ppeneg_construction-ppe_001396.jpg,0
ppeneg_construction-ppe_002013.jpg,0
ppeneg_construction-ppe_001297.jpg,0
ppeneg_construction-ppe_000466.jpg,0
ppeneg_construction-ppe_001816.jpg,0
ppeneg_construction-ppe_000880.jpg,0
ppeneg_construction-ppe_001907.jpg,0
ppeneg_construction-ppe_001236.jpg,0
ppeneg_construction-ppe_001661.jpg,0
ppeneg_construction-ppe_001842.jpg,0
ppeneg_construction-ppe_000132.jpg,0
ppeneg_construction-ppe_001726.jpg,0
ppeneg_construction-ppe_000239.jpg,0
ppeneg_construction-ppe_000770.jpg,0
ppeneg_construction-ppe_002230.jpg,0
ppeneg_construction-ppe_001605.jpg,0
ppeneg_construction-ppe_000654.jpg,0
ppeneg_construction-ppe_000428.jpg,0
ppeneg_construction-ppe_000934.jpg,0
ppeneg_construction-ppe_000374.jpg,0
ppeneg_construction-ppe_000123.jpg,0
ppeneg_construction-ppe_001321.jpg,0
ppeneg_construction-ppe_002137.jpg,0
ppeneg_construction-ppe_000509.jpg,0
ppeneg_construction-ppe_002199.jpg,0
ppeneg_construction-ppe_000714.jpg,0
ppeneg_construction-ppe_001760.jpg,0
ppeneg_construction-ppe_000174.jpg,0
ppeneg_construction-ppe_002021.jpg,0
ppeneg_construction-ppe_001083.jpg,0
ppeneg_construction-ppe_000477.jpg,0
ppeneg_construction-ppe_001106.jpg,0
ppeneg_construction-ppe_002156.jpg,0
ppeneg_construction-ppe_000794.jpg,0
ppeneg_construction-ppe_001103.jpg,0
ppeneg_construction-ppe_001418.jpg,0
ppeneg_construction-ppe_001075.jpg,0
ppeneg_construction-ppe_001064.jpg,0
ppeneg_construction-ppe_002076.jpg,0
ppeneg_construction-ppe_001351.jpg,0
ppeneg_construction-ppe_001614.jpg,0
ppeneg_construction-ppe_000605.jpg,0
ppeneg_construction-ppe_000585.jpg,0
ppeneg_construction-ppe_000288.jpg,0
ppeneg_construction-ppe_000096.jpg,0
ppeneg_construction-ppe_000036.jpg,0
ppeneg_construction-ppe_000188.jpg,0
ppeneg_construction-ppe_001101.jpg,0
ppeneg_construction-ppe_001984.jpg,0
ppeneg_construction-ppe_000501.jpg,0
ppeneg_construction-ppe_001323.jpg,0
ppeneg_construction-ppe_000075.jpg,0
ppeneg_construction-ppe_001757.jpg,0
ppeneg_construction-ppe_001871.jpg,0
ppeneg_construction-ppe_001876.jpg,0
ppeneg_construction-ppe_000167.jpg,0
ppeneg_construction-ppe_000921.jpg,0
ppeneg_construction-ppe_000805.jpg,0
ppeneg_construction-ppe_000737.jpg,0
ppeneg_construction-ppe_000026.jpg,0
ppeneg_construction-ppe_001221.jpg,0
ppeneg_construction-ppe_000563.jpg,0
ppeneg_construction-ppe_002211.jpg,0
ppeneg_construction-ppe_001652.jpg,0
ppeneg_construction-ppe_002094.jpg,0
ppeneg_construction-ppe_002096.jpg,0
ppeneg_construction-ppe_000774.jpg,0
ppeneg_construction-ppe_000973.jpg,0
ppeneg_construction-ppe_000611.jpg,0
ppeneg_construction-ppe_001039.jpg,0
ppeneg_construction-ppe_000088.jpg,0
ppeneg_construction-ppe_000852.jpg,0
ppeneg_construction-ppe_000616.jpg,0
ppeneg_construction-ppe_000176.jpg,0
ppeneg_construction-ppe_001543.jpg,0
ppeneg_construction-ppe_000761.jpg,0
ppeneg_construction-ppe_000481.jpg,0
ppeneg_construction-ppe_001583.jpg,0
ppeneg_construction-ppe_000692.jpg,0
ppeneg_construction-ppe_000436.jpg,0
ppeneg_construction-ppe_001813.jpg,0
ppeneg_construction-ppe_000025.jpg,0
ppeneg_construction-ppe_000503.jpg,0
ppeneg_construction-ppe_002136.jpg,0
ppeneg_construction-ppe_001032.jpg,0
ppeneg_construction-ppe_000222.jpg,0
ppeneg_construction-ppe_002114.jpg,0
ppeneg_construction-ppe_000343.jpg,0
ppeneg_construction-ppe_000001.jpg,0
ppeneg_construction-ppe_000350.jpg,0
ppeneg_construction-ppe_000289.jpg,0
ppeneg_construction-ppe_001467.jpg,0
ppeneg_construction-ppe_001892.jpg,0
ppeneg_construction-ppe_000996.jpg,0
ppeneg_construction-ppe_001193.jpg,0
ppeneg_construction-ppe_000637.jpg,0
ppeneg_construction-ppe_000400.jpg,0
ppeneg_construction-ppe_001162.jpg,0
ppeneg_construction-ppe_000617.jpg,0
ppeneg_construction-ppe_002026.jpg,0
ppeneg_construction-ppe_001701.jpg,0
ppeneg_construction-ppe_001331.jpg,0
ppeneg_construction-ppe_002058.jpg,0
ppeneg_construction-ppe_000965.jpg,0
ppeneg_construction-ppe_000463.jpg,0
ppeneg_construction-ppe_001345.jpg,0
ppeneg_construction-ppe_000215.jpg,0
ppeneg_construction-ppe_000086.jpg,0
ppeneg_construction-ppe_001172.jpg,0
ppeneg_construction-ppe_001496.jpg,0
ppeneg_construction-ppe_001673.jpg,0
ppeneg_construction-ppe_000725.jpg,0
ppeneg_construction-ppe_000347.jpg,0
ppeneg_construction-ppe_001381.jpg,0
ppeneg_construction-ppe_000286.jpg,0
ppeneg_construction-ppe_000325.jpg,0
ppeneg_construction-ppe_001866.jpg,0
ppeneg_construction-ppe_000265.jpg,0
ppeneg_construction-ppe_001567.jpg,0
ppeneg_construction-ppe_001290.jpg,0
ppeneg_construction-ppe_000380.jpg,0
ppeneg_construction-ppe_000034.jpg,0
ppeneg_construction-ppe_002142.jpg,0
ppeneg_construction-ppe_001034.jpg,0
ppeneg_construction-ppe_001535.jpg,0
ppeneg_construction-ppe_000232.jpg,0
ppeneg_construction-ppe_000310.jpg,0
ppeneg_construction-ppe_000786.jpg,0
ppeneg_construction-ppe_001111.jpg,0
ppeneg_construction-ppe_001176.jpg,0
ppeneg_construction-ppe_001244.jpg,0
ppeneg_construction-ppe_000646.jpg,0
ppeneg_construction-ppe_000248.jpg,0
ppeneg_construction-ppe_001732.jpg,0
ppeneg_construction-ppe_000614.jpg,0
ppeneg_construction-ppe_000095.jpg,0
ppeneg_construction-ppe_002223.jpg,0
ppeneg_construction-ppe_001182.jpg,0
ppeneg_construction-ppe_000455.jpg,0
ppeneg_construction-ppe_001136.jpg,0
ppeneg_construction-ppe_001049.jpg,0
ppeneg_construction-ppe_002080.jpg,0
ppeneg_construction-ppe_001933.jpg,0
ppeneg_construction-ppe_001003.jpg,0
ppeneg_construction-ppe_000471.jpg,0
ppeneg_construction-ppe_001745.jpg,0
ppeneg_construction-ppe_002108.jpg,0
ppeneg_construction-ppe_000352.jpg,0
ppeneg_construction-ppe_001142.jpg,0
ppeneg_construction-ppe_000850.jpg,0
ppeneg_construction-ppe_001354.jpg,0
ppeneg_construction-ppe_002113.jpg,0
ppeneg_construction-ppe_000592.jpg,0
ppeneg_construction-ppe_001814.jpg,0
ppeneg_construction-ppe_000382.jpg,0
ppeneg_construction-ppe_000082.jpg,0
ppeneg_construction-ppe_001445.jpg,0
ppeneg_construction-ppe_001265.jpg,0
ppeneg_construction-ppe_002221.jpg,0
ppeneg_construction-ppe_001407.jpg,0
ppeneg_construction-ppe_001091.jpg,0
ppeneg_construction-ppe_000743.jpg,0
ppeneg_construction-ppe_000705.jpg,0
ppeneg_construction-ppe_000173.jpg,0
ppeneg_construction-ppe_002110.jpg,0
ppeneg_construction-ppe_001812.jpg,0
ppeneg_construction-ppe_000835.jpg,0
ppeneg_construction-ppe_001121.jpg,0
ppeneg_construction-ppe_000810.jpg,0
ppeneg_construction-ppe_000712.jpg,0
ppeneg_construction-ppe_002050.jpg,0
ppeneg_construction-ppe_000402.jpg,0
ppeneg_construction-ppe_000538.jpg,0
ppeneg_construction-ppe_000387.jpg,0
ppeneg_construction-ppe_001383.jpg,0
ppeneg_construction-ppe_000272.jpg,0
ppeneg_construction-ppe_001340.jpg,0
ppeneg_construction-ppe_001725.jpg,0
ppeneg_construction-ppe_001349.jpg,0
ppeneg_construction-ppe_001759.jpg,0
ppeneg_construction-ppe_002030.jpg,0
ppeneg_construction-ppe_000959.jpg,0
ppeneg_construction-ppe_000628.jpg,0
ppeneg_construction-ppe_000297.jpg,0
ppeneg_construction-ppe_001916.jpg,0
ppeneg_construction-ppe_000543.jpg,0
ppeneg_construction-ppe_001872.jpg,0
ppeneg_construction-ppe_001682.jpg,0
ppeneg_construction-ppe_000872.jpg,0
ppeneg_construction-ppe_001843.jpg,0
ppeneg_construction-ppe_002039.jpg,0
ppeneg_construction-ppe_002062.jpg,0
ppeneg_construction-ppe_000351.jpg,0
ppeneg_construction-ppe_001714.jpg,0
ppeneg_construction-ppe_001563.jpg,0
ppeneg_construction-ppe_000885.jpg,0
ppeneg_construction-ppe_001638.jpg,0
ppeneg_construction-ppe_002154.jpg,0
ppeneg_construction-ppe_001829.jpg,0
ppeneg_construction-ppe_000142.jpg,0
ppeneg_construction-ppe_000603.jpg,0
ppeneg_construction-ppe_000269.jpg,0
ppeneg_construction-ppe_000291.jpg,0
ppeneg_construction-ppe_001087.jpg,0
ppeneg_construction-ppe_002043.jpg,0
ppeneg_construction-ppe_000500.jpg,0
ppeneg_construction-ppe_001822.jpg,0
ppeneg_construction-ppe_000870.jpg,0
ppeneg_construction-ppe_000462.jpg,0
ppeneg_construction-ppe_001617.jpg,0
ppeneg_construction-ppe_001035.jpg,0
ppeneg_construction-ppe_000936.jpg,0
ppeneg_construction-ppe_002233.jpg,0
ppeneg_construction-ppe_000975.jpg,0
ppeneg_construction-ppe_000710.jpg,0
ppeneg_construction-ppe_001347.jpg,0
ppeneg_construction-ppe_000405.jpg,0
ppeneg_construction-ppe_001295.jpg,0
ppeneg_construction-ppe_000837.jpg,0
ppeneg_construction-ppe_001115.jpg,0
ppeneg_construction-ppe_001282.jpg,0
ppeneg_construction-ppe_000079.jpg,0
ppeneg_construction-ppe_000489.jpg,0
ppeneg_construction-ppe_001603.jpg,0
ppeneg_construction-ppe_001918.jpg,0
ppeneg_construction-ppe_000442.jpg,0
ppeneg_construction-ppe_001899.jpg,0
ppeneg_construction-ppe_000877.jpg,0
ppeneg_construction-ppe_001508.jpg,0
ppeneg_construction-ppe_001439.jpg,0
ppeneg_construction-ppe_002115.jpg,0
ppeneg_construction-ppe_001420.jpg,0
ppeneg_construction-ppe_000644.jpg,0
ppeneg_construction-ppe_001958.jpg,0
ppeneg_construction-ppe_000296.jpg,0
ppeneg_construction-ppe_001952.jpg,0
ppeneg_construction-ppe_000080.jpg,0
ppeneg_construction-ppe_001388.jpg,0
ppeneg_construction-ppe_002204.jpg,0
ppeneg_construction-ppe_000678.jpg,0
ppeneg_construction-ppe_000779.jpg,0
ppeneg_construction-ppe_001465.jpg,0
ppeneg_construction-ppe_000358.jpg,0
ppeneg_construction-ppe_000857.jpg,0
ppeneg_construction-ppe_000162.jpg,0
ppeneg_construction-ppe_000766.jpg,0
ppeneg_construction-ppe_000122.jpg,0
ppeneg_construction-ppe_000085.jpg,0
ppeneg_construction-ppe_000183.jpg,0
ppeneg_construction-ppe_000395.jpg,0
ppeneg_construction-ppe_000072.jpg,0
ppeneg_construction-ppe_001271.jpg,0
ppeneg_construction-ppe_002138.jpg,0
ppeneg_construction-ppe_001979.jpg,0
ppeneg_construction-ppe_000534.jpg,0
ppeneg_construction-ppe_001902.jpg,0
ppeneg_construction-ppe_001557.jpg,0
ppeneg_construction-ppe_001057.jpg,0
ppeneg_construction-ppe_001007.jpg,0
ppeneg_construction-ppe_001482.jpg,0
ppeneg_construction-ppe_001770.jpg,0
ppeneg_construction-ppe_002164.jpg,0
ppeneg_construction-ppe_000836.jpg,0
ppeneg_construction-ppe_000257.jpg,0
ppeneg_construction-ppe_000320.jpg,0
ppeneg_construction-ppe_001719.jpg,0
ppeneg_construction-ppe_001987.jpg,0
ppeneg_construction-ppe_001090.jpg,0
ppeneg_construction-ppe_000569.jpg,0
ppeneg_construction-ppe_001989.jpg,0
ppeneg_construction-ppe_001478.jpg,0
ppeneg_construction-ppe_001433.jpg,0
ppeneg_construction-ppe_001097.jpg,0
ppeneg_construction-ppe_001319.jpg,0
ppeneg_construction-ppe_000815.jpg,0
ppeneg_construction-ppe_001043.jpg,0
ppeneg_construction-ppe_001768.jpg,0
ppeneg_construction-ppe_000495.jpg,0
ppeneg_construction-ppe_000567.jpg,0
ppeneg_construction-ppe_001672.jpg,0
ppeneg_construction-ppe_002104.jpg,0
ppeneg_construction-ppe_000391.jpg,0
ppeneg_construction-ppe_000065.jpg,0
ppeneg_construction-ppe_001163.jpg,0
ppeneg_construction-ppe_001070.jpg,0
ppeneg_construction-ppe_000169.jpg,0
ppeneg_construction-ppe_000440.jpg,0
ppeneg_construction-ppe_000089.jpg,0
ppeneg_construction-ppe_000093.jpg,0
ppeneg_construction-ppe_001375.jpg,0
ppeneg_construction-ppe_000416.jpg,0
ppeneg_construction-ppe_001675.jpg,0
ppeneg_construction-ppe_002098.jpg,0
ppeneg_construction-ppe_002240.jpg,0
ppeneg_construction-ppe_001837.jpg,0
ppeneg_construction-ppe_001953.jpg,0
ppeneg_construction-ppe_001881.jpg,0
ppeneg_construction-ppe_001397.jpg,0
ppeneg_construction-ppe_000178.jpg,0
ppeneg_construction-ppe_000739.jpg,0
ppeneg_construction-ppe_001504.jpg,0
ppeneg_construction-ppe_001618.jpg,0
ppeneg_construction-ppe_000117.jpg,0
ppeneg_construction-ppe_000598.jpg,0
ppeneg_construction-ppe_000833.jpg,0
ppeneg_construction-ppe_000865.jpg,0
ppeneg_construction-ppe_001216.jpg,0
ppeneg_construction-ppe_002072.jpg,0
ppeneg_construction-ppe_002203.jpg,0
ppeneg_construction-ppe_000244.jpg,0
ppeneg_construction-ppe_000863.jpg,0
ppeneg_construction-ppe_001945.jpg,0
ppeneg_construction-ppe_000744.jpg,0
ppeneg_construction-ppe_000324.jpg,0
ppeneg_construction-ppe_001509.jpg,0
ppeneg_construction-ppe_001976.jpg,0
ppeneg_construction-ppe_001053.jpg,0
ppeneg_construction-ppe_001774.jpg,0
ppeneg_construction-ppe_001960.jpg,0
ppeneg_construction-ppe_001739.jpg,0
ppeneg_construction-ppe_001309.jpg,0
ppeneg_construction-ppe_001108.jpg,0
ppeneg_construction-ppe_000680.jpg,0
ppeneg_construction-ppe_000748.jpg,0
ppeneg_construction-ppe_000214.jpg,0
ppeneg_construction-ppe_001444.jpg,0
ppeneg_construction-ppe_000135.jpg,0
ppeneg_construction-ppe_001245.jpg,0
ppeneg_construction-ppe_001551.jpg,0
ppeneg_construction-ppe_002122.jpg,0
ppeneg_construction-ppe_001830.jpg,0
ppeneg_construction-ppe_002214.jpg,0
ppeneg_construction-ppe_001897.jpg,0
ppeneg_construction-ppe_000520.jpg,0
ppeneg_construction-ppe_000052.jpg,0
ppeneg_construction-ppe_002075.jpg,0
ppeneg_construction-ppe_001778.jpg,0
ppeneg_construction-ppe_000045.jpg,0
ppeneg_construction-ppe_001287.jpg,0
ppeneg_construction-ppe_000757.jpg,0
ppeneg_construction-ppe_001806.jpg,0
ppeneg_construction-ppe_001713.jpg,0
ppeneg_construction-ppe_000002.jpg,0
ppeneg_construction-ppe_001888.jpg,0
ppeneg_construction-ppe_001367.jpg,0
ppeneg_construction-ppe_000897.jpg,0
ppeneg_construction-ppe_000300.jpg,0
ppeneg_construction-ppe_000541.jpg,0
ppeneg_construction-ppe_001212.jpg,0
ppeneg_construction-ppe_001294.jpg,0
ppeneg_construction-ppe_001643.jpg,0
ppeneg_construction-ppe_001879.jpg,0
ppeneg_construction-ppe_001891.jpg,0
ppeneg_construction-ppe_000544.jpg,0
ppeneg_construction-ppe_002139.jpg,0
ppeneg_construction-ppe_000154.jpg,0
ppeneg_construction-ppe_001403.jpg,0
ppeneg_construction-ppe_000406.jpg,0
ppeneg_construction-ppe_001929.jpg,0
ppeneg_construction-ppe_000340.jpg,0
ppeneg_construction-ppe_001458.jpg,0
ppeneg_construction-ppe_000456.jpg,0
ppeneg_construction-ppe_001708.jpg,0
ppeneg_construction-ppe_001919.jpg,0
ppeneg_construction-ppe_001909.jpg,0
ppeneg_construction-ppe_000153.jpg,0
ppeneg_construction-ppe_000329.jpg,0
ppeneg_construction-ppe_001658.jpg,0
ppeneg_construction-ppe_001469.jpg,0
ppeneg_construction-ppe_000321.jpg,0
ppeneg_construction-ppe_002162.jpg,0
ppeneg_construction-ppe_001525.jpg,0
ppeneg_construction-ppe_001434.jpg,0
ppeneg_construction-ppe_000159.jpg,0
ppeneg_construction-ppe_000804.jpg,0
ppeneg_construction-ppe_000283.jpg,0
ppeneg_construction-ppe_000007.jpg,0
ppeneg_construction-ppe_000475.jpg,0
ppeneg_construction-ppe_000846.jpg,0
ppeneg_construction-ppe_001009.jpg,0
ppeneg_construction-ppe_002212.jpg,0
ppeneg_construction-ppe_001446.jpg,0
ppeneg_construction-ppe_002065.jpg,0
ppeneg_construction-ppe_000995.jpg,0
ppeneg_construction-ppe_001668.jpg,0
ppeneg_construction-ppe_000663.jpg,0
ppeneg_construction-ppe_000798.jpg,0
ppeneg_construction-ppe_000818.jpg,0
ppeneg_construction-ppe_002083.jpg,0
ppeneg_construction-ppe_001971.jpg,0
ppeneg_construction-ppe_000549.jpg,0
ppeneg_construction-ppe_002185.jpg,0
ppeneg_construction-ppe_001175.jpg,0
ppeneg_construction-ppe_001040.jpg,0
ppeneg_construction-ppe_000668.jpg,0
ppeneg_construction-ppe_001487.jpg,0
ppeneg_construction-ppe_000375.jpg,0
ppeneg_construction-ppe_001519.jpg,0
ppeneg_construction-ppe_001146.jpg,0
ppeneg_construction-ppe_001831.jpg,0
ppeneg_construction-ppe_001573.jpg,0
ppeneg_construction-ppe_001059.jpg,0
ppeneg_construction-ppe_001921.jpg,0
ppeneg_construction-ppe_001180.jpg,0
ppeneg_construction-ppe_000788.jpg,0
ppeneg_construction-ppe_000029.jpg,0
ppeneg_construction-ppe_000763.jpg,0
ppeneg_construction-ppe_001371.jpg,0
ppeneg_construction-ppe_002147.jpg,0
ppeneg_construction-ppe_001164.jpg,0
ppeneg_construction-ppe_000037.jpg,0
ppeneg_construction-ppe_000512.jpg,0
ppeneg_construction-ppe_000454.jpg,0
ppeneg_construction-ppe_000741.jpg,0
ppeneg_construction-ppe_001558.jpg,0
ppeneg_construction-ppe_001281.jpg,0
ppeneg_construction-ppe_000971.jpg,0
ppeneg_construction-ppe_001112.jpg,0
ppeneg_construction-ppe_002152.jpg,0
ppeneg_construction-ppe_000658.jpg,0
ppeneg_construction-ppe_000194.jpg,0
ppeneg_construction-ppe_000231.jpg,0
ppeneg_construction-ppe_001466.jpg,0
ppeneg_construction-ppe_000156.jpg,0
ppeneg_construction-ppe_001679.jpg,0
ppeneg_construction-ppe_000649.jpg,0
ppeneg_construction-ppe_000087.jpg,0
ppeneg_construction-ppe_001868.jpg,0
ppeneg_construction-ppe_001252.jpg,0
ppeneg_construction-ppe_001073.jpg,0
ppeneg_construction-ppe_001086.jpg,0
ppeneg_construction-ppe_001402.jpg,0
ppeneg_construction-ppe_001061.jpg,0
ppeneg_construction-ppe_001028.jpg,0
ppeneg_construction-ppe_001687.jpg,0
ppeneg_construction-ppe_000407.jpg,0
ppeneg_construction-ppe_001798.jpg,0
ppeneg_construction-ppe_001471.jpg,0
ppeneg_construction-ppe_000806.jpg,0
ppeneg_construction-ppe_001764.jpg,0
ppeneg_construction-ppe_001577.jpg,0
ppeneg_construction-ppe_001335.jpg,0
ppeneg_construction-ppe_000014.jpg,0
ppeneg_construction-ppe_002184.jpg,0
ppeneg_construction-ppe_000851.jpg,0
ppeneg_construction-ppe_001054.jpg,0
ppeneg_construction-ppe_001269.jpg,0
ppeneg_construction-ppe_000972.jpg,0
ppeneg_construction-ppe_001107.jpg,0
ppeneg_construction-ppe_000824.jpg,0
ppeneg_construction-ppe_000932.jpg,0
ppeneg_construction-ppe_001067.jpg,0
ppeneg_construction-ppe_002038.jpg,0
ppeneg_construction-ppe_001747.jpg,0
ppeneg_construction-ppe_002047.jpg,0
ppeneg_construction-ppe_001528.jpg,0
ppeneg_construction-ppe_001820.jpg,0
ppeneg_construction-ppe_001130.jpg,0
ppeneg_construction-ppe_000814.jpg,0
ppeneg_construction-ppe_000844.jpg,0
ppeneg_construction-ppe_001235.jpg,0
ppeneg_construction-ppe_002227.jpg,0
ppeneg_construction-ppe_001975.jpg,0
ppeneg_construction-ppe_001835.jpg,0
ppeneg_construction-ppe_000367.jpg,0
ppeneg_construction-ppe_001580.jpg,0
ppeneg_construction-ppe_000292.jpg,0
ppeneg_construction-ppe_001546.jpg,0
ppeneg_construction-ppe_002097.jpg,0
ppeneg_construction-ppe_001978.jpg,0
ppeneg_construction-ppe_000962.jpg,0
ppeneg_construction-ppe_000582.jpg,0
ppeneg_construction-ppe_000069.jpg,0
ppeneg_construction-ppe_000298.jpg,0
ppeneg_construction-ppe_000602.jpg,0
ppeneg_construction-ppe_001336.jpg,0
ppeneg_construction-ppe_001948.jpg,0
ppeneg_construction-ppe_001507.jpg,0
ppeneg_construction-ppe_000076.jpg,0
ppeneg_construction-ppe_000751.jpg,0
ppeneg_construction-ppe_000511.jpg,0
ppeneg_construction-ppe_001819.jpg,0
ppeneg_construction-ppe_001722.jpg,0
ppeneg_construction-ppe_001972.jpg,0
ppeneg_construction-ppe_001836.jpg,0
ppeneg_construction-ppe_000980.jpg,0
ppeneg_construction-ppe_000800.jpg,0
ppeneg_construction-ppe_001033.jpg,0
ppeneg_construction-ppe_002205.jpg,0
ppeneg_construction-ppe_000218.jpg,0
ppeneg_construction-ppe_001926.jpg,0
ppeneg_construction-ppe_000287.jpg,0
ppeneg_construction-ppe_002095.jpg,0
ppeneg_construction-ppe_000390.jpg,0
ppeneg_construction-ppe_000357.jpg,0
ppeneg_construction-ppe_001368.jpg,0
ppeneg_construction-ppe_001536.jpg,0
ppeneg_construction-ppe_000653.jpg,0
ppeneg_construction-ppe_001302.jpg,0
ppeneg_construction-ppe_000546.jpg,0
ppeneg_construction-ppe_000691.jpg,0
ppeneg_construction-ppe_000717.jpg,0
ppeneg_construction-ppe_000914.jpg,0
ppeneg_construction-ppe_000547.jpg,0
ppeneg_construction-ppe_001539.jpg,0
ppeneg_construction-ppe_001484.jpg,0
ppeneg_construction-ppe_001581.jpg,0
ppeneg_construction-ppe_001889.jpg,0
ppeneg_construction-ppe_001954.jpg,0
ppeneg_construction-ppe_001129.jpg,0
ppeneg_construction-ppe_000368.jpg,0
ppeneg_construction-ppe_000862.jpg,0
ppeneg_construction-ppe_001038.jpg,0
ppeneg_construction-ppe_001325.jpg,0
ppeneg_construction-ppe_000410.jpg,0
ppeneg_construction-ppe_002055.jpg,0
ppeneg_construction-ppe_000999.jpg,0
ppeneg_construction-ppe_002130.jpg,0
ppeneg_construction-ppe_001307.jpg,0
ppeneg_construction-ppe_000728.jpg,0
ppeneg_construction-ppe_000121.jpg,0
ppeneg_construction-ppe_000195.jpg,0
ppeneg_construction-ppe_000793.jpg,0
ppeneg_construction-ppe_002201.jpg,0
ppeneg_construction-ppe_000513.jpg,0
ppeneg_construction-ppe_000293.jpg,0
ppeneg_construction-ppe_001649.jpg,0
ppeneg_construction-ppe_001126.jpg,0
ppeneg_construction-ppe_000445.jpg,0
ppeneg_construction-ppe_000290.jpg,0
ppeneg_construction-ppe_001379.jpg,0
ppeneg_construction-ppe_000111.jpg,0
ppeneg_construction-ppe_000394.jpg,0
ppeneg_construction-ppe_000572.jpg,0
ppeneg_construction-ppe_000053.jpg,0
ppeneg_construction-ppe_001608.jpg,0
ppeneg_construction-ppe_002082.jpg,0
ppeneg_construction-ppe_001826.jpg,0
ppeneg_construction-ppe_000564.jpg,0
ppeneg_construction-ppe_001170.jpg,0
ppeneg_construction-ppe_001296.jpg,0
ppeneg_construction-ppe_001078.jpg,0
ppeneg_construction-ppe_000252.jpg,0
ppeneg_construction-ppe_000108.jpg,0
ppeneg_construction-ppe_001094.jpg,0
ppeneg_construction-ppe_001769.jpg,0
ppeneg_construction-ppe_000828.jpg,0
ppeneg_construction-ppe_000449.jpg,0
ppeneg_construction-ppe_000856.jpg,0
ppeneg_construction-ppe_000855.jpg,0
ppeneg_construction-ppe_000609.jpg,0
ppeneg_construction-ppe_001089.jpg,0
ppeneg_construction-ppe_001923.jpg,0
ppeneg_construction-ppe_000747.jpg,0
ppeneg_construction-ppe_001109.jpg,0
ppeneg_construction-ppe_001817.jpg,0
ppeneg_construction-ppe_002180.jpg,0
ppeneg_construction-ppe_000672.jpg,0
ppeneg_construction-ppe_001828.jpg,0
ppeneg_construction-ppe_001596.jpg,0
ppeneg_construction-ppe_000233.jpg,0
ppeneg_construction-ppe_000465.jpg,0
ppeneg_construction-ppe_000092.jpg,0
ppeneg_construction-ppe_001278.jpg,0
ppeneg_construction-ppe_000514.jpg,0
ppeneg_construction-ppe_002086.jpg,0
ppeneg_construction-ppe_001391.jpg,0
ppeneg_construction-ppe_000479.jpg,0
ppeneg_construction-ppe_001475.jpg,0
ppeneg_construction-ppe_001781.jpg,0
ppeneg_construction-ppe_002200.jpg,0
ppeneg_construction-ppe_000599.jpg,0
ppeneg_construction-ppe_000019.jpg,0
ppeneg_construction-ppe_001955.jpg,0
ppeneg_construction-ppe_000038.jpg,0
ppeneg_construction-ppe_000540.jpg,0
ppeneg_construction-ppe_000742.jpg,0
ppeneg_construction-ppe_001041.jpg,0
ppeneg_construction-ppe_001410.jpg,0
ppeneg_construction-ppe_000097.jpg,0
ppeneg_construction-ppe_001594.jpg,0
ppeneg_construction-ppe_000613.jpg,0
ppeneg_construction-ppe_000819.jpg,0
ppeneg_construction-ppe_001683.jpg,0
ppeneg_construction-ppe_000181.jpg,0
ppeneg_construction-ppe_000755.jpg,0
ppeneg_construction-ppe_002163.jpg,0
ppeneg_construction-ppe_001574.jpg,0
ppeneg_construction-ppe_001685.jpg,0
ppeneg_construction-ppe_000718.jpg,0
ppeneg_construction-ppe_001085.jpg,0
ppeneg_construction-ppe_001894.jpg,0
ppeneg_construction-ppe_002191.jpg,0
ppeneg_construction-ppe_001646.jpg,0
ppeneg_construction-ppe_000883.jpg,0
ppeneg_construction-ppe_001241.jpg,0
ppeneg_construction-ppe_001399.jpg,0
ppeneg_construction-ppe_000077.jpg,0
ppeneg_construction-ppe_000597.jpg,0
ppeneg_construction-ppe_001361.jpg,0
ppeneg_construction-ppe_001590.jpg,0
ppeneg_construction-ppe_001167.jpg,0
ppeneg_construction-ppe_001943.jpg,0
ppeneg_construction-ppe_000078.jpg,0
ppeneg_construction-ppe_001542.jpg,0
ppeneg_construction-ppe_000268.jpg,0
ppeneg_construction-ppe_000689.jpg,0
ppeneg_construction-ppe_000161.jpg,0
ppeneg_construction-ppe_001260.jpg,0
ppeneg_construction-ppe_000930.jpg,0
ppeneg_construction-ppe_000470.jpg,0
ppeneg_construction-ppe_000476.jpg,0
ppeneg_construction-ppe_000926.jpg,0
ppeneg_construction-ppe_000888.jpg,0
ppeneg_construction-ppe_001776.jpg,0
ppeneg_construction-ppe_001198.jpg,0
ppeneg_construction-ppe_001056.jpg,0
ppeneg_construction-ppe_001911.jpg,0
ppeneg_construction-ppe_000216.jpg,0
ppeneg_construction-ppe_000401.jpg,0
ppeneg_construction-ppe_000378.jpg,0
ppeneg_construction-ppe_000273.jpg,0
ppeneg_construction-ppe_001220.jpg,0
ppeneg_construction-ppe_001223.jpg,0
ppeneg_construction-ppe_000270.jpg,0
ppeneg_construction-ppe_002101.jpg,0
ppeneg_construction-ppe_001442.jpg,0
ppeneg_construction-ppe_000137.jpg,0
ppeneg_construction-ppe_000777.jpg,0
ppeneg_construction-ppe_000687.jpg,0
ppeneg_construction-ppe_000158.jpg,0
ppeneg_construction-ppe_001636.jpg,0
ppeneg_construction-ppe_000333.jpg,0
ppeneg_construction-ppe_001301.jpg,0
ppeneg_construction-ppe_000928.jpg,0
ppeneg_construction-ppe_001457.jpg,0
ppeneg_construction-ppe_001356.jpg,0
ppeneg_construction-ppe_000579.jpg,0
ppeneg_construction-ppe_001712.jpg,0
ppeneg_construction-ppe_001030.jpg,0
ppeneg_construction-ppe_001317.jpg,0
ppeneg_construction-ppe_002091.jpg,0
ppeneg_construction-ppe_002084.jpg,0
ppeneg_construction-ppe_000838.jpg,0
ppeneg_construction-ppe_001882.jpg,0
ppeneg_construction-ppe_001653.jpg,0
ppeneg_construction-ppe_001642.jpg,0
ppeneg_construction-ppe_000604.jpg,0
ppeneg_construction-ppe_000306.jpg,0
ppeneg_construction-ppe_000143.jpg,0
ppeneg_construction-ppe_001941.jpg,0
ppeneg_construction-ppe_001663.jpg,0
ppeneg_construction-ppe_002074.jpg,0
ppeneg_construction-ppe_000840.jpg,0
ppeneg_construction-ppe_000981.jpg,0
ppeneg_construction-ppe_000799.jpg,0
ppeneg_construction-ppe_002217.jpg,0
ppeneg_construction-ppe_002144.jpg,0
ppeneg_construction-ppe_001628.jpg,0
ppeneg_construction-ppe_002004.jpg,0
ppeneg_construction-ppe_000873.jpg,0
ppeneg_construction-ppe_001559.jpg,0
ppeneg_construction-ppe_002036.jpg,0
ppeneg_construction-ppe_000621.jpg,0
ppeneg_construction-ppe_000869.jpg,0
ppeneg_construction-ppe_001983.jpg,0
ppeneg_construction-ppe_002149.jpg,0
ppeneg_construction-ppe_000451.jpg,0
ppeneg_construction-ppe_001010.jpg,0
ppeneg_construction-ppe_001716.jpg,0
ppeneg_construction-ppe_001490.jpg,0
ppeneg_construction-ppe_001289.jpg,0
ppeneg_construction-ppe_001736.jpg,0
ppeneg_construction-ppe_001132.jpg,0
ppeneg_construction-ppe_000220.jpg,0
ppeneg_construction-ppe_000256.jpg,0
ppeneg_construction-ppe_001305.jpg,0
ppeneg_construction-ppe_001624.jpg,0
ppeneg_construction-ppe_001483.jpg,0
ppeneg_construction-ppe_002124.jpg,0
ppeneg_construction-ppe_001019.jpg,0
ppeneg_construction-ppe_000334.jpg,0
ppeneg_construction-ppe_000490.jpg,0
ppeneg_construction-ppe_000797.jpg,0
ppeneg_construction-ppe_000886.jpg,0
ppeneg_construction-ppe_001966.jpg,0
ppeneg_construction-ppe_000746.jpg,0
ppeneg_construction-ppe_001253.jpg,0
ppeneg_construction-ppe_001217.jpg,0
ppeneg_construction-ppe_001168.jpg,0
ppeneg_construction-ppe_000278.jpg,0
ppeneg_construction-ppe_001731.jpg,0
ppeneg_construction-ppe_000498.jpg,0
ppeneg_construction-ppe_001791.jpg,0
ppeneg_construction-ppe_000679.jpg,0
ppeneg_construction-ppe_001900.jpg,0
ppeneg_construction-ppe_001697.jpg,0
ppeneg_construction-ppe_002195.jpg,0
ppeneg_construction-ppe_000119.jpg,0
ppeneg_construction-ppe_001796.jpg,0
ppeneg_construction-ppe_001485.jpg,0
ppeneg_construction-ppe_001510.jpg,0
ppeneg_construction-ppe_000081.jpg,0
ppeneg_construction-ppe_000421.jpg,0
ppeneg_construction-ppe_001611.jpg,0
ppeneg_construction-ppe_001065.jpg,0
ppeneg_construction-ppe_001621.jpg,0
ppeneg_construction-ppe_001773.jpg,0
ppeneg_construction-ppe_001777.jpg,0
ppeneg_construction-ppe_001578.jpg,0
ppeneg_construction-ppe_000372.jpg,0
ppeneg_construction-ppe_001346.jpg,0
ppeneg_construction-ppe_000887.jpg,0
ppeneg_construction-ppe_000977.jpg,0
ppeneg_construction-ppe_000937.jpg,0
ppeneg_construction-ppe_001499.jpg,0
ppeneg_construction-ppe_002125.jpg,0
ppeneg_construction-ppe_001491.jpg,0
ppeneg_construction-ppe_001338.jpg,0
ppeneg_construction-ppe_000571.jpg,0
ppeneg_construction-ppe_001393.jpg,0
ppeneg_construction-ppe_001988.jpg,0
ppeneg_construction-ppe_001771.jpg,0
ppeneg_construction-ppe_001415.jpg,0
ppeneg_construction-ppe_002027.jpg,0
ppeneg_construction-ppe_001251.jpg,0
ppeneg_construction-ppe_001071.jpg,0
ppeneg_construction-ppe_001875.jpg,0
ppeneg_construction-ppe_000193.jpg,0
ppeneg_construction-ppe_000935.jpg,0
ppeneg_construction-ppe_001293.jpg,0
ppeneg_construction-ppe_000859.jpg,0
ppeneg_construction-ppe_001376.jpg,0
ppeneg_construction-ppe_001141.jpg,0
ppeneg_construction-ppe_000464.jpg,0
ppeneg_construction-ppe_001550.jpg,0
ppeneg_construction-ppe_000991.jpg,0
ppeneg_construction-ppe_001654.jpg,0
ppeneg_construction-ppe_000548.jpg,0
ppeneg_construction-ppe_001753.jpg,0
ppeneg_construction-ppe_000884.jpg,0
ppeneg_construction-ppe_000444.jpg,0
ppeneg_construction-ppe_001598.jpg,0
ppeneg_construction-ppe_000900.jpg,0
ppeneg_construction-ppe_001120.jpg,0
ppeneg_construction-ppe_000894.jpg,0
ppeneg_construction-ppe_000074.jpg,0
ppeneg_construction-ppe_001213.jpg,0
ppeneg_construction-ppe_001277.jpg,0
ppeneg_construction-ppe_000028.jpg,0
ppeneg_construction-ppe_001196.jpg,0
ppeneg_construction-ppe_001698.jpg,0
ppeneg_construction-ppe_000379.jpg,0
ppeneg_construction-ppe_001116.jpg,0
ppeneg_construction-ppe_000587.jpg,0
ppeneg_construction-ppe_000240.jpg,0
ppeneg_construction-ppe_001523.jpg,0
ppeneg_construction-ppe_001366.jpg,0
ppeneg_construction-ppe_000450.jpg,0
ppeneg_construction-ppe_000100.jpg,0
ppeneg_construction-ppe_001997.jpg,0
ppeneg_construction-ppe_000022.jpg,0
ppeneg_construction-ppe_001595.jpg,0
ppeneg_construction-ppe_000518.jpg,0
ppeneg_construction-ppe_000409.jpg,0
ppeneg_construction-ppe_000105.jpg,0
ppeneg_construction-ppe_001901.jpg,0
ppeneg_construction-ppe_001805.jpg,0
ppeneg_construction-ppe_001254.jpg,0
ppeneg_construction-ppe_002029.jpg,0
ppeneg_construction-ppe_001665.jpg,0
ppeneg_construction-ppe_002008.jpg,0
ppeneg_construction-ppe_001029.jpg,0
ppeneg_construction-ppe_001199.jpg,0
ppeneg_construction-ppe_000588.jpg,0
ppeneg_construction-ppe_001533.jpg,0
ppeneg_construction-ppe_001937.jpg,0
ppeneg_construction-ppe_001488.jpg,0
ppeneg_construction-ppe_001738.jpg,0
ppeneg_construction-ppe_000528.jpg,0
ppeneg_construction-ppe_001750.jpg,0
ppeneg_construction-ppe_001802.jpg,0
ppeneg_construction-ppe_001332.jpg,0
ppeneg_construction-ppe_000706.jpg,0
ppeneg_construction-ppe_001156.jpg,0
ppeneg_construction-ppe_000327.jpg,0
ppeneg_construction-ppe_000024.jpg,0
ppeneg_construction-ppe_001184.jpg,0
ppeneg_construction-ppe_001755.jpg,0
ppeneg_construction-ppe_000054.jpg,0
ppeneg_construction-ppe_000506.jpg,0
ppeneg_construction-ppe_000264.jpg,0
ppeneg_construction-ppe_001373.jpg,0
ppeneg_construction-ppe_001564.jpg,0
ppeneg_construction-ppe_001524.jpg,0
ppeneg_construction-ppe_000625.jpg,0
ppeneg_construction-ppe_000948.jpg,0
ppeneg_construction-ppe_001553.jpg,0
ppeneg_construction-ppe_000740.jpg,0
ppeneg_construction-ppe_000956.jpg,0
ppeneg_construction-ppe_000302.jpg,0
ppeneg_construction-ppe_000433.jpg,0
ppeneg_construction-ppe_000492.jpg,0
ppeneg_construction-ppe_001582.jpg,0
ppeneg_construction-ppe_000261.jpg,0
ppeneg_construction-ppe_001412.jpg,0
ppeneg_construction-ppe_000399.jpg,0
ppeneg_construction-ppe_000979.jpg,0
ppeneg_construction-ppe_000480.jpg,0
ppeneg_construction-ppe_000834.jpg,0
ppeneg_construction-ppe_002150.jpg,0
ppeneg_construction-ppe_000415.jpg,0
ppeneg_construction-ppe_000694.jpg,0
ppeneg_construction-ppe_000523.jpg,0
ppeneg_construction-ppe_000903.jpg,0
ppeneg_construction-ppe_001014.jpg,0
ppeneg_construction-ppe_001159.jpg,0
ppeneg_construction-ppe_001406.jpg,0
ppeneg_construction-ppe_000776.jpg,0
ppeneg_construction-ppe_001518.jpg,0
ppeneg_construction-ppe_001625.jpg,0
ppeneg_construction-ppe_001606.jpg,0
ppeneg_construction-ppe_001696.jpg,0
ppeneg_construction-ppe_000508.jpg,0
ppeneg_construction-ppe_001149.jpg,0
ppeneg_construction-ppe_002179.jpg,0
ppeneg_construction-ppe_001229.jpg,0
ppeneg_construction-ppe_001707.jpg,0
ppeneg_construction-ppe_000427.jpg,0
ppeneg_construction-ppe_001211.jpg,0
ppeneg_construction-ppe_000693.jpg,0
ppeneg_construction-ppe_000371.jpg,0
ppeneg_construction-ppe_001002.jpg,0
ppeneg_construction-ppe_001751.jpg,0
ppeneg_construction-ppe_000166.jpg,0
ppeneg_construction-ppe_001650.jpg,0
ppeneg_construction-ppe_000629.jpg,0
ppeneg_construction-ppe_000259.jpg,0
ppeneg_construction-ppe_000202.jpg,0
ppeneg_construction-ppe_001143.jpg,0
ppeneg_construction-ppe_001411.jpg,0
ppeneg_construction-ppe_002198.jpg,0
ppeneg_construction-ppe_001292.jpg,0
ppeneg_construction-ppe_001256.jpg,0
ppeneg_construction-ppe_000754.jpg,0
ppeneg_construction-ppe_001464.jpg,0
ppeneg_construction-ppe_001915.jpg,0
ppeneg_construction-ppe_000861.jpg,0
ppeneg_construction-ppe_000056.jpg,0
ppeneg_construction-ppe_000843.jpg,0
ppeneg_construction-ppe_000821.jpg,0
ppeneg_construction-ppe_001974.jpg,0
ppeneg_construction-ppe_001161.jpg,0
ppeneg_construction-ppe_000634.jpg,0
ppeneg_construction-ppe_001247.jpg,0
ppeneg_construction-ppe_000839.jpg,0
ppeneg_construction-ppe_000618.jpg,0
ppeneg_construction-ppe_000068.jpg,0
ppeneg_construction-ppe_000020.jpg,0
ppeneg_construction-ppe_001453.jpg,0
ppeneg_construction-ppe_000568.jpg,0
ppeneg_construction-ppe_001200.jpg,0
ppeneg_construction-ppe_001024.jpg,0
ppeneg_construction-ppe_000144.jpg,0
ppeneg_construction-ppe_001493.jpg,0
ppeneg_construction-ppe_000708.jpg,0
ppeneg_construction-ppe_000974.jpg,0
ppeneg_construction-ppe_000583.jpg,0
ppeneg_construction-ppe_002133.jpg,0
ppeneg_construction-ppe_002127.jpg,0
ppeneg_construction-ppe_001942.jpg,0
ppeneg_construction-ppe_001633.jpg,0
ppeneg_construction-ppe_000186.jpg,0
ppeneg_construction-ppe_000429.jpg,0
ppeneg_construction-ppe_001717.jpg,0
ppeneg_construction-ppe_000386.jpg,0
ppeneg_construction-ppe_000920.jpg,0
ppeneg_construction-ppe_001451.jpg,0
ppeneg_construction-ppe_002148.jpg,0
ppeneg_construction-ppe_000984.jpg,0
ppeneg_construction-ppe_000139.jpg,0
ppeneg_construction-ppe_000808.jpg,0
ppeneg_construction-ppe_001874.jpg,0
ppeneg_construction-ppe_000947.jpg,0
ppeneg_construction-ppe_000553.jpg,0
ppeneg_construction-ppe_001644.jpg,0
ppeneg_construction-ppe_000764.jpg,0
ppeneg_construction-ppe_001364.jpg,0
ppeneg_construction-ppe_000676.jpg,0
ppeneg_construction-ppe_000384.jpg,0
ppeneg_construction-ppe_002202.jpg,0
ppeneg_construction-ppe_000791.jpg,0
ppeneg_construction-ppe_001011.jpg,0
ppeneg_construction-ppe_000954.jpg,0
ppeneg_sh17_009395.jpg,0
ppeneg_sh17_011375.jpg,0
ppeneg_sh17_005763.jpg,0
ppeneg_sh17_011351.jpg,0
ppeneg_sh17_004970.jpg,0
ppeneg_sh17_004004.jpg,0
ppeneg_sh17_012834.jpg,0
ppeneg_sh17_009532.jpg,0
ppeneg_sh17_010132.jpg,0
ppeneg_sh17_003815.jpg,0
ppeneg_sh17_000444.jpg,0
ppeneg_sh17_011363.jpg,0
ppeneg_sh17_006280.jpg,0
ppeneg_sh17_003495.jpg,0
ppeneg_sh17_005401.jpg,0
ppeneg_sh17_001003.jpg,0
ppeneg_sh17_000452.jpg,0
ppeneg_sh17_002504.jpg,0
ppeneg_sh17_011922.jpg,0
ppeneg_sh17_001659.jpg,0
ppeneg_sh17_012220.jpg,0
ppeneg_sh17_002790.jpg,0
ppeneg_sh17_007427.jpg,0
ppeneg_sh17_000026.jpg,0
ppeneg_sh17_005052.jpg,0
ppeneg_sh17_012972.jpg,0
ppeneg_sh17_001839.jpg,0
ppeneg_sh17_005760.jpg,0
ppeneg_sh17_006154.jpg,0
ppeneg_sh17_003119.jpg,0
ppeneg_sh17_006955.jpg,0
ppeneg_sh17_011691.jpg,0
ppeneg_sh17_002641.jpg,0
ppeneg_sh17_005955.jpg,0
ppeneg_sh17_004348.jpg,0
ppeneg_sh17_013759.jpg,0
ppeneg_sh17_005079.jpg,0
ppeneg_sh17_001952.jpg,0
ppeneg_sh17_001735.jpg,0
ppeneg_sh17_000809.jpg,0
ppeneg_sh17_001457.jpg,0
ppeneg_sh17_002769.jpg,0
ppeneg_sh17_010601.jpg,0
ppeneg_sh17_007246.jpg,0
ppeneg_sh17_009035.jpg,0
ppeneg_sh17_000033.jpg,0
ppeneg_sh17_011743.jpg,0
ppeneg_sh17_013622.jpg,0
ppeneg_sh17_001334.jpg,0
ppeneg_sh17_005812.jpg,0
ppeneg_sh17_013686.jpg,0
ppeneg_sh17_013251.jpg,0
ppeneg_sh17_007111.jpg,0
ppeneg_sh17_002265.jpg,0
ppeneg_sh17_007804.jpg,0
ppeneg_sh17_007681.jpg,0
ppeneg_sh17_006857.jpg,0
ppeneg_sh17_006751.jpg,0
ppeneg_sh17_011641.jpg,0
ppeneg_sh17_011978.jpg,0
ppeneg_sh17_008722.jpg,0
ppeneg_sh17_002911.jpg,0
ppeneg_sh17_011897.jpg,0
ppeneg_sh17_003028.jpg,0
ppeneg_sh17_009523.jpg,0
ppeneg_sh17_008859.jpg,0
ppeneg_sh17_011936.jpg,0
ppeneg_sh17_003832.jpg,0
ppeneg_sh17_012011.jpg,0
ppeneg_sh17_008977.jpg,0
ppeneg_sh17_012165.jpg,0
ppeneg_sh17_002909.jpg,0
ppeneg_sh17_004963.jpg,0
ppeneg_sh17_002383.jpg,0
ppeneg_sh17_003288.jpg,0
ppeneg_sh17_001694.jpg,0
ppeneg_sh17_008784.jpg,0
ppeneg_sh17_011159.jpg,0
ppeneg_sh17_000291.jpg,0
ppeneg_sh17_008780.jpg,0
ppeneg_sh17_006873.jpg,0
ppeneg_sh17_013200.jpg,0
ppeneg_sh17_002579.jpg,0
ppeneg_sh17_003991.jpg,0
ppeneg_sh17_004165.jpg,0
ppeneg_sh17_013564.jpg,0
ppeneg_sh17_002023.jpg,0
ppeneg_sh17_001732.jpg,0
ppeneg_sh17_001969.jpg,0
ppeneg_sh17_011870.jpg,0
ppeneg_sh17_007237.jpg,0
ppeneg_sh17_001377.jpg,0
ppeneg_sh17_006115.jpg,0
ppeneg_sh17_001657.jpg,0
ppeneg_sh17_010593.jpg,0
ppeneg_sh17_013179.jpg,0
ppeneg_sh17_001490.jpg,0
ppeneg_sh17_002856.jpg,0
ppeneg_sh17_013717.jpg,0
ppeneg_sh17_004800.jpg,0
ppeneg_sh17_000413.jpg,0
ppeneg_sh17_000103.jpg,0
ppeneg_sh17_011078.jpg,0
ppeneg_sh17_004596.jpg,0
ppeneg_sh17_010530.jpg,0
ppeneg_sh17_013598.jpg,0
ppeneg_sh17_000163.jpg,0
ppeneg_sh17_010373.jpg,0
ppeneg_sh17_010565.jpg,0
ppeneg_sh17_002423.jpg,0
ppeneg_sh17_012913.jpg,0
ppeneg_sh17_010141.jpg,0
ppeneg_sh17_002787.jpg,0
ppeneg_sh17_000638.jpg,0
ppeneg_sh17_000904.jpg,0
ppeneg_sh17_007796.jpg,0
ppeneg_sh17_013195.jpg,0
ppeneg_sh17_009445.jpg,0
ppeneg_sh17_008000.jpg,0
ppeneg_sh17_004253.jpg,0
ppeneg_sh17_009633.jpg,0
ppeneg_sh17_006243.jpg,0
ppeneg_sh17_010276.jpg,0
ppeneg_sh17_008755.jpg,0
ppeneg_sh17_000929.jpg,0
ppeneg_sh17_010705.jpg,0
ppeneg_sh17_002602.jpg,0
ppeneg_sh17_004081.jpg,0
ppeneg_sh17_009193.jpg,0
ppeneg_sh17_010426.jpg,0
ppeneg_sh17_012035.jpg,0
ppeneg_sh17_000807.jpg,0
ppeneg_sh17_001744.jpg,0
ppeneg_sh17_011941.jpg,0
ppeneg_sh17_002000.jpg,0
ppeneg_sh17_001379.jpg,0
ppeneg_sh17_000289.jpg,0
ppeneg_sh17_004180.jpg,0
ppeneg_sh17_011510.jpg,0
ppeneg_sh17_001855.jpg,0
ppeneg_sh17_008181.jpg,0
ppeneg_sh17_006816.jpg,0
ppeneg_sh17_004370.jpg,0
ppeneg_sh17_012883.jpg,0
ppeneg_sh17_002311.jpg,0
ppeneg_sh17_006235.jpg,0
ppeneg_sh17_002881.jpg,0
ppeneg_sh17_012164.jpg,0
ppeneg_sh17_003262.jpg,0
ppeneg_sh17_013653.jpg,0
ppeneg_sh17_004578.jpg,0
ppeneg_sh17_013173.jpg,0
ppeneg_sh17_007295.jpg,0
ppeneg_sh17_004427.jpg,0
ppeneg_sh17_002074.jpg,0
ppeneg_sh17_004920.jpg,0
ppeneg_sh17_012620.jpg,0
ppeneg_sh17_009778.jpg,0
ppeneg_sh17_003657.jpg,0
ppeneg_sh17_003574.jpg,0
ppeneg_sh17_004698.jpg,0
ppeneg_sh17_010578.jpg,0
ppeneg_sh17_012591.jpg,0
ppeneg_sh17_009602.jpg,0
ppeneg_sh17_010439.jpg,0
ppeneg_sh17_009576.jpg,0
ppeneg_sh17_006333.jpg,0
ppeneg_sh17_003139.jpg,0
ppeneg_sh17_013484.jpg,0
ppeneg_sh17_009538.jpg,0
ppeneg_sh17_003384.jpg,0
ppeneg_sh17_013470.jpg,0
ppeneg_sh17_008054.jpg,0
ppeneg_sh17_006594.jpg,0
ppeneg_sh17_006002.jpg,0
ppeneg_sh17_006951.jpg,0
ppeneg_sh17_013351.jpg,0
ppeneg_sh17_001507.jpg,0
ppeneg_sh17_002033.jpg,0
ppeneg_sh17_011738.jpg,0
ppeneg_sh17_003435.jpg,0
ppeneg_sh17_006468.jpg,0
ppeneg_sh17_012965.jpg,0
ppeneg_sh17_005090.jpg,0
ppeneg_sh17_002475.jpg,0
ppeneg_sh17_012307.jpg,0
ppeneg_sh17_005387.jpg,0
ppeneg_sh17_010655.jpg,0
ppeneg_sh17_007882.jpg,0
ppeneg_sh17_007274.jpg,0
ppeneg_sh17_006658.jpg,0
ppeneg_sh17_004138.jpg,0
ppeneg_sh17_012689.jpg,0
ppeneg_sh17_006987.jpg,0
ppeneg_sh17_000724.jpg,0
ppeneg_sh17_006592.jpg,0
ppeneg_sh17_003210.jpg,0
ppeneg_sh17_009305.jpg,0
ppeneg_sh17_000052.jpg,0
ppeneg_sh17_000902.jpg,0
ppeneg_sh17_006892.jpg,0
ppeneg_sh17_002568.jpg,0
ppeneg_sh17_009401.jpg,0
ppeneg_sh17_003238.jpg,0
ppeneg_sh17_007468.jpg,0
ppeneg_sh17_012416.jpg,0
ppeneg_sh17_001558.jpg,0
ppeneg_sh17_012415.jpg,0
ppeneg_sh17_011799.jpg,0
ppeneg_sh17_004304.jpg,0
ppeneg_sh17_004192.jpg,0
ppeneg_sh17_002065.jpg,0
ppeneg_sh17_004686.jpg,0
ppeneg_sh17_006465.jpg,0
ppeneg_sh17_002583.jpg,0
ppeneg_sh17_001770.jpg,0
ppeneg_sh17_012017.jpg,0
ppeneg_sh17_004764.jpg,0
ppeneg_sh17_002570.jpg,0
ppeneg_sh17_003872.jpg,0
ppeneg_sh17_000895.jpg,0
ppeneg_sh17_004535.jpg,0
ppeneg_sh17_005964.jpg,0
ppeneg_sh17_010456.jpg,0
ppeneg_sh17_003015.jpg,0
ppeneg_sh17_012747.jpg,0
ppeneg_sh17_007724.jpg,0
ppeneg_sh17_006698.jpg,0
ppeneg_sh17_006378.jpg,0
ppeneg_sh17_009160.jpg,0
ppeneg_sh17_009993.jpg,0
ppeneg_sh17_004014.jpg,0
ppeneg_sh17_000132.jpg,0
ppeneg_sh17_000088.jpg,0
ppeneg_sh17_007302.jpg,0
ppeneg_sh17_003794.jpg,0
ppeneg_sh17_000176.jpg,0
ppeneg_sh17_010899.jpg,0
ppeneg_sh17_006736.jpg,0
ppeneg_sh17_007819.jpg,0
ppeneg_sh17_009894.jpg,0
ppeneg_sh17_009807.jpg,0
ppeneg_sh17_000813.jpg,0
ppeneg_sh17_010321.jpg,0
ppeneg_sh17_002663.jpg,0
ppeneg_sh17_008646.jpg,0
ppeneg_sh17_004231.jpg,0
ppeneg_sh17_009775.jpg,0
ppeneg_sh17_011787.jpg,0
ppeneg_sh17_010870.jpg,0
ppeneg_sh17_013762.jpg,0
ppeneg_sh17_011617.jpg,0
ppeneg_sh17_002711.jpg,0
ppeneg_sh17_001339.jpg,0
ppeneg_sh17_003274.jpg,0
ppeneg_sh17_003418.jpg,0
ppeneg_sh17_000721.jpg,0
ppeneg_sh17_001575.jpg,0
ppeneg_sh17_011295.jpg,0
ppeneg_sh17_005453.jpg,0
ppeneg_sh17_010344.jpg,0
ppeneg_sh17_012780.jpg,0
ppeneg_sh17_002798.jpg,0
ppeneg_sh17_013462.jpg,0
ppeneg_sh17_002891.jpg,0
ppeneg_sh17_011432.jpg,0
ppeneg_sh17_001368.jpg,0
ppeneg_sh17_001401.jpg,0
ppeneg_sh17_002467.jpg,0
ppeneg_sh17_001647.jpg,0
ppeneg_sh17_010060.jpg,0
ppeneg_sh17_004069.jpg,0
ppeneg_sh17_010905.jpg,0
ppeneg_sh17_006502.jpg,0
ppeneg_sh17_006226.jpg,0
ppeneg_sh17_010467.jpg,0
ppeneg_sh17_000174.jpg,0
ppeneg_sh17_007293.jpg,0
ppeneg_sh17_013619.jpg,0
ppeneg_sh17_005181.jpg,0
ppeneg_sh17_008925.jpg,0
ppeneg_sh17_010388.jpg,0
ppeneg_sh17_010641.jpg,0
ppeneg_sh17_005671.jpg,0
ppeneg_sh17_008970.jpg,0
ppeneg_sh17_003319.jpg,0
ppeneg_sh17_004267.jpg,0
ppeneg_sh17_012417.jpg,0
ppeneg_sh17_010616.jpg,0
ppeneg_sh17_001387.jpg,0
ppeneg_sh17_004516.jpg,0
ppeneg_sh17_001966.jpg,0
ppeneg_sh17_002782.jpg,0
ppeneg_sh17_009478.jpg,0
ppeneg_sh17_007870.jpg,0
ppeneg_sh17_012996.jpg,0
ppeneg_sh17_001977.jpg,0
ppeneg_sh17_009995.jpg,0
ppeneg_sh17_008634.jpg,0
ppeneg_sh17_012600.jpg,0
ppeneg_sh17_009004.jpg,0
ppeneg_sh17_000786.jpg,0
ppeneg_sh17_000434.jpg,0
ppeneg_sh17_001008.jpg,0
ppeneg_sh17_001896.jpg,0
ppeneg_sh17_003582.jpg,0
ppeneg_sh17_000517.jpg,0
ppeneg_sh17_001534.jpg,0
ppeneg_sh17_011730.jpg,0
ppeneg_sh17_003352.jpg,0
ppeneg_sh17_001875.jpg,0
ppeneg_sh17_000123.jpg,0
ppeneg_sh17_009290.jpg,0
ppeneg_sh17_012885.jpg,0
ppeneg_sh17_002862.jpg,0
ppeneg_sh17_013776.jpg,0
ppeneg_sh17_000283.jpg,0
ppeneg_sh17_009981.jpg,0
ppeneg_sh17_003987.jpg,0
ppeneg_sh17_011660.jpg,0
ppeneg_sh17_012094.jpg,0
ppeneg_sh17_004651.jpg,0
ppeneg_sh17_005019.jpg,0
ppeneg_sh17_010371.jpg,0
ppeneg_sh17_004294.jpg,0
ppeneg_sh17_002292.jpg,0
ppeneg_sh17_011072.jpg,0
ppeneg_sh17_000711.jpg,0
ppeneg_sh17_008594.jpg,0
ppeneg_sh17_011630.jpg,0
ppeneg_sh17_003605.jpg,0
ppeneg_sh17_004714.jpg,0
ppeneg_sh17_006180.jpg,0
ppeneg_sh17_005253.jpg,0
ppeneg_sh17_013333.jpg,0
ppeneg_sh17_005961.jpg,0
ppeneg_sh17_009780.jpg,0
ppeneg_sh17_007967.jpg,0
ppeneg_sh17_004880.jpg,0
ppeneg_sh17_002868.jpg,0
ppeneg_sh17_007944.jpg,0
ppeneg_sh17_002642.jpg,0
ppeneg_sh17_012638.jpg,0
ppeneg_sh17_008868.jpg,0
ppeneg_sh17_001734.jpg,0
ppeneg_sh17_009021.jpg,0
ppeneg_sh17_002931.jpg,0
ppeneg_sh17_009662.jpg,0
ppeneg_sh17_012449.jpg,0
ppeneg_sh17_002107.jpg,0
ppeneg_sh17_003056.jpg,0
ppeneg_sh17_013632.jpg,0
ppeneg_sh17_006463.jpg,0
ppeneg_sh17_011726.jpg,0
ppeneg_sh17_000842.jpg,0
ppeneg_sh17_008735.jpg,0
ppeneg_sh17_001972.jpg,0
ppeneg_sh17_004571.jpg,0
ppeneg_sh17_002428.jpg,0
ppeneg_sh17_003190.jpg,0
ppeneg_sh17_003864.jpg,0
ppeneg_sh17_002248.jpg,0
ppeneg_sh17_000049.jpg,0
ppeneg_sh17_011514.jpg,0
ppeneg_sh17_001778.jpg,0
ppeneg_sh17_007203.jpg,0
ppeneg_sh17_007955.jpg,0
ppeneg_sh17_007655.jpg,0
ppeneg_sh17_005736.jpg,0
ppeneg_sh17_004049.jpg,0
ppeneg_sh17_006979.jpg,0
ppeneg_sh17_011018.jpg,0
ppeneg_sh17_007962.jpg,0
ppeneg_sh17_007869.jpg,0
ppeneg_sh17_002148.jpg,0
ppeneg_sh17_002013.jpg,0
ppeneg_sh17_010198.jpg,0
ppeneg_sh17_012117.jpg,0
ppeneg_sh17_003120.jpg,0
ppeneg_sh17_007227.jpg,0
ppeneg_sh17_003927.jpg,0
ppeneg_sh17_007939.jpg,0
ppeneg_sh17_001603.jpg,0
ppeneg_sh17_011418.jpg,0
ppeneg_sh17_010070.jpg,0
ppeneg_sh17_001817.jpg,0
ppeneg_sh17_012743.jpg,0
ppeneg_sh17_011451.jpg,0
ppeneg_sh17_013254.jpg,0
ppeneg_sh17_000005.jpg,0
ppeneg_sh17_001588.jpg,0
ppeneg_sh17_007600.jpg,0
ppeneg_sh17_004990.jpg,0
ppeneg_sh17_003214.jpg,0
ppeneg_sh17_002229.jpg,0
ppeneg_sh17_003784.jpg,0
ppeneg_sh17_010244.jpg,0
ppeneg_sh17_005566.jpg,0
ppeneg_sh17_004975.jpg,0
ppeneg_sh17_002761.jpg,0
ppeneg_sh17_013547.jpg,0
ppeneg_sh17_000075.jpg,0
ppeneg_sh17_001475.jpg,0
ppeneg_sh17_003375.jpg,0
ppeneg_sh17_008347.jpg,0
ppeneg_sh17_004660.jpg,0
ppeneg_sh17_010649.jpg,0
ppeneg_sh17_006361.jpg,0
ppeneg_sh17_008033.jpg,0
ppeneg_sh17_008358.jpg,0
ppeneg_sh17_009865.jpg,0
ppeneg_sh17_004412.jpg,0
ppeneg_sh17_000828.jpg,0
ppeneg_sh17_004176.jpg,0
ppeneg_sh17_010404.jpg,0
ppeneg_sh17_007349.jpg,0
ppeneg_sh17_009753.jpg,0
ppeneg_sh17_000274.jpg,0
ppeneg_sh17_011526.jpg,0
ppeneg_sh17_001789.jpg,0
ppeneg_sh17_002722.jpg,0
ppeneg_sh17_006587.jpg,0
ppeneg_sh17_006419.jpg,0
ppeneg_sh17_000581.jpg,0
ppeneg_sh17_013379.jpg,0
ppeneg_sh17_000345.jpg,0
ppeneg_sh17_012970.jpg,0
ppeneg_sh17_006458.jpg,0
ppeneg_sh17_009477.jpg,0
ppeneg_sh17_009073.jpg,0
ppeneg_sh17_012175.jpg,0
ppeneg_sh17_012944.jpg,0
ppeneg_sh17_008239.jpg,0
ppeneg_sh17_012147.jpg,0
ppeneg_sh17_001143.jpg,0
ppeneg_sh17_012626.jpg,0
ppeneg_sh17_003620.jpg,0
ppeneg_sh17_003783.jpg,0
ppeneg_sh17_009814.jpg,0
ppeneg_sh17_004791.jpg,0
ppeneg_sh17_007531.jpg,0
ppeneg_sh17_005908.jpg,0
ppeneg_sh17_005286.jpg,0
ppeneg_sh17_004891.jpg,0
ppeneg_sh17_004878.jpg,0
ppeneg_sh17_009823.jpg,0
ppeneg_sh17_010644.jpg,0
ppeneg_sh17_013392.jpg,0
ppeneg_sh17_002732.jpg,0
ppeneg_sh17_004315.jpg,0
ppeneg_sh17_006772.jpg,0
ppeneg_sh17_007767.jpg,0
ppeneg_sh17_002828.jpg,0
ppeneg_sh17_001963.jpg,0
ppeneg_sh17_010526.jpg,0
ppeneg_sh17_008395.jpg,0
ppeneg_sh17_007050.jpg,0
ppeneg_sh17_013209.jpg,0
ppeneg_sh17_003031.jpg,0
ppeneg_sh17_012789.jpg,0
ppeneg_sh17_004039.jpg,0
ppeneg_sh17_008350.jpg,0
ppeneg_sh17_003887.jpg,0
ppeneg_sh17_013116.jpg,0
ppeneg_sh17_005501.jpg,0
ppeneg_sh17_004110.jpg,0
ppeneg_sh17_003000.jpg,0
ppeneg_sh17_002062.jpg,0
ppeneg_sh17_013292.jpg,0
ppeneg_sh17_008127.jpg,0
ppeneg_sh17_001660.jpg,0
ppeneg_sh17_013656.jpg,0
ppeneg_sh17_003369.jpg,0
ppeneg_sh17_007370.jpg,0
ppeneg_sh17_013205.jpg,0
ppeneg_sh17_005861.jpg,0
ppeneg_sh17_010721.jpg,0
ppeneg_sh17_013621.jpg,0
ppeneg_sh17_004933.jpg,0
ppeneg_sh17_008931.jpg,0
ppeneg_sh17_001555.jpg,0
ppeneg_sh17_006998.jpg,0
ppeneg_sh17_000855.jpg,0
ppeneg_sh17_004487.jpg,0
ppeneg_sh17_010871.jpg,0
ppeneg_sh17_013709.jpg,0
ppeneg_sh17_009072.jpg,0
ppeneg_sh17_004503.jpg,0
ppeneg_sh17_012827.jpg,0
ppeneg_sh17_008712.jpg,0
ppeneg_sh17_009215.jpg,0
ppeneg_sh17_013561.jpg,0
ppeneg_sh17_001764.jpg,0
ppeneg_sh17_004142.jpg,0
ppeneg_sh17_000761.jpg,0
ppeneg_sh17_008779.jpg,0
ppeneg_sh17_007676.jpg,0
ppeneg_sh17_000294.jpg,0
ppeneg_sh17_007263.jpg,0
ppeneg_sh17_008390.jpg,0
ppeneg_sh17_011801.jpg,0
ppeneg_sh17_007453.jpg,0
ppeneg_sh17_011106.jpg,0
ppeneg_sh17_007772.jpg,0
ppeneg_sh17_009227.jpg,0
ppeneg_sh17_011197.jpg,0
ppeneg_sh17_011004.jpg,0
ppeneg_sh17_006023.jpg,0
ppeneg_sh17_012556.jpg,0
ppeneg_sh17_000935.jpg,0
ppeneg_sh17_003290.jpg,0
ppeneg_sh17_001010.jpg,0
ppeneg_sh17_006431.jpg,0
ppeneg_sh17_009693.jpg,0
ppeneg_sh17_004459.jpg,0
ppeneg_sh17_008007.jpg,0
ppeneg_sh17_002330.jpg,0
ppeneg_sh17_006891.jpg,0
ppeneg_sh17_003039.jpg,0
ppeneg_sh17_006603.jpg,0
ppeneg_sh17_012437.jpg,0
ppeneg_sh17_012909.jpg,0
ppeneg_sh17_008951.jpg,0
ppeneg_sh17_003339.jpg,0
ppeneg_sh17_001354.jpg,0
ppeneg_sh17_013234.jpg,0
ppeneg_sh17_001934.jpg,0
ppeneg_sh17_003460.jpg,0
ppeneg_sh17_006070.jpg,0
ppeneg_sh17_009647.jpg,0
ppeneg_sh17_009983.jpg,0
ppeneg_sh17_005574.jpg,0
ppeneg_sh17_011688.jpg,0
ppeneg_sh17_001998.jpg,0
ppeneg_sh17_011537.jpg,0
ppeneg_sh17_000900.jpg,0
ppeneg_sh17_002919.jpg,0
ppeneg_sh17_008532.jpg,0
ppeneg_sh17_009167.jpg,0
ppeneg_sh17_008219.jpg,0
ppeneg_sh17_004644.jpg,0
ppeneg_sh17_006707.jpg,0
ppeneg_sh17_002150.jpg,0
ppeneg_sh17_004634.jpg,0
ppeneg_sh17_003807.jpg,0
ppeneg_sh17_005699.jpg,0
ppeneg_sh17_009932.jpg,0
ppeneg_sh17_010048.jpg,0
ppeneg_sh17_000745.jpg,0
ppeneg_sh17_005146.jpg,0
ppeneg_sh17_011934.jpg,0
ppeneg_sh17_013305.jpg,0
ppeneg_sh17_010709.jpg,0
ppeneg_sh17_004945.jpg,0
ppeneg_sh17_002293.jpg,0
ppeneg_sh17_012090.jpg,0
ppeneg_sh17_007205.jpg,0
ppeneg_sh17_010558.jpg,0
ppeneg_sh17_003875.jpg,0
ppeneg_sh17_002080.jpg,0
ppeneg_sh17_005913.jpg,0
ppeneg_sh17_009430.jpg,0
ppeneg_sh17_000229.jpg,0
ppeneg_sh17_004504.jpg,0
ppeneg_sh17_000029.jpg,0
ppeneg_sh17_005190.jpg,0
ppeneg_sh17_008393.jpg,0
ppeneg_sh17_001824.jpg,0
ppeneg_sh17_006540.jpg,0
ppeneg_sh17_007558.jpg,0
ppeneg_sh17_001005.jpg,0
ppeneg_sh17_000777.jpg,0
ppeneg_sh17_006604.jpg,0
ppeneg_sh17_001693.jpg,0
ppeneg_sh17_003713.jpg,0
ppeneg_sh17_001667.jpg,0
ppeneg_sh17_004324.jpg,0
ppeneg_sh17_013202.jpg,0
ppeneg_sh17_002877.jpg,0
ppeneg_sh17_001022.jpg,0
ppeneg_sh17_003432.jpg,0
ppeneg_sh17_008183.jpg,0
ppeneg_sh17_011156.jpg,0
ppeneg_sh17_007606.jpg,0
ppeneg_sh17_006507.jpg,0
ppeneg_sh17_006113.jpg,0
ppeneg_sh17_005972.jpg,0
ppeneg_sh17_006666.jpg,0
ppeneg_sh17_002591.jpg,0
ppeneg_sh17_007055.jpg,0
ppeneg_sh17_003925.jpg,0
ppeneg_sh17_001129.jpg,0
ppeneg_sh17_005270.jpg,0
ppeneg_sh17_011548.jpg,0
ppeneg_sh17_006319.jpg,0
ppeneg_sh17_002655.jpg,0
ppeneg_sh17_001292.jpg,0
ppeneg_sh17_002398.jpg,0
ppeneg_sh17_005835.jpg,0
ppeneg_sh17_000580.jpg,0
ppeneg_sh17_004529.jpg,0
ppeneg_sh17_006273.jpg,0
ppeneg_sh17_007278.jpg,0
ppeneg_sh17_003183.jpg,0
ppeneg_sh17_000824.jpg,0
ppeneg_sh17_002851.jpg,0
ppeneg_sh17_011192.jpg,0
ppeneg_sh17_007377.jpg,0
ppeneg_sh17_004312.jpg,0
ppeneg_sh17_006957.jpg,0
ppeneg_sh17_009795.jpg,0
ppeneg_sh17_007137.jpg,0
ppeneg_sh17_001515.jpg,0
ppeneg_sh17_001350.jpg,0
ppeneg_sh17_012027.jpg,0
ppeneg_sh17_004100.jpg,0
ppeneg_sh17_008310.jpg,0
ppeneg_sh17_011314.jpg,0
ppeneg_sh17_010573.jpg,0
ppeneg_sh17_012640.jpg,0
ppeneg_sh17_001083.jpg,0
ppeneg_sh17_006829.jpg,0
ppeneg_sh17_012120.jpg,0
ppeneg_sh17_007218.jpg,0
ppeneg_sh17_010197.jpg,0
ppeneg_sh17_008544.jpg,0
ppeneg_sh17_003760.jpg,0
ppeneg_sh17_009744.jpg,0
ppeneg_sh17_000076.jpg,0
ppeneg_sh17_000772.jpg,0
ppeneg_sh17_000984.jpg,0
ppeneg_sh17_011254.jpg,0
ppeneg_sh17_010119.jpg,0
ppeneg_sh17_002984.jpg,0
ppeneg_sh17_005822.jpg,0
ppeneg_sh17_000487.jpg,0
ppeneg_sh17_000068.jpg,0
ppeneg_sh17_008468.jpg,0
ppeneg_sh17_012537.jpg,0
ppeneg_sh17_012172.jpg,0
ppeneg_sh17_007518.jpg,0
ppeneg_sh17_011719.jpg,0
ppeneg_sh17_004234.jpg,0
ppeneg_sh17_006570.jpg,0
ppeneg_sh17_013270.jpg,0
ppeneg_sh17_007044.jpg,0
ppeneg_sh17_010072.jpg,0
ppeneg_sh17_009832.jpg,0
ppeneg_sh17_004404.jpg,0
ppeneg_sh17_008274.jpg,0
ppeneg_sh17_006461.jpg,0
ppeneg_sh17_009524.jpg,0
ppeneg_sh17_009666.jpg,0
ppeneg_sh17_003804.jpg,0
ppeneg_sh17_013529.jpg,0
ppeneg_sh17_007827.jpg,0
ppeneg_sh17_012330.jpg,0
ppeneg_sh17_004537.jpg,0
ppeneg_sh17_002858.jpg,0
ppeneg_sh17_001929.jpg,0
ppeneg_sh17_009335.jpg,0
ppeneg_sh17_000423.jpg,0
ppeneg_sh17_002588.jpg,0
ppeneg_sh17_012985.jpg,0
ppeneg_sh17_003295.jpg,0
ppeneg_sh17_005623.jpg,0
ppeneg_sh17_012876.jpg,0
ppeneg_sh17_013145.jpg,0
ppeneg_sh17_011139.jpg,0
ppeneg_sh17_004064.jpg,0
ppeneg_sh17_010290.jpg,0
ppeneg_sh17_009289.jpg,0
ppeneg_sh17_005113.jpg,0
ppeneg_sh17_003596.jpg,0
ppeneg_sh17_010943.jpg,0
ppeneg_sh17_013191.jpg,0
ppeneg_sh17_010712.jpg,0
ppeneg_sh17_012874.jpg,0
ppeneg_sh17_005306.jpg,0
ppeneg_sh17_011095.jpg,0
ppeneg_sh17_002981.jpg,0
ppeneg_sh17_002651.jpg,0
ppeneg_sh17_006633.jpg,0
ppeneg_sh17_002089.jpg,0
ppeneg_sh17_010538.jpg,0
ppeneg_sh17_000063.jpg,0
ppeneg_sh17_010270.jpg,0
ppeneg_sh17_007356.jpg,0
ppeneg_sh17_010825.jpg,0
ppeneg_sh17_000549.jpg,0
ppeneg_sh17_012696.jpg,0
ppeneg_sh17_010704.jpg,0
ppeneg_sh17_004028.jpg,0
ppeneg_sh17_010660.jpg,0
ppeneg_sh17_013542.jpg,0
ppeneg_sh17_011835.jpg,0
ppeneg_sh17_005785.jpg,0
ppeneg_sh17_002628.jpg,0
ppeneg_sh17_013684.jpg,0
ppeneg_sh17_008524.jpg,0
ppeneg_sh17_007159.jpg,0
ppeneg_sh17_003078.jpg,0
ppeneg_sh17_002816.jpg,0
ppeneg_sh17_000486.jpg,0
ppeneg_sh17_011935.jpg,0
ppeneg_sh17_009721.jpg,0
ppeneg_sh17_003363.jpg,0
ppeneg_sh17_003217.jpg,0
ppeneg_sh17_004658.jpg,0
ppeneg_sh17_009138.jpg,0
ppeneg_sh17_002477.jpg,0
ppeneg_sh17_005929.jpg,0
ppeneg_sh17_012981.jpg,0
ppeneg_sh17_011968.jpg,0
ppeneg_sh17_009926.jpg,0
ppeneg_sh17_011087.jpg,0
ppeneg_sh17_006786.jpg,0
ppeneg_sh17_001196.jpg,0
ppeneg_sh17_002121.jpg,0
ppeneg_sh17_008281.jpg,0
ppeneg_sh17_001940.jpg,0
ppeneg_sh17_002781.jpg,0
ppeneg_sh17_000361.jpg,0
ppeneg_sh17_000717.jpg,0
ppeneg_sh17_009680.jpg,0
ppeneg_sh17_008337.jpg,0
ppeneg_sh17_005666.jpg,0
ppeneg_sh17_004511.jpg,0
ppeneg_sh17_011663.jpg,0
ppeneg_sh17_002720.jpg,0
ppeneg_sh17_000564.jpg,0
ppeneg_sh17_012597.jpg,0
ppeneg_sh17_013139.jpg,0
ppeneg_sh17_005761.jpg,0
ppeneg_sh17_010791.jpg,0
ppeneg_sh17_006954.jpg,0
ppeneg_sh17_012453.jpg,0
ppeneg_sh17_003472.jpg,0
ppeneg_sh17_002492.jpg,0
ppeneg_sh17_008667.jpg,0
ppeneg_sh17_000845.jpg,0
ppeneg_sh17_003107.jpg,0
ppeneg_sh17_011431.jpg,0
ppeneg_sh17_009658.jpg,0
ppeneg_sh17_004770.jpg,0
ppeneg_sh17_013352.jpg,0
ppeneg_sh17_011169.jpg,0
ppeneg_sh17_009371.jpg,0
ppeneg_sh17_006572.jpg,0
ppeneg_sh17_002808.jpg,0
ppeneg_sh17_011343.jpg,0
ppeneg_sh17_003314.jpg,0
ppeneg_sh17_000858.jpg,0
ppeneg_sh17_008290.jpg,0
ppeneg_sh17_011214.jpg,0
ppeneg_sh17_000856.jpg,0
ppeneg_sh17_013554.jpg,0
ppeneg_sh17_006911.jpg,0
ppeneg_sh17_012051.jpg,0
ppeneg_sh17_000165.jpg,0
ppeneg_sh17_000664.jpg,0
ppeneg_sh17_010723.jpg,0
ppeneg_sh17_010005.jpg,0
ppeneg_sh17_007720.jpg,0
ppeneg_sh17_001323.jpg,0
ppeneg_sh17_003374.jpg,0
ppeneg_sh17_008610.jpg,0
ppeneg_sh17_011050.jpg,0
ppeneg_sh17_001168.jpg,0
ppeneg_sh17_006127.jpg,0
ppeneg_sh17_003358.jpg,0
ppeneg_sh17_008622.jpg,0
ppeneg_sh17_013395.jpg,0
ppeneg_sh17_002974.jpg,0
ppeneg_sh17_008322.jpg,0
ppeneg_sh17_002350.jpg,0
ppeneg_sh17_012340.jpg,0
ppeneg_sh17_013412.jpg,0
ppeneg_sh17_004775.jpg,0
ppeneg_sh17_010896.jpg,0
ppeneg_sh17_000939.jpg,0
ppeneg_sh17_008538.jpg,0
ppeneg_sh17_006003.jpg,0
ppeneg_sh17_006424.jpg,0
ppeneg_sh17_012845.jpg,0
ppeneg_sh17_011490.jpg,0
ppeneg_sh17_013452.jpg,0
ppeneg_sh17_007228.jpg,0
ppeneg_sh17_008743.jpg,0
ppeneg_sh17_008471.jpg,0
ppeneg_sh17_003084.jpg,0
ppeneg_sh17_013149.jpg,0
ppeneg_sh17_005626.jpg,0
ppeneg_sh17_007481.jpg,0
ppeneg_sh17_002078.jpg,0
ppeneg_sh17_003449.jpg,0
ppeneg_sh17_011042.jpg,0
ppeneg_sh17_012577.jpg,0
ppeneg_sh17_008504.jpg,0
ppeneg_sh17_001465.jpg,0
ppeneg_sh17_000927.jpg,0
ppeneg_sh17_003004.jpg,0
ppeneg_sh17_004561.jpg,0
ppeneg_sh17_005905.jpg,0
ppeneg_sh17_012233.jpg,0
ppeneg_sh17_012674.jpg,0
ppeneg_sh17_000150.jpg,0
ppeneg_sh17_007628.jpg,0
ppeneg_sh17_002538.jpg,0
ppeneg_sh17_003809.jpg,0
ppeneg_sh17_000109.jpg,0
ppeneg_sh17_002204.jpg,0
ppeneg_sh17_000491.jpg,0
ppeneg_sh17_010255.jpg,0
ppeneg_sh17_006031.jpg,0
ppeneg_sh17_009596.jpg,0
ppeneg_sh17_010348.jpg,0
ppeneg_sh17_008613.jpg,0
ppeneg_sh17_006984.jpg,0
ppeneg_sh17_006365.jpg,0
ppeneg_sh17_007253.jpg,0
ppeneg_sh17_002658.jpg,0
ppeneg_sh17_005927.jpg,0
ppeneg_sh17_003231.jpg,0
ppeneg_sh17_004103.jpg,0
ppeneg_sh17_003557.jpg,0
ppeneg_sh17_001960.jpg,0
ppeneg_sh17_006383.jpg,0
ppeneg_sh17_011796.jpg,0
ppeneg_sh17_004209.jpg,0
ppeneg_sh17_009592.jpg,0
ppeneg_sh17_003330.jpg,0
ppeneg_sh17_001968.jpg,0
ppeneg_sh17_002253.jpg,0
ppeneg_sh17_012720.jpg,0
ppeneg_sh17_000248.jpg,0
ppeneg_sh17_006791.jpg,0
ppeneg_sh17_011745.jpg,0
ppeneg_sh17_000862.jpg,0
ppeneg_sh17_008936.jpg,0
ppeneg_sh17_009998.jpg,0
ppeneg_sh17_001635.jpg,0
ppeneg_sh17_003740.jpg,0
ppeneg_sh17_010844.jpg,0
ppeneg_sh17_000131.jpg,0
ppeneg_sh17_004579.jpg,0
ppeneg_sh17_007061.jpg,0
ppeneg_sh17_002763.jpg,0
ppeneg_sh17_000002.jpg,0
ppeneg_sh17_002520.jpg,0
ppeneg_sh17_003974.jpg,0
ppeneg_sh17_011893.jpg,0
ppeneg_sh17_013039.jpg,0
ppeneg_sh17_005994.jpg,0
ppeneg_sh17_006445.jpg,0
ppeneg_sh17_012376.jpg,0
ppeneg_sh17_013119.jpg,0
ppeneg_sh17_006598.jpg,0
ppeneg_sh17_013659.jpg,0
ppeneg_sh17_010427.jpg,0
ppeneg_sh17_001626.jpg,0
ppeneg_sh17_012190.jpg,0
ppeneg_sh17_011059.jpg,0
ppeneg_sh17_008111.jpg,0
ppeneg_sh17_013255.jpg,0
ppeneg_sh17_008198.jpg,0
ppeneg_sh17_004331.jpg,0
ppeneg_sh17_001511.jpg,0
ppeneg_sh17_011000.jpg,0
ppeneg_sh17_012177.jpg,0
ppeneg_sh17_003019.jpg,0
ppeneg_sh17_009499.jpg,0
ppeneg_sh17_000277.jpg,0
ppeneg_sh17_009314.jpg,0
ppeneg_sh17_007337.jpg,0
ppeneg_sh17_007371.jpg,0
ppeneg_sh17_005676.jpg,0
ppeneg_sh17_009220.jpg,0
ppeneg_sh17_007979.jpg,0
ppeneg_sh17_008269.jpg,0
ppeneg_sh17_013387.jpg,0
ppeneg_sh17_006634.jpg,0
ppeneg_sh17_003799.jpg,0
ppeneg_sh17_007345.jpg,0
ppeneg_sh17_009299.jpg,0
ppeneg_sh17_000534.jpg,0
ppeneg_sh17_001011.jpg,0
ppeneg_sh17_010585.jpg,0
ppeneg_sh17_013042.jpg,0
ppeneg_sh17_009420.jpg,0
ppeneg_sh17_009834.jpg,0
ppeneg_sh17_001170.jpg,0
ppeneg_sh17_008419.jpg,0
ppeneg_sh17_003758.jpg,0
ppeneg_sh17_008580.jpg,0
ppeneg_sh17_002117.jpg,0
ppeneg_sh17_001526.jpg,0
ppeneg_sh17_001412.jpg,0
ppeneg_sh17_002765.jpg,0
ppeneg_sh17_010904.jpg,0
ppeneg_sh17_003883.jpg,0
ppeneg_sh17_000922.jpg,0
ppeneg_sh17_011829.jpg,0
ppeneg_sh17_003086.jpg,0
ppeneg_sh17_005360.jpg,0
ppeneg_sh17_011736.jpg,0
ppeneg_sh17_010173.jpg,0
ppeneg_sh17_003038.jpg,0
ppeneg_sh17_005251.jpg,0
ppeneg_sh17_006242.jpg,0
ppeneg_sh17_006516.jpg,0
ppeneg_sh17_011542.jpg,0
ppeneg_sh17_000982.jpg,0
ppeneg_sh17_000748.jpg,0
ppeneg_sh17_008940.jpg,0
ppeneg_sh17_013278.jpg,0
ppeneg_sh17_010715.jpg,0
ppeneg_sh17_007351.jpg,0
ppeneg_sh17_006950.jpg,0
ppeneg_sh17_006297.jpg,0
ppeneg_sh17_001821.jpg,0
ppeneg_sh17_013752.jpg,0
ppeneg_sh17_006191.jpg,0
ppeneg_sh17_007643.jpg,0
ppeneg_sh17_003915.jpg,0
ppeneg_sh17_013500.jpg,0
ppeneg_sh17_009923.jpg,0
ppeneg_sh17_013166.jpg,0
ppeneg_sh17_004296.jpg,0
ppeneg_sh17_001171.jpg,0
ppeneg_sh17_004300.jpg,0
ppeneg_sh17_004345.jpg,0
ppeneg_sh17_012781.jpg,0
ppeneg_sh17_009588.jpg,0
ppeneg_sh17_013524.jpg,0
ppeneg_sh17_004003.jpg,0
ppeneg_sh17_009208.jpg,0
ppeneg_sh17_008371.jpg,0
ppeneg_sh17_004366.jpg,0
ppeneg_sh17_005773.jpg,0
ppeneg_sh17_005769.jpg,0
ppeneg_sh17_012604.jpg,0
ppeneg_sh17_005588.jpg,0
ppeneg_sh17_006760.jpg,0
ppeneg_sh17_005650.jpg,0
ppeneg_sh17_002682.jpg,0
ppeneg_sh17_012901.jpg,0
ppeneg_sh17_006871.jpg,0
ppeneg_sh17_000209.jpg,0
ppeneg_sh17_001110.jpg,0
ppeneg_sh17_002820.jpg,0
ppeneg_sh17_000360.jpg,0
ppeneg_sh17_008726.jpg,0
ppeneg_sh17_011603.jpg,0
ppeneg_sh17_003632.jpg,0
ppeneg_sh17_001644.jpg,0
ppeneg_sh17_002541.jpg,0
ppeneg_sh17_007545.jpg,0
ppeneg_sh17_012315.jpg,0
ppeneg_sh17_007486.jpg,0
ppeneg_sh17_011383.jpg,0
ppeneg_sh17_010035.jpg,0
ppeneg_sh17_007650.jpg,0
ppeneg_sh17_004457.jpg,0
ppeneg_sh17_001779.jpg,0
ppeneg_sh17_008915.jpg,0
ppeneg_sh17_004086.jpg,0
ppeneg_sh17_006494.jpg,0
ppeneg_sh17_011702.jpg,0
ppeneg_sh17_013227.jpg,0
ppeneg_sh17_011165.jpg,0
ppeneg_sh17_013655.jpg,0
ppeneg_sh17_003159.jpg,0
ppeneg_sh17_013713.jpg,0
ppeneg_sh17_000169.jpg,0
ppeneg_sh17_009119.jpg,0
ppeneg_sh17_007297.jpg,0
ppeneg_sh17_013010.jpg,0
ppeneg_sh17_011666.jpg,0
ppeneg_sh17_004416.jpg,0
ppeneg_sh17_003429.jpg,0
ppeneg_sh17_008138.jpg,0
ppeneg_sh17_010161.jpg,0
ppeneg_sh17_005786.jpg,0
ppeneg_sh17_002875.jpg,0
ppeneg_sh17_007885.jpg,0
ppeneg_sh17_009187.jpg,0
ppeneg_sh17_005299.jpg,0
ppeneg_sh17_012697.jpg,0
ppeneg_sh17_004795.jpg,0
ppeneg_sh17_002917.jpg,0
ppeneg_sh17_011481.jpg,0
ppeneg_sh17_009868.jpg,0
ppeneg_sh17_000997.jpg,0
ppeneg_sh17_008725.jpg,0
ppeneg_sh17_005378.jpg,0
ppeneg_sh17_003216.jpg,0
ppeneg_sh17_012550.jpg,0
ppeneg_sh17_012308.jpg,0
ppeneg_sh17_003715.jpg,0
ppeneg_sh17_002444.jpg,0
ppeneg_sh17_009768.jpg,0
ppeneg_sh17_006096.jpg,0
ppeneg_sh17_012003.jpg,0
ppeneg_sh17_005369.jpg,0
ppeneg_sh17_012322.jpg,0
ppeneg_sh17_003945.jpg,0
ppeneg_sh17_006490.jpg,0
ppeneg_sh17_009434.jpg,0
ppeneg_sh17_001974.jpg,0
ppeneg_sh17_011580.jpg,0
ppeneg_sh17_005578.jpg,0
ppeneg_sh17_008247.jpg,0
ppeneg_sh17_012441.jpg,0
ppeneg_sh17_003180.jpg,0
ppeneg_sh17_006197.jpg,0
ppeneg_sh17_005527.jpg,0
ppeneg_sh17_011651.jpg,0
ppeneg_sh17_007861.jpg,0
ppeneg_sh17_007704.jpg,0
ppeneg_sh17_008241.jpg,0
ppeneg_sh17_002472.jpg,0
ppeneg_sh17_012734.jpg,0
ppeneg_sh17_003085.jpg,0
ppeneg_sh17_005333.jpg,0
ppeneg_sh17_012015.jpg,0
ppeneg_sh17_007077.jpg,0
ppeneg_sh17_002934.jpg,0
ppeneg_sh17_001915.jpg,0
ppeneg_sh17_007719.jpg,0
ppeneg_sh17_002660.jpg,0
ppeneg_sh17_011833.jpg,0
ppeneg_sh17_008523.jpg,0
ppeneg_sh17_008589.jpg,0
ppeneg_sh17_005173.jpg,0
ppeneg_sh17_008278.jpg,0
ppeneg_sh17_011342.jpg,0
ppeneg_sh17_005289.jpg,0
ppeneg_sh17_005164.jpg,0
ppeneg_sh17_007477.jpg,0
ppeneg_sh17_003287.jpg,0
ppeneg_sh17_009851.jpg,0
ppeneg_sh17_011916.jpg,0
ppeneg_sh17_009406.jpg,0
ppeneg_sh17_013056.jpg,0
ppeneg_sh17_009017.jpg,0
ppeneg_sh17_012300.jpg,0
ppeneg_sh17_004488.jpg,0
ppeneg_sh17_005067.jpg,0
ppeneg_sh17_004508.jpg,0
ppeneg_sh17_006723.jpg,0
ppeneg_sh17_009970.jpg,0
ppeneg_sh17_010630.jpg,0
ppeneg_sh17_006932.jpg,0
ppeneg_sh17_010780.jpg,0
ppeneg_sh17_001062.jpg,0
ppeneg_sh17_000568.jpg,0
ppeneg_sh17_011762.jpg,0
ppeneg_sh17_003441.jpg,0
ppeneg_sh17_003686.jpg,0
ppeneg_sh17_009903.jpg,0
ppeneg_sh17_001344.jpg,0
ppeneg_sh17_009036.jpg,0
ppeneg_sh17_001106.jpg,0
ppeneg_sh17_010997.jpg,0
ppeneg_sh17_008946.jpg,0
ppeneg_sh17_011493.jpg,0
ppeneg_sh17_006888.jpg,0
ppeneg_sh17_013703.jpg,0
ppeneg_sh17_002780.jpg,0
ppeneg_sh17_004930.jpg,0
ppeneg_sh17_010937.jpg,0
ppeneg_sh17_010179.jpg,0
ppeneg_sh17_009842.jpg,0
ppeneg_sh17_012983.jpg,0
ppeneg_sh17_012043.jpg,0
ppeneg_sh17_001833.jpg,0
ppeneg_sh17_006510.jpg,0
ppeneg_sh17_013373.jpg,0
ppeneg_sh17_005040.jpg,0
ppeneg_sh17_013366.jpg,0
ppeneg_sh17_003550.jpg,0
ppeneg_sh17_013212.jpg,0
ppeneg_sh17_007190.jpg,0
ppeneg_sh17_009787.jpg,0
ppeneg_sh17_009960.jpg,0
ppeneg_sh17_011891.jpg,0
ppeneg_sh17_010618.jpg,0
ppeneg_sh17_010296.jpg,0
ppeneg_sh17_006296.jpg,0
ppeneg_sh17_009051.jpg,0
ppeneg_sh17_012426.jpg,0
ppeneg_sh17_011807.jpg,0
ppeneg_sh17_013244.jpg,0
ppeneg_sh17_000204.jpg,0
ppeneg_sh17_002163.jpg,0
ppeneg_sh17_013008.jpg,0
ppeneg_sh17_005351.jpg,0
ppeneg_sh17_002032.jpg,0
ppeneg_sh17_005741.jpg,0
ppeneg_sh17_010031.jpg,0
ppeneg_sh17_008213.jpg,0
ppeneg_sh17_009785.jpg,0
ppeneg_sh17_001983.jpg,0
ppeneg_sh17_005435.jpg,0
ppeneg_sh17_003043.jpg,0
ppeneg_sh17_012575.jpg,0
ppeneg_sh17_001489.jpg,0
ppeneg_sh17_008496.jpg,0
ppeneg_sh17_007132.jpg,0
ppeneg_sh17_010160.jpg,0
ppeneg_sh17_012826.jpg,0
ppeneg_sh17_004486.jpg,0
ppeneg_sh17_006489.jpg,0
ppeneg_sh17_012101.jpg,0
ppeneg_sh17_008109.jpg,0
ppeneg_sh17_000457.jpg,0
ppeneg_sh17_009597.jpg,0
ppeneg_sh17_004703.jpg,0
ppeneg_sh17_013496.jpg,0
ppeneg_sh17_003530.jpg,0
ppeneg_sh17_010977.jpg,0
ppeneg_sh17_009186.jpg,0
ppeneg_sh17_012861.jpg,0
ppeneg_sh17_005377.jpg,0
ppeneg_sh17_009525.jpg,0
ppeneg_sh17_002775.jpg,0
ppeneg_sh17_005448.jpg,0
ppeneg_sh17_009675.jpg,0
ppeneg_sh17_003982.jpg,0
ppeneg_sh17_005838.jpg,0
ppeneg_sh17_004708.jpg,0
ppeneg_sh17_007094.jpg,0
ppeneg_sh17_010594.jpg,0
ppeneg_sh17_001864.jpg,0
ppeneg_sh17_010380.jpg,0
ppeneg_sh17_000758.jpg,0
ppeneg_sh17_010569.jpg,0
ppeneg_sh17_007837.jpg,0
ppeneg_sh17_012002.jpg,0
ppeneg_sh17_005184.jpg,0
ppeneg_sh17_006527.jpg,0
ppeneg_sh17_007392.jpg,0
ppeneg_sh17_006214.jpg,0
ppeneg_sh17_000723.jpg,0
ppeneg_sh17_003514.jpg,0
ppeneg_sh17_004965.jpg,0
ppeneg_sh17_001164.jpg,0
ppeneg_sh17_000966.jpg,0
ppeneg_sh17_013295.jpg,0
ppeneg_sh17_001539.jpg,0
ppeneg_sh17_009818.jpg,0
ppeneg_sh17_012267.jpg,0
ppeneg_sh17_005900.jpg,0
ppeneg_sh17_001551.jpg,0
ppeneg_sh17_013074.jpg,0
ppeneg_sh17_013389.jpg,0
ppeneg_sh17_008150.jpg,0
ppeneg_sh17_011315.jpg,0
ppeneg_sh17_001557.jpg,0
ppeneg_sh17_009381.jpg,0
ppeneg_sh17_011516.jpg,0
ppeneg_sh17_005138.jpg,0
ppeneg_sh17_008644.jpg,0
ppeneg_sh17_012297.jpg,0
ppeneg_sh17_000555.jpg,0
ppeneg_sh17_001565.jpg,0
ppeneg_sh17_010555.jpg,0
ppeneg_sh17_005016.jpg,0
ppeneg_sh17_008853.jpg,0
ppeneg_sh17_001340.jpg,0
ppeneg_sh17_000355.jpg,0
ppeneg_sh17_012007.jpg,0
ppeneg_sh17_000325.jpg,0
ppeneg_sh17_013506.jpg,0
ppeneg_sh17_005892.jpg,0
ppeneg_sh17_008928.jpg,0
ppeneg_sh17_002272.jpg,0
ppeneg_sh17_010919.jpg,0
ppeneg_sh17_000561.jpg,0
ppeneg_sh17_012362.jpg,0
ppeneg_sh17_008656.jpg,0
ppeneg_sh17_001879.jpg,0
ppeneg_sh17_002741.jpg,0
ppeneg_sh17_010602.jpg,0
ppeneg_sh17_007488.jpg,0
ppeneg_sh17_009241.jpg,0
ppeneg_sh17_004603.jpg,0
ppeneg_sh17_008060.jpg,0
ppeneg_sh17_010400.jpg,0
ppeneg_sh17_000113.jpg,0
ppeneg_sh17_005672.jpg,0
ppeneg_sh17_011312.jpg,0
ppeneg_sh17_010673.jpg,0
ppeneg_sh17_011975.jpg,0
ppeneg_sh17_006204.jpg,0
ppeneg_sh17_004762.jpg,0
ppeneg_sh17_009443.jpg,0
ppeneg_sh17_002832.jpg,0
ppeneg_sh17_004793.jpg,0
ppeneg_sh17_010398.jpg,0
ppeneg_sh17_011443.jpg,0
ppeneg_sh17_008343.jpg,0
ppeneg_sh17_001093.jpg,0
ppeneg_sh17_011786.jpg,0
ppeneg_sh17_012524.jpg,0
ppeneg_sh17_013088.jpg,0
ppeneg_sh17_005806.jpg,0
ppeneg_sh17_008292.jpg,0
ppeneg_sh17_000078.jpg,0
ppeneg_sh17_000417.jpg,0
ppeneg_sh17_006721.jpg,0
ppeneg_sh17_013263.jpg,0
ppeneg_sh17_007616.jpg,0
ppeneg_sh17_003106.jpg,0
ppeneg_sh17_009296.jpg,0
ppeneg_sh17_010181.jpg,0
ppeneg_sh17_013282.jpg,0
ppeneg_sh17_001546.jpg,0
ppeneg_sh17_002403.jpg,0
ppeneg_sh17_013106.jpg,0
ppeneg_sh17_000071.jpg,0
ppeneg_sh17_008184.jpg,0
ppeneg_sh17_003235.jpg,0
ppeneg_sh17_001984.jpg,0
ppeneg_sh17_001707.jpg,0
ppeneg_sh17_006174.jpg,0
ppeneg_sh17_001858.jpg,0
ppeneg_sh17_004894.jpg,0
ppeneg_sh17_010317.jpg,0
ppeneg_sh17_012567.jpg,0
ppeneg_sh17_011002.jpg,0
ppeneg_sh17_010619.jpg,0
ppeneg_sh17_000696.jpg,0
ppeneg_sh17_008658.jpg,0
ppeneg_sh17_004202.jpg,0
ppeneg_sh17_004336.jpg,0
ppeneg_sh17_007679.jpg,0
ppeneg_sh17_002865.jpg,0
ppeneg_sh17_011033.jpg,0
ppeneg_sh17_002400.jpg,0
ppeneg_sh17_001427.jpg,0
ppeneg_sh17_001208.jpg,0
ppeneg_sh17_002873.jpg,0
ppeneg_sh17_004697.jpg,0
ppeneg_sh17_001797.jpg,0
ppeneg_sh17_006923.jpg,0
ppeneg_sh17_005726.jpg,0
ppeneg_sh17_006964.jpg,0
ppeneg_sh17_006727.jpg,0
ppeneg_sh17_013657.jpg,0
ppeneg_sh17_003803.jpg,0
ppeneg_sh17_004623.jpg,0
ppeneg_sh17_000672.jpg,0
ppeneg_sh17_006320.jpg,0
ppeneg_sh17_004613.jpg,0
ppeneg_sh17_013219.jpg,0
ppeneg_sh17_008621.jpg,0
ppeneg_sh17_004588.jpg,0
ppeneg_sh17_009750.jpg,0
ppeneg_sh17_005694.jpg,0
ppeneg_sh17_007438.jpg,0
ppeneg_sh17_006986.jpg,0
ppeneg_sh17_000245.jpg,0
ppeneg_sh17_009104.jpg,0
ppeneg_sh17_010724.jpg,0
ppeneg_sh17_013258.jpg,0
ppeneg_sh17_002005.jpg,0
ppeneg_sh17_008373.jpg,0
ppeneg_sh17_012282.jpg,0
ppeneg_sh17_005758.jpg,0
ppeneg_sh17_004239.jpg,0
ppeneg_sh17_013134.jpg,0
ppeneg_sh17_007013.jpg,0
ppeneg_sh17_007688.jpg,0
ppeneg_sh17_013425.jpg,0
ppeneg_sh17_010730.jpg,0
ppeneg_sh17_002043.jpg,0
ppeneg_sh17_008798.jpg,0
ppeneg_sh17_003002.jpg,0
ppeneg_sh17_011614.jpg,0
ppeneg_sh17_005516.jpg,0
ppeneg_sh17_003236.jpg,0
ppeneg_sh17_000627.jpg,0
ppeneg_sh17_011597.jpg,0
ppeneg_sh17_012454.jpg,0
ppeneg_sh17_004718.jpg,0
ppeneg_sh17_002036.jpg,0
ppeneg_sh17_000712.jpg,0
ppeneg_sh17_011989.jpg,0
ppeneg_sh17_006968.jpg,0
ppeneg_sh17_008553.jpg,0
ppeneg_sh17_007260.jpg,0
ppeneg_sh17_008074.jpg,0
ppeneg_sh17_001384.jpg,0
ppeneg_sh17_008331.jpg,0
ppeneg_sh17_010281.jpg,0
ppeneg_sh17_000110.jpg,0
ppeneg_sh17_000870.jpg,0
ppeneg_sh17_002662.jpg,0
ppeneg_sh17_010394.jpg,0
ppeneg_sh17_009389.jpg,0
ppeneg_sh17_006122.jpg,0
ppeneg_sh17_005867.jpg,0
ppeneg_sh17_007005.jpg,0
ppeneg_sh17_010528.jpg,0
ppeneg_sh17_009002.jpg,0
ppeneg_sh17_003795.jpg,0
ppeneg_sh17_004054.jpg,0
ppeneg_sh17_011713.jpg,0
ppeneg_sh17_006033.jpg,0
ppeneg_sh17_004219.jpg,0
ppeneg_sh17_006495.jpg,0
ppeneg_sh17_005969.jpg,0
ppeneg_sh17_013180.jpg,0
ppeneg_sh17_005022.jpg,0
ppeneg_sh17_001429.jpg,0
ppeneg_sh17_010204.jpg,0
ppeneg_sh17_005207.jpg,0
ppeneg_sh17_003133.jpg,0
ppeneg_sh17_012782.jpg,0
ppeneg_sh17_007886.jpg,0
ppeneg_sh17_005724.jpg,0
ppeneg_sh17_009688.jpg,0
ppeneg_sh17_001949.jpg,0
ppeneg_sh17_003624.jpg,0
ppeneg_sh17_010074.jpg,0
ppeneg_sh17_010575.jpg,0
ppeneg_sh17_001463.jpg,0
ppeneg_sh17_003655.jpg,0
ppeneg_sh17_007325.jpg,0
ppeneg_sh17_004407.jpg,0
ppeneg_sh17_005522.jpg,0
ppeneg_sh17_000682.jpg,0
ppeneg_sh17_013757.jpg,0
ppeneg_sh17_011011.jpg,0
ppeneg_sh17_006479.jpg,0
ppeneg_sh17_002058.jpg,0
ppeneg_sh17_005468.jpg,0
ppeneg_sh17_000990.jpg,0
ppeneg_sh17_009895.jpg,0
ppeneg_sh17_013314.jpg,0
ppeneg_sh17_007347.jpg,0
ppeneg_sh17_006929.jpg,0
ppeneg_sh17_007781.jpg,0
ppeneg_sh17_007540.jpg,0
ppeneg_sh17_012059.jpg,0
ppeneg_sh17_004707.jpg,0
ppeneg_sh17_009508.jpg,0
ppeneg_sh17_007031.jpg,0
ppeneg_sh17_012853.jpg,0
ppeneg_sh17_002076.jpg,0
ppeneg_sh17_012919.jpg,0
ppeneg_sh17_002209.jpg,0
ppeneg_sh17_001689.jpg,0
ppeneg_sh17_010211.jpg,0
ppeneg_sh17_011958.jpg,0
ppeneg_sh17_012498.jpg,0
ppeneg_sh17_010280.jpg,0
ppeneg_sh17_005166.jpg,0
ppeneg_sh17_010579.jpg,0
ppeneg_sh17_006341.jpg,0
ppeneg_sh17_003067.jpg,0
ppeneg_sh17_003060.jpg,0
ppeneg_sh17_006792.jpg,0
ppeneg_sh17_000624.jpg,0
ppeneg_sh17_004490.jpg,0
ppeneg_sh17_006045.jpg,0
ppeneg_sh17_001633.jpg,0
ppeneg_sh17_011334.jpg,0
ppeneg_sh17_013581.jpg,0
ppeneg_sh17_011242.jpg,0
ppeneg_sh17_000201.jpg,0
ppeneg_sh17_007849.jpg,0
ppeneg_sh17_011039.jpg,0
ppeneg_sh17_002402.jpg,0
ppeneg_sh17_001697.jpg,0
ppeneg_sh17_013438.jpg,0
ppeneg_sh17_006030.jpg,0
ppeneg_sh17_011005.jpg,0
ppeneg_sh17_002047.jpg,0
ppeneg_sh17_009487.jpg,0
ppeneg_sh17_001945.jpg,0
ppeneg_sh17_006500.jpg,0
ppeneg_sh17_011942.jpg,0
ppeneg_sh17_006384.jpg,0
ppeneg_sh17_005976.jpg,0
ppeneg_sh17_012757.jpg,0
ppeneg_sh17_009315.jpg,0
ppeneg_sh17_000746.jpg,0
ppeneg_sh17_006712.jpg,0
ppeneg_sh17_008052.jpg,0
ppeneg_sh17_008886.jpg,0
ppeneg_sh17_012791.jpg,0
ppeneg_sh17_012993.jpg,0
ppeneg_sh17_009070.jpg,0
ppeneg_sh17_013175.jpg,0
ppeneg_sh17_011885.jpg,0
ppeneg_sh17_006399.jpg,0
ppeneg_sh17_007153.jpg,0
ppeneg_sh17_008211.jpg,0
ppeneg_sh17_010291.jpg,0
ppeneg_sh17_007762.jpg,0
ppeneg_sh17_002987.jpg,0
ppeneg_sh17_001161.jpg,0
ppeneg_sh17_011718.jpg,0
ppeneg_sh17_012569.jpg,0
ppeneg_sh17_007049.jpg,0
ppeneg_sh17_010047.jpg,0
ppeneg_sh17_002171.jpg,0
ppeneg_sh17_012361.jpg,0
ppeneg_sh17_001151.jpg,0
ppeneg_sh17_007820.jpg,0
ppeneg_sh17_001923.jpg,0
ppeneg_sh17_003997.jpg,0
ppeneg_sh17_001716.jpg,0
ppeneg_sh17_005589.jpg,0
ppeneg_sh17_008551.jpg,0
ppeneg_sh17_001218.jpg,0
ppeneg_sh17_009498.jpg,0
ppeneg_sh17_004123.jpg,0
ppeneg_sh17_003248.jpg,0
ppeneg_sh17_005464.jpg,0
ppeneg_sh17_003176.jpg,0
ppeneg_sh17_005120.jpg,0
ppeneg_sh17_001573.jpg,0
ppeneg_sh17_012360.jpg,0
ppeneg_sh17_003917.jpg,0
ppeneg_sh17_008006.jpg,0
ppeneg_sh17_004689.jpg,0
ppeneg_sh17_000419.jpg,0
ppeneg_sh17_003033.jpg,0
ppeneg_sh17_009905.jpg,0
ppeneg_sh17_012939.jpg,0
ppeneg_sh17_009725.jpg,0
ppeneg_sh17_000625.jpg,0
ppeneg_sh17_002536.jpg,0
ppeneg_sh17_005231.jpg,0
ppeneg_sh17_009164.jpg,0
ppeneg_sh17_000164.jpg,0
ppeneg_sh17_009758.jpg,0
ppeneg_sh17_007989.jpg,0
ppeneg_sh17_002443.jpg,0
ppeneg_sh17_001488.jpg,0
ppeneg_sh17_001327.jpg,0
ppeneg_sh17_002230.jpg,0
ppeneg_sh17_012947.jpg,0
ppeneg_sh17_007554.jpg,0
ppeneg_sh17_008455.jpg,0
ppeneg_sh17_000805.jpg,0
ppeneg_sh17_004568.jpg,0
ppeneg_sh17_006846.jpg,0
ppeneg_sh17_013772.jpg,0
ppeneg_sh17_013415.jpg,0
ppeneg_sh17_004635.jpg,0
ppeneg_sh17_007894.jpg,0
ppeneg_sh17_000690.jpg,0
ppeneg_sh17_010164.jpg,0
ppeneg_sh17_010488.jpg,0
ppeneg_sh17_007186.jpg,0
ppeneg_sh17_008796.jpg,0
ppeneg_sh17_004134.jpg,0
ppeneg_sh17_005881.jpg,0
ppeneg_sh17_010469.jpg,0
ppeneg_sh17_008469.jpg,0
ppeneg_sh17_002094.jpg,0
ppeneg_sh17_000241.jpg,0
ppeneg_sh17_008835.jpg,0
ppeneg_sh17_002749.jpg,0
ppeneg_sh17_006354.jpg,0
ppeneg_sh17_003515.jpg,0
ppeneg_sh17_010862.jpg,0
ppeneg_sh17_006148.jpg,0
ppeneg_sh17_001967.jpg,0
ppeneg_sh17_012063.jpg,0
ppeneg_sh17_001153.jpg,0
ppeneg_sh17_004043.jpg,0
ppeneg_sh17_012162.jpg,0
ppeneg_sh17_009774.jpg,0
ppeneg_sh17_006328.jpg,0
ppeneg_sh17_002526.jpg,0
ppeneg_sh17_011201.jpg,0
ppeneg_sh17_012536.jpg,0
ppeneg_sh17_005542.jpg,0
ppeneg_sh17_010085.jpg,0
ppeneg_sh17_000485.jpg,0
ppeneg_sh17_002610.jpg,0
ppeneg_sh17_011609.jpg,0
ppeneg_sh17_007333.jpg,0
ppeneg_sh17_010498.jpg,0
ppeneg_sh17_009273.jpg,0
ppeneg_sh17_001931.jpg,0
ppeneg_sh17_012288.jpg,0
ppeneg_sh17_009336.jpg,0
ppeneg_sh17_012028.jpg,0
ppeneg_sh17_003075.jpg,0
ppeneg_sh17_012942.jpg,0
ppeneg_sh17_003108.jpg,0
ppeneg_sh17_002957.jpg,0
ppeneg_sh17_005352.jpg,0
ppeneg_sh17_000310.jpg,0
ppeneg_sh17_000477.jpg,0
ppeneg_sh17_009533.jpg,0
ppeneg_sh17_013098.jpg,0
ppeneg_sh17_011884.jpg,0
ppeneg_sh17_012486.jpg,0
ppeneg_sh17_006673.jpg,0
ppeneg_sh17_005616.jpg,0
ppeneg_sh17_012262.jpg,0
ppeneg_sh17_003700.jpg,0
ppeneg_sh17_007348.jpg,0
ppeneg_sh17_007142.jpg,0
ppeneg_sh17_006584.jpg,0
ppeneg_sh17_009056.jpg,0
ppeneg_sh17_002977.jpg,0
ppeneg_sh17_010731.jpg,0
ppeneg_sh17_000965.jpg,0
ppeneg_sh17_012401.jpg,0
ppeneg_sh17_010701.jpg,0
ppeneg_sh17_007768.jpg,0
ppeneg_sh17_005077.jpg,0
ppeneg_sh17_000108.jpg,0
ppeneg_sh17_007791.jpg,0
ppeneg_sh17_000937.jpg,0
ppeneg_sh17_013104.jpg,0
ppeneg_sh17_011598.jpg,0
ppeneg_sh17_007574.jpg,0
ppeneg_sh17_007268.jpg,0
ppeneg_sh17_012337.jpg,0
ppeneg_sh17_005950.jpg,0
ppeneg_sh17_008943.jpg,0
ppeneg_sh17_008356.jpg,0
ppeneg_sh17_004853.jpg,0
ppeneg_sh17_007657.jpg,0
ppeneg_sh17_009253.jpg,0
ppeneg_sh17_011613.jpg,0
ppeneg_sh17_005974.jpg,0
ppeneg_sh17_001141.jpg,0
ppeneg_sh17_003154.jpg,0
ppeneg_sh17_009356.jpg,0
ppeneg_sh17_007113.jpg,0
ppeneg_sh17_007105.jpg,0
ppeneg_sh17_011307.jpg,0
ppeneg_sh17_009521.jpg,0
ppeneg_sh17_007432.jpg,0
ppeneg_sh17_010788.jpg,0
ppeneg_sh17_009860.jpg,0
ppeneg_sh17_012515.jpg,0
ppeneg_sh17_004528.jpg,0
ppeneg_sh17_003303.jpg,0
ppeneg_sh17_008565.jpg,0
ppeneg_sh17_008186.jpg,0
ppeneg_sh17_007740.jpg,0
ppeneg_sh17_004150.jpg,0
ppeneg_sh17_012050.jpg,0
ppeneg_sh17_010044.jpg,0
ppeneg_sh17_003373.jpg,0
ppeneg_sh17_005959.jpg,0
ppeneg_sh17_002232.jpg,0
ppeneg_sh17_009417.jpg,0
ppeneg_sh17_009060.jpg,0
ppeneg_sh17_003321.jpg,0
ppeneg_sh17_008402.jpg,0
ppeneg_sh17_007603.jpg,0
ppeneg_sh17_006053.jpg,0
ppeneg_sh17_010329.jpg,0
ppeneg_sh17_012246.jpg,0
ppeneg_sh17_004574.jpg,0
ppeneg_sh17_005215.jpg,0
ppeneg_sh17_003510.jpg,0
ppeneg_sh17_003932.jpg,0
ppeneg_sh17_000460.jpg,0
ppeneg_sh17_008249.jpg,0
ppeneg_sh17_006758.jpg,0
ppeneg_sh17_009782.jpg,0
ppeneg_sh17_006652.jpg,0
ppeneg_sh17_013589.jpg,0
ppeneg_sh17_007421.jpg,0
ppeneg_sh17_005868.jpg,0
ppeneg_sh17_003654.jpg,0
ppeneg_sh17_001912.jpg,0
ppeneg_sh17_006158.jpg,0
ppeneg_sh17_004282.jpg,0
ppeneg_sh17_004969.jpg,0
ppeneg_sh17_008363.jpg,0
ppeneg_sh17_002205.jpg,0
ppeneg_sh17_012941.jpg,0
ppeneg_sh17_004291.jpg,0
ppeneg_sh17_002859.jpg,0
ppeneg_sh17_002890.jpg,0
ppeneg_sh17_001574.jpg,0
ppeneg_sh17_001522.jpg,0
ppeneg_sh17_003041.jpg,0
ppeneg_sh17_012140.jpg,0
ppeneg_sh17_007380.jpg,0
ppeneg_sh17_006917.jpg,0
ppeneg_sh17_001654.jpg,0
ppeneg_sh17_009310.jpg,0
ppeneg_sh17_011144.jpg,0
ppeneg_sh17_005284.jpg,0
ppeneg_sh17_009046.jpg,0
ppeneg_sh17_005003.jpg,0
ppeneg_sh17_005577.jpg,0
ppeneg_sh17_009031.jpg,0
ppeneg_sh17_007318.jpg,0
ppeneg_sh17_004560.jpg,0
ppeneg_sh17_004522.jpg,0
ppeneg_sh17_012658.jpg,0
ppeneg_sh17_006215.jpg,0
ppeneg_sh17_008637.jpg,0
ppeneg_sh17_006198.jpg,0
ppeneg_sh17_012704.jpg,0
ppeneg_sh17_000921.jpg,0
ppeneg_sh17_006578.jpg,0
ppeneg_sh17_004642.jpg,0
ppeneg_sh17_008973.jpg,0
ppeneg_sh17_005803.jpg,0
ppeneg_sh17_001621.jpg,0
ppeneg_sh17_009711.jpg,0
ppeneg_sh17_003962.jpg,0
ppeneg_sh17_008660.jpg,0
ppeneg_sh17_009041.jpg,0
ppeneg_sh17_009458.jpg,0
ppeneg_sh17_008674.jpg,0
ppeneg_sh17_004840.jpg,0
ppeneg_sh17_011556.jpg,0
ppeneg_sh17_004302.jpg,0
ppeneg_sh17_001496.jpg,0
ppeneg_sh17_012443.jpg,0
ppeneg_sh17_005855.jpg,0
ppeneg_sh17_011532.jpg,0
ppeneg_sh17_002654.jpg,0
ppeneg_sh17_003489.jpg,0
ppeneg_sh17_011389.jpg,0
ppeneg_sh17_005322.jpg,0
ppeneg_sh17_003479.jpg,0
ppeneg_sh17_000569.jpg,0
ppeneg_sh17_000977.jpg,0
ppeneg_sh17_008227.jpg,0
ppeneg_sh17_012848.jpg,0
ppeneg_sh17_003689.jpg,0
ppeneg_sh17_012292.jpg,0
ppeneg_sh17_001650.jpg,0
ppeneg_sh17_006084.jpg,0
ppeneg_sh17_011486.jpg,0
ppeneg_sh17_012012.jpg,0
ppeneg_sh17_002397.jpg,0
ppeneg_sh17_005118.jpg,0
ppeneg_sh17_004926.jpg,0
ppeneg_sh17_001517.jpg,0
ppeneg_sh17_013356.jpg,0
ppeneg_sh17_004308.jpg,0
ppeneg_sh17_006262.jpg,0
ppeneg_sh17_012589.jpg,0
ppeneg_sh17_000024.jpg,0
ppeneg_sh17_008669.jpg,0
ppeneg_sh17_001513.jpg,0
ppeneg_sh17_001107.jpg,0
ppeneg_sh17_009251.jpg,0
ppeneg_sh17_007129.jpg,0
ppeneg_sh17_003929.jpg,0
ppeneg_sh17_012374.jpg,0
ppeneg_sh17_011747.jpg,0
ppeneg_sh17_010520.jpg,0
ppeneg_sh17_008662.jpg,0
ppeneg_sh17_008962.jpg,0
ppeneg_sh17_004364.jpg,0
ppeneg_sh17_002243.jpg,0
ppeneg_sh17_012421.jpg,0
ppeneg_sh17_009016.jpg,0
ppeneg_sh17_002498.jpg,0
ppeneg_sh17_004175.jpg,0
ppeneg_sh17_004573.jpg,0
ppeneg_sh17_001348.jpg,0
ppeneg_sh17_012784.jpg,0
ppeneg_sh17_002059.jpg,0
ppeneg_sh17_011781.jpg,0
ppeneg_sh17_012359.jpg,0
ppeneg_sh17_010698.jpg,0
ppeneg_sh17_009020.jpg,0
ppeneg_sh17_000271.jpg,0
ppeneg_sh17_006269.jpg,0
ppeneg_sh17_007686.jpg,0
ppeneg_sh17_003679.jpg,0
ppeneg_sh17_008680.jpg,0
ppeneg_sh17_001913.jpg,0
ppeneg_sh17_005954.jpg,0
ppeneg_sh17_006586.jpg,0
ppeneg_sh17_009595.jpg,0
ppeneg_sh17_000529.jpg,0
ppeneg_sh17_009957.jpg,0
ppeneg_sh17_002487.jpg,0
ppeneg_sh17_000400.jpg,0
ppeneg_sh17_000079.jpg,0
ppeneg_sh17_005625.jpg,0
ppeneg_sh17_007764.jpg,0
ppeneg_sh17_002884.jpg,0
ppeneg_sh17_002854.jpg,0
ppeneg_sh17_000153.jpg,0
ppeneg_sh17_010248.jpg,0
ppeneg_sh17_002896.jpg,0
ppeneg_sh17_008017.jpg,0
ppeneg_sh17_007708.jpg,0
ppeneg_sh17_001686.jpg,0
ppeneg_sh17_005810.jpg,0
ppeneg_sh17_001225.jpg,0
ppeneg_sh17_003971.jpg,0
ppeneg_sh17_012790.jpg,0
ppeneg_sh17_002315.jpg,0
ppeneg_sh17_008040.jpg,0
ppeneg_sh17_011226.jpg,0
ppeneg_sh17_009280.jpg,0
ppeneg_sh17_005603.jpg,0
ppeneg_sh17_006427.jpg,0
ppeneg_sh17_011742.jpg,0
ppeneg_sh17_003101.jpg,0
ppeneg_sh17_002683.jpg,0
ppeneg_sh17_012210.jpg,0
ppeneg_sh17_005043.jpg,0
ppeneg_sh17_010091.jpg,0
ppeneg_sh17_002276.jpg,0
ppeneg_sh17_004450.jpg,0
ppeneg_sh17_004287.jpg,0
ppeneg_sh17_004494.jpg,0
ppeneg_sh17_007627.jpg,0
ppeneg_sh17_012041.jpg,0
ppeneg_sh17_012419.jpg,0
ppeneg_sh17_006057.jpg,0
ppeneg_sh17_004849.jpg,0
ppeneg_sh17_005365.jpg,0
ppeneg_sh17_010745.jpg,0
ppeneg_sh17_003921.jpg,0
ppeneg_sh17_004637.jpg,0
ppeneg_sh17_008490.jpg,0
ppeneg_sh17_001715.jpg,0
ppeneg_sh17_005311.jpg,0
ppeneg_sh17_005404.jpg,0
ppeneg_sh17_000686.jpg,0
ppeneg_sh17_008396.jpg,0
ppeneg_sh17_010199.jpg,0
ppeneg_sh17_004564.jpg,0
ppeneg_sh17_010063.jpg,0
ppeneg_sh17_007722.jpg,0
ppeneg_sh17_007961.jpg,0
ppeneg_sh17_004889.jpg,0
ppeneg_sh17_002185.jpg,0
ppeneg_sh17_001448.jpg,0
ppeneg_sh17_001578.jpg,0
ppeneg_sh17_012310.jpg,0
ppeneg_sh17_010222.jpg,0
ppeneg_sh17_002561.jpg,0
ppeneg_sh17_010807.jpg,0
ppeneg_sh17_008650.jpg,0
ppeneg_sh17_010510.jpg,0
ppeneg_sh17_003793.jpg,0
ppeneg_sh17_012024.jpg,0
ppeneg_sh17_012347.jpg,0
ppeneg_sh17_008852.jpg,0
ppeneg_sh17_009977.jpg,0
ppeneg_sh17_004543.jpg,0
ppeneg_sh17_007300.jpg,0
ppeneg_sh17_011485.jpg,0
ppeneg_sh17_003811.jpg,0
ppeneg_sh17_002220.jpg,0
ppeneg_sh17_007536.jpg,0
ppeneg_sh17_011257.jpg,0
ppeneg_sh17_001834.jpg,0
ppeneg_sh17_007937.jpg,0
ppeneg_sh17_011665.jpg,0
ppeneg_sh17_013627.jpg,0
ppeneg_sh17_000620.jpg,0
ppeneg_sh17_010952.jpg,0
ppeneg_sh17_005643.jpg,0
ppeneg_sh17_005581.jpg,0
ppeneg_sh17_000890.jpg,0
ppeneg_sh17_007384.jpg,0
ppeneg_sh17_001229.jpg,0
ppeneg_sh17_012413.jpg,0
ppeneg_sh17_000348.jpg,0
ppeneg_sh17_003387.jpg,0
ppeneg_sh17_013152.jpg,0
ppeneg_sh17_003541.jpg,0
ppeneg_sh17_007771.jpg,0
ppeneg_sh17_009575.jpg,0
ppeneg_sh17_002507.jpg,0
ppeneg_sh17_004910.jpg,0
ppeneg_sh17_012010.jpg,0
ppeneg_sh17_001369.jpg,0
ppeneg_sh17_012991.jpg,0
ppeneg_sh17_007309.jpg,0
ppeneg_sh17_012135.jpg,0
ppeneg_sh17_013261.jpg,0
ppeneg_sh17_012448.jpg,0
ppeneg_sh17_006183.jpg,0
ppeneg_sh17_007448.jpg,0
ppeneg_sh17_004757.jpg,0
ppeneg_sh17_007394.jpg,0
ppeneg_sh17_010446.jpg,0
ppeneg_sh17_000733.jpg,0
ppeneg_sh17_012222.jpg,0
ppeneg_sh17_005695.jpg,0
ppeneg_sh17_009909.jpg,0
ppeneg_sh17_003535.jpg,0
ppeneg_sh17_004225.jpg,0
ppeneg_sh17_001210.jpg,0
ppeneg_sh17_007615.jpg,0
ppeneg_sh17_007887.jpg,0
ppeneg_sh17_010056.jpg,0
ppeneg_sh17_008012.jpg,0
ppeneg_sh17_000189.jpg,0
ppeneg_sh17_007641.jpg,0
ppeneg_sh17_012259.jpg,0
ppeneg_sh17_003338.jpg,0
ppeneg_sh17_004903.jpg,0
ppeneg_sh17_001082.jpg,0
ppeneg_sh17_012521.jpg,0
ppeneg_sh17_012797.jpg,0
ppeneg_sh17_000524.jpg,0
ppeneg_sh17_001745.jpg,0
ppeneg_sh17_004440.jpg,0
ppeneg_sh17_006457.jpg,0
ppeneg_sh17_005922.jpg,0
ppeneg_sh17_005433.jpg,0
ppeneg_sh17_002437.jpg,0
ppeneg_sh17_006992.jpg,0
ppeneg_sh17_006842.jpg,0
ppeneg_sh17_007759.jpg,0
ppeneg_sh17_004883.jpg,0
ppeneg_sh17_000011.jpg,0
ppeneg_sh17_005675.jpg,0
ppeneg_sh17_009374.jpg,0
ppeneg_sh17_008267.jpg,0
ppeneg_sh17_012516.jpg,0
ppeneg_sh17_011448.jpg,0
ppeneg_sh17_004022.jpg,0
ppeneg_sh17_004194.jpg,0
ppeneg_sh17_008121.jpg,0
ppeneg_sh17_006982.jpg,0
ppeneg_sh17_008834.jpg,0
ppeneg_sh17_004041.jpg,0
ppeneg_sh17_008063.jpg,0
ppeneg_sh17_001495.jpg,0
ppeneg_sh17_008264.jpg,0
ppeneg_sh17_007444.jpg,0
ppeneg_sh17_011876.jpg,0
ppeneg_sh17_002573.jpg,0
ppeneg_sh17_003046.jpg,0
ppeneg_sh17_000379.jpg,0
ppeneg_sh17_000826.jpg,0
ppeneg_sh17_007751.jpg,0
ppeneg_sh17_007965.jpg,0
ppeneg_sh17_002553.jpg,0
ppeneg_sh17_006806.jpg,0
ppeneg_sh17_009586.jpg,0
ppeneg_sh17_002025.jpg,0
ppeneg_sh17_008550.jpg,0
ppeneg_sh17_010662.jpg,0
ppeneg_sh17_006921.jpg,0
ppeneg_sh17_005211.jpg,0
ppeneg_sh17_010614.jpg,0
ppeneg_sh17_008686.jpg,0
ppeneg_sh17_004928.jpg,0
ppeneg_sh17_008620.jpg,0
ppeneg_sh17_011985.jpg,0
ppeneg_sh17_005886.jpg,0
ppeneg_sh17_000577.jpg,0
ppeneg_sh17_005347.jpg,0
ppeneg_sh17_005049.jpg,0
ppeneg_sh17_002063.jpg,0
ppeneg_sh17_012381.jpg,0
ppeneg_sh17_009285.jpg,0
ppeneg_sh17_006496.jpg,0
ppeneg_sh17_010524.jpg,0
ppeneg_sh17_006822.jpg,0
ppeneg_sh17_008483.jpg,0
ppeneg_sh17_012531.jpg,0
ppeneg_sh17_009485.jpg,0
ppeneg_sh17_008918.jpg,0
ppeneg_sh17_011027.jpg,0
ppeneg_sh17_002405.jpg,0
ppeneg_sh17_000727.jpg,0
ppeneg_sh17_011760.jpg,0
ppeneg_sh17_010633.jpg,0
ppeneg_sh17_007892.jpg,0
ppeneg_sh17_005926.jpg,0
ppeneg_sh17_009274.jpg,0
ppeneg_sh17_012399.jpg,0
ppeneg_sh17_012254.jpg,0
ppeneg_sh17_004254.jpg,0
ppeneg_sh17_008964.jpg,0
ppeneg_sh17_002560.jpg,0
ppeneg_sh17_007910.jpg,0
ppeneg_sh17_008527.jpg,0
ppeneg_sh17_010516.jpg,0
ppeneg_sh17_010330.jpg,0
ppeneg_sh17_004712.jpg,0
ppeneg_sh17_010534.jpg,0
ppeneg_sh17_013573.jpg,0
ppeneg_sh17_008068.jpg,0
ppeneg_sh17_001530.jpg,0
ppeneg_sh17_009471.jpg,0
ppeneg_sh17_013044.jpg,0
ppeneg_sh17_006521.jpg,0
ppeneg_sh17_005261.jpg,0
ppeneg_sh17_003057.jpg,0
ppeneg_sh17_007696.jpg,0
ppeneg_sh17_011013.jpg,0
ppeneg_sh17_001846.jpg,0
ppeneg_sh17_011077.jpg,0
ppeneg_sh17_000583.jpg,0
ppeneg_sh17_005631.jpg,0
ppeneg_sh17_010452.jpg,0
ppeneg_sh17_009158.jpg,0
ppeneg_sh17_012603.jpg,0
ppeneg_sh17_010971.jpg,0
ppeneg_sh17_006688.jpg,0
ppeneg_sh17_002879.jpg,0
ppeneg_sh17_000144.jpg,0
ppeneg_sh17_005750.jpg,0
ppeneg_sh17_004959.jpg,0
ppeneg_sh17_009701.jpg,0
ppeneg_sh17_000811.jpg,0
ppeneg_sh17_008785.jpg,0
ppeneg_sh17_007066.jpg,0
ppeneg_sh17_006348.jpg,0
ppeneg_sh17_000042.jpg,0
ppeneg_sh17_003420.jpg,0
ppeneg_sh17_003320.jpg,0
ppeneg_sh17_012215.jpg,0
ppeneg_sh17_013248.jpg,0
ppeneg_sh17_006580.jpg,0
ppeneg_sh17_008245.jpg,0
ppeneg_sh17_009453.jpg,0
ppeneg_sh17_009040.jpg,0
ppeneg_sh17_009245.jpg,0
ppeneg_sh17_009165.jpg,0
ppeneg_sh17_003260.jpg,0
ppeneg_sh17_010929.jpg,0
ppeneg_sh17_001961.jpg,0
ppeneg_sh17_010219.jpg,0
ppeneg_sh17_004268.jpg,0
ppeneg_sh17_003546.jpg,0
ppeneg_sh17_001725.jpg,0
ppeneg_sh17_008375.jpg,0
ppeneg_sh17_007652.jpg,0
ppeneg_sh17_003643.jpg,0
ppeneg_sh17_000544.jpg,0
ppeneg_sh17_010767.jpg,0
ppeneg_sh17_000527.jpg,0
ppeneg_sh17_010221.jpg,0
ppeneg_sh17_003742.jpg,0
ppeneg_sh17_009627.jpg,0
ppeneg_sh17_004747.jpg,0
ppeneg_sh17_000085.jpg,0
ppeneg_sh17_008607.jpg,0
ppeneg_sh17_010805.jpg,0
ppeneg_sh17_012756.jpg,0
ppeneg_sh17_006925.jpg,0
ppeneg_sh17_007256.jpg,0
ppeneg_sh17_011345.jpg,0
ppeneg_sh17_008724.jpg,0
ppeneg_sh17_001288.jpg,0
ppeneg_sh17_013739.jpg,0
ppeneg_sh17_004551.jpg,0
ppeneg_sh17_000697.jpg,0
ppeneg_sh17_010682.jpg,0
ppeneg_sh17_001585.jpg,0
ppeneg_sh17_000550.jpg,0
ppeneg_sh17_002860.jpg,0
ppeneg_sh17_006938.jpg,0
ppeneg_sh17_006995.jpg,0
ppeneg_sh17_012438.jpg,0
ppeneg_sh17_000704.jpg,0
ppeneg_sh17_013080.jpg,0
ppeneg_sh17_003829.jpg,0
ppeneg_sh17_003669.jpg,0
ppeneg_sh17_010037.jpg,0
ppeneg_sh17_004279.jpg,0
ppeneg_sh17_011438.jpg,0
ppeneg_sh17_000853.jpg,0
ppeneg_sh17_006764.jpg,0
ppeneg_sh17_000514.jpg,0
ppeneg_sh17_002153.jpg,0
ppeneg_sh17_003020.jpg,0
ppeneg_sh17_007119.jpg,0
ppeneg_sh17_009624.jpg,0
ppeneg_sh17_008282.jpg,0
ppeneg_sh17_012173.jpg,0
ppeneg_sh17_011889.jpg,0
ppeneg_sh17_002008.jpg,0
ppeneg_sh17_003511.jpg,0
ppeneg_sh17_012529.jpg,0
ppeneg_sh17_003208.jpg,0
ppeneg_sh17_011277.jpg,0
ppeneg_sh17_007449.jpg,0
ppeneg_sh17_009349.jpg,0
ppeneg_sh17_013228.jpg,0
ppeneg_sh17_003307.jpg,0
ppeneg_sh17_008522.jpg,0
ppeneg_sh17_001937.jpg,0
ppeneg_sh17_002519.jpg,0
ppeneg_sh17_005632.jpg,0
ppeneg_sh17_009408.jpg,0
ppeneg_sh17_003616.jpg,0
ppeneg_sh17_004950.jpg,0
ppeneg_sh17_007701.jpg,0
ppeneg_sh17_012456.jpg,0
ppeneg_sh17_009705.jpg,0
ppeneg_sh17_001670.jpg,0
ppeneg_sh17_011478.jpg,0
ppeneg_sh17_009272.jpg,0
ppeneg_sh17_011269.jpg,0
ppeneg_sh17_002989.jpg,0
ppeneg_sh17_011043.jpg,0
ppeneg_sh17_008270.jpg,0
ppeneg_sh17_006581.jpg,0
ppeneg_sh17_007841.jpg,0
ppeneg_sh17_012725.jpg,0
ppeneg_sh17_013543.jpg,0
ppeneg_sh17_004439.jpg,0
ppeneg_sh17_010744.jpg,0
ppeneg_sh17_000010.jpg,0
ppeneg_sh17_011910.jpg,0
ppeneg_sh17_000722.jpg,0
ppeneg_sh17_011667.jpg,0
ppeneg_sh17_005894.jpg,0
ppeneg_sh17_000532.jpg,0
ppeneg_sh17_011436.jpg,0
ppeneg_sh17_003268.jpg,0
ppeneg_sh17_008092.jpg,0
ppeneg_sh17_006373.jpg,0
ppeneg_sh17_013530.jpg,0
ppeneg_sh17_008447.jpg,0
ppeneg_sh17_005142.jpg,0
ppeneg_sh17_001289.jpg,0
ppeneg_sh17_008787.jpg,0
ppeneg_sh17_004915.jpg,0
ppeneg_sh17_013331.jpg,0
ppeneg_sh17_013668.jpg,0
ppeneg_sh17_008678.jpg,0
ppeneg_sh17_004286.jpg,0
ppeneg_sh17_008710.jpg,0
ppeneg_sh17_009967.jpg,0
ppeneg_sh17_003069.jpg,0
ppeneg_sh17_009609.jpg,0
ppeneg_sh17_004832.jpg,0
ppeneg_sh17_007532.jpg,0
ppeneg_sh17_010653.jpg,0
ppeneg_sh17_006136.jpg,0
ppeneg_sh17_013298.jpg,0
ppeneg_sh17_008332.jpg,0
ppeneg_sh17_013168.jpg,0
ppeneg_sh17_011949.jpg,0
ppeneg_sh17_011576.jpg,0
ppeneg_sh17_007422.jpg,0
ppeneg_sh17_006836.jpg,0
ppeneg_sh17_008002.jpg,0
ppeneg_sh17_013466.jpg,0
ppeneg_sh17_013577.jpg,0
ppeneg_sh17_013765.jpg,0
ppeneg_sh17_007927.jpg,0
ppeneg_sh17_008577.jpg,0
ppeneg_sh17_005649.jpg,0
ppeneg_sh17_010861.jpg,0
ppeneg_sh17_009082.jpg,0
ppeneg_sh17_000736.jpg,0
ppeneg_sh17_005944.jpg,0
ppeneg_sh17_011401.jpg,0
ppeneg_sh17_013024.jpg,0
ppeneg_sh17_004409.jpg,0
ppeneg_sh17_001067.jpg,0
ppeneg_sh17_008955.jpg,0
ppeneg_sh17_000864.jpg,0
ppeneg_sh17_003310.jpg,0
ppeneg_sh17_013272.jpg,0
ppeneg_sh17_009008.jpg,0
ppeneg_sh17_013712.jpg,0
ppeneg_sh17_011154.jpg,0
ppeneg_sh17_008101.jpg,0
ppeneg_sh17_008563.jpg,0
ppeneg_sh17_011777.jpg,0
ppeneg_sh17_003361.jpg,0
ppeneg_sh17_011927.jpg,0
ppeneg_sh17_013153.jpg,0
ppeneg_sh17_002396.jpg,0
ppeneg_sh17_013737.jpg,0
ppeneg_sh17_009375.jpg,0
ppeneg_sh17_002499.jpg,0
ppeneg_sh17_000424.jpg,0
ppeneg_sh17_000671.jpg,0
ppeneg_sh17_003178.jpg,0
ppeneg_sh17_012628.jpg,0
ppeneg_sh17_000212.jpg,0
ppeneg_sh17_010761.jpg,0
ppeneg_sh17_002846.jpg,0
ppeneg_sh17_007675.jpg,0
ppeneg_sh17_007840.jpg,0
ppeneg_sh17_011759.jpg,0
ppeneg_sh17_002072.jpg,0
ppeneg_sh17_003680.jpg,0
ppeneg_sh17_004549.jpg,0
ppeneg_sh17_011366.jpg,0
ppeneg_sh17_011170.jpg,0
ppeneg_sh17_000358.jpg,0
ppeneg_sh17_009879.jpg,0
ppeneg_sh17_002069.jpg,0
ppeneg_sh17_006107.jpg,0
ppeneg_sh17_006094.jpg,0
ppeneg_sh17_013433.jpg,0
ppeneg_sh17_010207.jpg,0
ppeneg_sh17_012660.jpg,0
ppeneg_sh17_000309.jpg,0
ppeneg_sh17_012432.jpg,0
ppeneg_sh17_012851.jpg,0
ppeneg_sh17_006618.jpg,0
ppeneg_sh17_005917.jpg,0
ppeneg_sh17_007623.jpg,0
ppeneg_sh17_011108.jpg,0
ppeneg_sh17_007625.jpg,0
ppeneg_sh17_004178.jpg,0
ppeneg_sh17_007441.jpg,0
ppeneg_sh17_006065.jpg,0
ppeneg_sh17_011518.jpg,0
ppeneg_sh17_006116.jpg,0
ppeneg_sh17_001209.jpg,0
ppeneg_sh17_008082.jpg,0
ppeneg_sh17_002893.jpg,0
ppeneg_sh17_005821.jpg,0
ppeneg_sh17_005084.jpg,0
ppeneg_sh17_002181.jpg,0
ppeneg_sh17_004406.jpg,0
ppeneg_sh17_010711.jpg,0
ppeneg_sh17_001889.jpg,0
ppeneg_sh17_008709.jpg,0
ppeneg_sh17_006617.jpg,0
ppeneg_sh17_002767.jpg,0
ppeneg_sh17_007152.jpg,0
ppeneg_sh17_006067.jpg,0
ppeneg_sh17_012148.jpg,0
ppeneg_sh17_002151.jpg,0
ppeneg_sh17_006398.jpg,0
ppeneg_sh17_010953.jpg,0
ppeneg_sh17_005074.jpg,0
ppeneg_sh17_010672.jpg,0
ppeneg_sh17_009380.jpg,0
ppeneg_sh17_011032.jpg,0
ppeneg_sh17_001179.jpg,0
ppeneg_sh17_010020.jpg,0
ppeneg_sh17_011040.jpg,0
ppeneg_sh17_011321.jpg,0
ppeneg_sh17_007367.jpg,0
ppeneg_sh17_010081.jpg,0
ppeneg_sh17_013084.jpg,0
ppeneg_sh17_013241.jpg,0
ppeneg_sh17_007201.jpg,0
ppeneg_sh17_012997.jpg,0
ppeneg_sh17_006573.jpg,0
ppeneg_sh17_010068.jpg,0
ppeneg_sh17_006912.jpg,0
ppeneg_sh17_002038.jpg,0
ppeneg_sh17_002901.jpg,0
ppeneg_sh17_012518.jpg,0
ppeneg_sh17_012485.jpg,0
ppeneg_sh17_008836.jpg,0
ppeneg_sh17_009687.jpg,0
ppeneg_sh17_009260.jpg,0
ppeneg_sh17_004609.jpg,0
ppeneg_sh17_009692.jpg,0
ppeneg_sh17_003868.jpg,0
ppeneg_sh17_004575.jpg,0
ppeneg_sh17_013303.jpg,0
ppeneg_sh17_007131.jpg,0
ppeneg_sh17_012646.jpg,0
ppeneg_sh17_006783.jpg,0
ppeneg_sh17_008014.jpg,0
ppeneg_sh17_011819.jpg,0
ppeneg_sh17_003610.jpg,0
ppeneg_sh17_002375.jpg,0
ppeneg_sh17_007723.jpg,0
ppeneg_sh17_004451.jpg,0
ppeneg_sh17_010584.jpg,0
ppeneg_sh17_001425.jpg,0
ppeneg_sh17_001885.jpg,0
ppeneg_sh17_003198.jpg,0
ppeneg_sh17_008626.jpg,0
ppeneg_sh17_010806.jpg,0
ppeneg_sh17_004144.jpg,0
ppeneg_sh17_011081.jpg,0
ppeneg_sh17_008694.jpg,0
ppeneg_sh17_008386.jpg,0
ppeneg_sh17_011162.jpg,0
ppeneg_sh17_009435.jpg,0
ppeneg_sh17_006927.jpg,0
ppeneg_sh17_000098.jpg,0
ppeneg_sh17_011231.jpg,0
ppeneg_sh17_000127.jpg,0
ppeneg_sh17_008924.jpg,0
ppeneg_sh17_005196.jpg,0
ppeneg_sh17_012489.jpg,0
ppeneg_sh17_005149.jpg,0
ppeneg_sh17_005254.jpg,0
ppeneg_sh17_013360.jpg,0
ppeneg_sh17_006016.jpg,0
ppeneg_sh17_012383.jpg,0
ppeneg_sh17_002258.jpg,0
ppeneg_sh17_007535.jpg,0
ppeneg_sh17_009466.jpg,0
ppeneg_sh17_002948.jpg,0
ppeneg_sh17_001897.jpg,0
ppeneg_sh17_013090.jpg,0
ppeneg_sh17_009515.jpg,0
ppeneg_sh17_010631.jpg,0
ppeneg_sh17_006788.jpg,0
ppeneg_sh17_007259.jpg,0
ppeneg_sh17_012735.jpg,0
ppeneg_sh17_004884.jpg,0
ppeneg_sh17_010103.jpg,0
ppeneg_sh17_002017.jpg,0
ppeneg_sh17_013670.jpg,0
ppeneg_sh17_010635.jpg,0
ppeneg_sh17_011626.jpg,0
ppeneg_sh17_003728.jpg,0
ppeneg_sh17_004905.jpg,0
ppeneg_sh17_009094.jpg,0
ppeneg_sh17_011141.jpg,0
ppeneg_sh17_005150.jpg,0
ppeneg_sh17_007310.jpg,0
ppeneg_sh17_004358.jpg,0
ppeneg_sh17_003378.jpg,0
ppeneg_sh17_011957.jpg,0
ppeneg_sh17_004483.jpg,0
ppeneg_sh17_011210.jpg,0
ppeneg_sh17_007630.jpg,0
ppeneg_sh17_012274.jpg,0
ppeneg_sh17_001081.jpg,0
ppeneg_sh17_003445.jpg,0
ppeneg_sh17_008653.jpg,0
ppeneg_sh17_013459.jpg,0
ppeneg_sh17_001543.jpg,0
ppeneg_sh17_004497.jpg,0
ppeneg_sh17_002874.jpg,0
ppeneg_sh17_013207.jpg,0
ppeneg_sh17_011825.jpg,0
ppeneg_sh17_013432.jpg,0
ppeneg_sh17_003782.jpg,0
ppeneg_sh17_012255.jpg,0
ppeneg_sh17_006971.jpg,0
ppeneg_sh17_008556.jpg,0
ppeneg_sh17_006231.jpg,0
ppeneg_sh17_005293.jpg,0
ppeneg_sh17_008192.jpg,0
ppeneg_sh17_005045.jpg,0
ppeneg_sh17_008039.jpg,0
ppeneg_sh17_000130.jpg,0
ppeneg_sh17_009166.jpg,0
ppeneg_sh17_003696.jpg,0
ppeneg_sh17_000084.jpg,0
ppeneg_sh17_006481.jpg,0
ppeneg_sh17_001932.jpg,0
ppeneg_sh17_009935.jpg,0
ppeneg_sh17_011262.jpg,0
ppeneg_sh17_002222.jpg,0
ppeneg_sh17_010212.jpg,0
ppeneg_sh17_005970.jpg,0
ppeneg_sh17_013520.jpg,0
ppeneg_sh17_007828.jpg,0
ppeneg_sh17_000897.jpg,0
ppeneg_sh17_005100.jpg,0
ppeneg_sh17_007932.jpg,0
ppeneg_sh17_005209.jpg,0
ppeneg_sh17_011465.jpg,0
ppeneg_sh17_007156.jpg,0
ppeneg_sh17_006913.jpg,0
ppeneg_sh17_010677.jpg,0
ppeneg_sh17_000254.jpg,0
ppeneg_sh17_004719.jpg,0
ppeneg_sh17_003612.jpg,0
ppeneg_sh17_010019.jpg,0
ppeneg_sh17_002445.jpg,0
ppeneg_sh17_007289.jpg,0
ppeneg_sh17_009125.jpg,0
ppeneg_sh17_013710.jpg,0
ppeneg_sh17_001433.jpg,0
ppeneg_sh17_004811.jpg,0
ppeneg_sh17_000216.jpg,0
ppeneg_sh17_012858.jpg,0
ppeneg_sh17_007470.jpg,0
ppeneg_sh17_012787.jpg,0
ppeneg_sh17_002466.jpg,0
ppeneg_sh17_000008.jpg,0
ppeneg_sh17_009945.jpg,0
ppeneg_sh17_009154.jpg,0
ppeneg_sh17_005827.jpg,0
ppeneg_sh17_005055.jpg,0
ppeneg_sh17_008616.jpg,0
ppeneg_sh17_009385.jpg,0
ppeneg_sh17_006357.jpg,0
ppeneg_sh17_005200.jpg,0
ppeneg_sh17_002638.jpg,0
ppeneg_sh17_008922.jpg,0
ppeneg_sh17_012859.jpg,0
ppeneg_sh17_012772.jpg,0
ppeneg_sh17_011427.jpg,0
ppeneg_sh17_008197.jpg,0
ppeneg_sh17_012476.jpg,0
ppeneg_sh17_013163.jpg,0
ppeneg_sh17_006091.jpg,0
ppeneg_sh17_012891.jpg,0
ppeneg_sh17_006196.jpg,0
ppeneg_sh17_008739.jpg,0
ppeneg_sh17_012611.jpg,0
ppeneg_sh17_010139.jpg,0
ppeneg_sh17_005020.jpg,0
ppeneg_sh17_012664.jpg,0
ppeneg_sh17_007418.jpg,0
ppeneg_sh17_011038.jpg,0
ppeneg_sh17_006281.jpg,0
ppeneg_sh17_006817.jpg,0
ppeneg_sh17_000158.jpg,0
ppeneg_sh17_001549.jpg,0
ppeneg_sh17_003614.jpg,0
ppeneg_sh17_007903.jpg,0
ppeneg_sh17_010301.jpg,0
ppeneg_sh17_011177.jpg,0
ppeneg_sh17_012745.jpg,0
ppeneg_sh17_008700.jpg,0
ppeneg_sh17_008590.jpg,0
ppeneg_sh17_002992.jpg,0
ppeneg_sh17_002491.jpg,0
ppeneg_sh17_002430.jpg,0
ppeneg_sh17_006358.jpg,0
ppeneg_sh17_010494.jpg,0
ppeneg_sh17_005046.jpg,0
ppeneg_sh17_010868.jpg,0
ppeneg_sh17_001924.jpg,0
ppeneg_sh17_010647.jpg,0
ppeneg_sh17_008418.jpg,0
ppeneg_sh17_005085.jpg,0
ppeneg_sh17_011757.jpg,0
ppeneg_sh17_008072.jpg,0
ppeneg_sh17_006661.jpg,0
ppeneg_sh17_001159.jpg,0
ppeneg_sh17_009214.jpg,0
ppeneg_sh17_008448.jpg,0
ppeneg_sh17_006535.jpg,0
ppeneg_sh17_010945.jpg,0
ppeneg_sh17_012595.jpg,0
ppeneg_sh17_009178.jpg,0
ppeneg_sh17_012493.jpg,0
ppeneg_sh17_008575.jpg,0
ppeneg_sh17_006425.jpg,0
ppeneg_sh17_012466.jpg,0
ppeneg_sh17_006118.jpg,0
ppeneg_sh17_001337.jpg,0
ppeneg_sh17_007084.jpg,0
ppeneg_sh17_001641.jpg,0
ppeneg_sh17_002988.jpg,0
ppeneg_sh17_000086.jpg,0
ppeneg_sh17_002788.jpg,0
ppeneg_sh17_008485.jpg,0
ppeneg_sh17_002908.jpg,0
ppeneg_sh17_010171.jpg,0
ppeneg_sh17_011337.jpg,0
ppeneg_sh17_009369.jpg,0
ppeneg_sh17_011656.jpg,0
ppeneg_sh17_000387.jpg,0
ppeneg_sh17_002259.jpg,0
ppeneg_sh17_006588.jpg,0
ppeneg_sh17_008159.jpg,0
ppeneg_sh17_001115.jpg,0
ppeneg_sh17_008357.jpg,0
ppeneg_sh17_007552.jpg,0
ppeneg_sh17_006449.jpg,0
ppeneg_sh17_011661.jpg,0
ppeneg_sh17_003739.jpg,0
ppeneg_sh17_000909.jpg,0
ppeneg_sh17_002692.jpg,0
ppeneg_sh17_010628.jpg,0
ppeneg_sh17_005092.jpg,0
ppeneg_sh17_009770.jpg,0
ppeneg_sh17_004414.jpg,0
ppeneg_sh17_011176.jpg,0
ppeneg_sh17_004009.jpg,0
ppeneg_sh17_011541.jpg,0
ppeneg_sh17_005620.jpg,0
ppeneg_sh17_006591.jpg,0
ppeneg_sh17_005399.jpg,0
ppeneg_sh17_002659.jpg,0
ppeneg_sh17_001700.jpg,0
ppeneg_sh17_005701.jpg,0
ppeneg_sh17_009616.jpg,0
ppeneg_sh17_004780.jpg,0
ppeneg_sh17_002329.jpg,0
ppeneg_sh17_002870.jpg,0
ppeneg_sh17_000648.jpg,0
ppeneg_sh17_001809.jpg,0
ppeneg_sh17_013339.jpg,0
ppeneg_sh17_004741.jpg,0
ppeneg_sh17_000594.jpg,0
ppeneg_sh17_007200.jpg,0
ppeneg_sh17_000536.jpg,0
ppeneg_sh17_004066.jpg,0
ppeneg_sh17_012793.jpg,0
ppeneg_sh17_000833.jpg,0
ppeneg_sh17_009472.jpg,0
ppeneg_sh17_009412.jpg,0
ppeneg_sh17_000950.jpg,0
ppeneg_sh17_001552.jpg,0
ppeneg_sh17_007010.jpg,0
ppeneg_sh17_013587.jpg,0
ppeneg_sh17_002389.jpg,0
ppeneg_sh17_009598.jpg,0
ppeneg_sh17_012763.jpg,0
ppeneg_sh17_007705.jpg,0
ppeneg_sh17_005936.jpg,0
ppeneg_sh17_003380.jpg,0
ppeneg_sh17_005081.jpg,0
ppeneg_sh17_003608.jpg,0
ppeneg_sh17_002224.jpg,0
ppeneg_sh17_001302.jpg,0
ppeneg_sh17_012191.jpg,0
ppeneg_sh17_011821.jpg,0
ppeneg_sh17_005143.jpg,0
ppeneg_sh17_009656.jpg,0
ppeneg_sh17_008304.jpg,0
ppeneg_sh17_006483.jpg,0
ppeneg_sh17_005854.jpg,0
ppeneg_sh17_001065.jpg,0
ppeneg_sh17_011772.jpg,0
ppeneg_sh17_007296.jpg,0
ppeneg_sh17_005187.jpg,0
ppeneg_sh17_003366.jpg,0
ppeneg_sh17_008325.jpg,0
ppeneg_sh17_013527.jpg,0
ppeneg_sh17_005697.jpg,0
ppeneg_sh17_001802.jpg,0
ppeneg_sh17_012786.jpg,0
ppeneg_sh17_001435.jpg,0
ppeneg_sh17_006571.jpg,0
ppeneg_sh17_009037.jpg,0
ppeneg_sh17_010881.jpg,0
ppeneg_sh17_009536.jpg,0
ppeneg_sh17_011482.jpg,0
ppeneg_sh17_005268.jpg,0
ppeneg_sh17_009275.jpg,0
ppeneg_sh17_000725.jpg,0
ppeneg_sh17_002558.jpg,0
ppeneg_sh17_011828.jpg,0
ppeneg_sh17_002980.jpg,0
ppeneg_sh17_008083.jpg,0
ppeneg_sh17_003586.jpg,0
ppeneg_sh17_005048.jpg,0
ppeneg_sh17_003890.jpg,0
ppeneg_sh17_007741.jpg,0
ppeneg_sh17_004823.jpg,0
ppeneg_sh17_010445.jpg,0
ppeneg_sh17_009048.jpg,0
ppeneg_sh17_004160.jpg,0
ppeneg_sh17_000397.jpg,0
ppeneg_sh17_004120.jpg,0
ppeneg_sh17_009942.jpg,0
ppeneg_sh17_005256.jpg,0
ppeneg_sh17_006312.jpg,0
ppeneg_sh17_006930.jpg,0
ppeneg_sh17_002268.jpg,0
ppeneg_sh17_003670.jpg,0
ppeneg_sh17_006190.jpg,0
ppeneg_sh17_002694.jpg,0
ppeneg_sh17_006861.jpg,0
ppeneg_sh17_007911.jpg,0
ppeneg_sh17_005590.jpg,0
ppeneg_sh17_003337.jpg,0
ppeneg_sh17_005436.jpg,0
ppeneg_sh17_008688.jpg,0
ppeneg_sh17_005028.jpg,0
ppeneg_sh17_004906.jpg,0
ppeneg_sh17_011058.jpg,0
ppeneg_sh17_000172.jpg,0
ppeneg_sh17_010304.jpg,0
ppeneg_sh17_012491.jpg,0
ppeneg_sh17_009258.jpg,0
ppeneg_sh17_012907.jpg,0
ppeneg_sh17_006744.jpg,0
ppeneg_sh17_006109.jpg,0
ppeneg_sh17_009115.jpg,0
ppeneg_sh17_007290.jpg,0
ppeneg_sh17_006129.jpg,0
ppeneg_sh17_013688.jpg,0
ppeneg_sh17_006229.jpg,0
ppeneg_sh17_009286.jpg,0
ppeneg_sh17_001699.jpg,0
ppeneg_sh17_008510.jpg,0
ppeneg_sh17_009009.jpg,0
ppeneg_sh17_007663.jpg,0
ppeneg_sh17_004196.jpg,0
ppeneg_sh17_000509.jpg,0
ppeneg_sh17_010328.jpg,0
ppeneg_sh17_007938.jpg,0
ppeneg_sh17_012013.jpg,0
ppeneg_sh17_008445.jpg,0
ppeneg_sh17_009748.jpg,0
ppeneg_sh17_008498.jpg,0
ppeneg_sh17_009589.jpg,0
ppeneg_sh17_006997.jpg,0
ppeneg_sh17_012895.jpg,0
ppeneg_sh17_002061.jpg,0
ppeneg_sh17_003228.jpg,0
ppeneg_sh17_008067.jpg,0
ppeneg_sh17_009254.jpg,0
ppeneg_sh17_005234.jpg,0
ppeneg_sh17_002514.jpg,0
ppeneg_sh17_011294.jpg,0
ppeneg_sh17_000609.jpg,0
ppeneg_sh17_007909.jpg,0
ppeneg_sh17_000287.jpg,0
ppeneg_sh17_002771.jpg,0
ppeneg_sh17_010343.jpg,0
ppeneg_sh17_008352.jpg,0
ppeneg_sh17_006416.jpg,0
ppeneg_sh17_013105.jpg,0
ppeneg_sh17_006894.jpg,0
ppeneg_sh17_006821.jpg,0
ppeneg_sh17_003291.jpg,0
ppeneg_sh17_002244.jpg,0
ppeneg_sh17_005069.jpg,0
ppeneg_sh17_003181.jpg,0
ppeneg_sh17_011129.jpg,0
ppeneg_sh17_005942.jpg,0
ppeneg_sh17_013076.jpg,0
ppeneg_sh17_013128.jpg,0
ppeneg_sh17_006881.jpg,0
ppeneg_sh17_004872.jpg,0
ppeneg_sh17_012370.jpg,0
ppeneg_sh17_000763.jpg,0
ppeneg_sh17_011790.jpg,0
ppeneg_sh17_011803.jpg,0
ppeneg_sh17_000608.jpg,0
ppeneg_sh17_004430.jpg,0
ppeneg_sh17_012086.jpg,0
ppeneg_sh17_009353.jpg,0
ppeneg_sh17_004388.jpg,0
ppeneg_sh17_010560.jpg,0
ppeneg_sh17_009766.jpg,0
ppeneg_sh17_009076.jpg,0
ppeneg_sh17_012446.jpg,0
ppeneg_sh17_013393.jpg,0
ppeneg_sh17_000933.jpg,0
ppeneg_sh17_002880.jpg,0
ppeneg_sh17_001724.jpg,0
ppeneg_sh17_006653.jpg,0
ppeneg_sh17_004044.jpg,0
ppeneg_sh17_007690.jpg,0
ppeneg_sh17_002705.jpg,0
ppeneg_sh17_007543.jpg,0
ppeneg_sh17_005475.jpg,0
ppeneg_sh17_009874.jpg,0
ppeneg_sh17_002796.jpg,0
ppeneg_sh17_004846.jpg,0
ppeneg_sh17_008949.jpg,0
ppeneg_sh17_012407.jpg,0
ppeneg_sh17_000613.jpg,0
ppeneg_sh17_005454.jpg,0
ppeneg_sh17_009282.jpg,0
ppeneg_sh17_007598.jpg,0
ppeneg_sh17_008201.jpg,0
ppeneg_sh17_004186.jpg,0
ppeneg_sh17_000200.jpg,0
ppeneg_sh17_003402.jpg,0
ppeneg_sh17_007709.jpg,0
ppeneg_sh17_000197.jpg,0
ppeneg_sh17_009497.jpg,0
ppeneg_sh17_008775.jpg,0
ppeneg_sh17_009203.jpg,0
ppeneg_sh17_013012.jpg,0
ppeneg_sh17_009628.jpg,0
ppeneg_sh17_004135.jpg,0
ppeneg_sh17_007389.jpg,0
ppeneg_sh17_004237.jpg,0
ppeneg_sh17_008045.jpg,0
ppeneg_sh17_001028.jpg,0
ppeneg_sh17_008381.jpg,0
ppeneg_sh17_012627.jpg,0
ppeneg_sh17_006682.jpg,0
ppeneg_sh17_011215.jpg,0
ppeneg_sh17_008313.jpg,0
ppeneg_sh17_002353.jpg,0
ppeneg_sh17_013722.jpg,0
ppeneg_sh17_004794.jpg,0
ppeneg_sh17_009007.jpg,0
ppeneg_sh17_013440.jpg,0
ppeneg_sh17_007147.jpg,0
ppeneg_sh17_010297.jpg,0
ppeneg_sh17_003964.jpg,0
ppeneg_sh17_001200.jpg,0
ppeneg_sh17_011421.jpg,0
ppeneg_sh17_003905.jpg,0
ppeneg_sh17_005804.jpg,0
ppeneg_sh17_002616.jpg,0
ppeneg_sh17_006649.jpg,0
ppeneg_sh17_006803.jpg,0
ppeneg_sh17_013131.jpg,0
ppeneg_sh17_003852.jpg,0
ppeneg_sh17_011089.jpg,0
ppeneg_sh17_008960.jpg,0
ppeneg_sh17_008803.jpg,0
ppeneg_sh17_006639.jpg,0
ppeneg_sh17_008845.jpg,0
ppeneg_sh17_013660.jpg,0
ppeneg_sh17_001084.jpg,0
ppeneg_sh17_001220.jpg,0
ppeneg_sh17_000115.jpg,0
ppeneg_sh17_001497.jpg,0
ppeneg_sh17_009365.jpg,0
ppeneg_sh17_002196.jpg,0
ppeneg_sh17_008021.jpg,0
ppeneg_sh17_003618.jpg,0
ppeneg_sh17_001594.jpg,0
ppeneg_sh17_008478.jpg,0
ppeneg_sh17_012643.jpg,0
ppeneg_sh17_000914.jpg,0
ppeneg_sh17_003644.jpg,0
ppeneg_sh17_010521.jpg,0
ppeneg_sh17_007858.jpg,0
ppeneg_sh17_009978.jpg,0
ppeneg_sh17_001019.jpg,0
ppeneg_sh17_005638.jpg,0
ppeneg_sh17_005783.jpg,0
ppeneg_sh17_007354.jpg,0
ppeneg_sh17_008287.jpg,0
ppeneg_sh17_001321.jpg,0
ppeneg_sh17_012414.jpg,0
ppeneg_sh17_009934.jpg,0
ppeneg_sh17_002630.jpg,0
ppeneg_sh17_005691.jpg,0
ppeneg_sh17_012582.jpg,0
ppeneg_sh17_002755.jpg,0
ppeneg_sh17_012391.jpg,0
ppeneg_sh17_008114.jpg,0
ppeneg_sh17_012403.jpg,0
ppeneg_sh17_011456.jpg,0
ppeneg_sh17_008323.jpg,0
ppeneg_sh17_005072.jpg,0
ppeneg_sh17_009265.jpg,0
ppeneg_sh17_004657.jpg,0
ppeneg_sh17_010690.jpg,0
ppeneg_sh17_007845.jpg,0
ppeneg_sh17_010970.jpg,0
ppeneg_sh17_000654.jpg,0
ppeneg_sh17_005376.jpg,0
ppeneg_sh17_000276.jpg,0
ppeneg_sh17_005864.jpg,0
ppeneg_sh17_009199.jpg,0
ppeneg_sh17_004997.jpg,0
ppeneg_sh17_011442.jpg,0
ppeneg_sh17_001325.jpg,0
ppeneg_sh17_001636.jpg,0
ppeneg_sh17_009819.jpg,0
ppeneg_sh17_005532.jpg,0
ppeneg_sh17_008764.jpg,0
ppeneg_sh17_003652.jpg,0
ppeneg_sh17_009354.jpg,0
ppeneg_sh17_002636.jpg,0
ppeneg_sh17_008996.jpg,0
ppeneg_sh17_003461.jpg,0
ppeneg_sh17_005508.jpg,0
ppeneg_sh17_004193.jpg,0
ppeneg_sh17_011239.jpg,0
ppeneg_sh17_007378.jpg,0
ppeneg_sh17_011629.jpg,0
ppeneg_sh17_012702.jpg,0
ppeneg_sh17_009181.jpg,0
ppeneg_sh17_011052.jpg,0
ppeneg_sh17_010366.jpg,0
ppeneg_sh17_003203.jpg,0
ppeneg_sh17_008903.jpg,0
ppeneg_sh17_000632.jpg,0
ppeneg_sh17_007876.jpg,0
ppeneg_sh17_001756.jpg,0
ppeneg_sh17_012224.jpg,0
ppeneg_sh17_001935.jpg,0
ppeneg_sh17_006773.jpg,0
ppeneg_sh17_008927.jpg,0
ppeneg_sh17_003171.jpg,0
ppeneg_sh17_010095.jpg,0
ppeneg_sh17_001090.jpg,0
ppeneg_sh17_006315.jpg,0
ppeneg_sh17_009859.jpg,0
ppeneg_sh17_004375.jpg,0
ppeneg_sh17_004595.jpg,0
ppeneg_sh17_004045.jpg,0
ppeneg_sh17_001854.jpg,0
ppeneg_sh17_012854.jpg,0
ppeneg_sh17_010079.jpg,0
ppeneg_sh17_012281.jpg,0
ppeneg_sh17_000330.jpg,0
ppeneg_sh17_010501.jpg,0
ppeneg_sh17_004717.jpg,0
ppeneg_sh17_011203.jpg,0
ppeneg_sh17_010548.jpg,0
ppeneg_sh17_005447.jpg,0
ppeneg_sh17_009678.jpg,0
ppeneg_sh17_002159.jpg,0
ppeneg_sh17_003188.jpg,0
ppeneg_sh17_000351.jpg,0
ppeneg_sh17_006724.jpg,0
ppeneg_sh17_007983.jpg,0
ppeneg_sh17_008757.jpg,0
ppeneg_sh17_003459.jpg,0
ppeneg_sh17_008625.jpg,0
ppeneg_sh17_001240.jpg,0
ppeneg_sh17_009269.jpg,0
ppeneg_sh17_005103.jpg,0
ppeneg_sh17_002135.jpg,0
ppeneg_sh17_008966.jpg,0
ppeneg_sh17_001073.jpg,0
ppeneg_sh17_004810.jpg,0
ppeneg_sh17_003244.jpg,0
ppeneg_sh17_008202.jpg,0
ppeneg_sh17_010996.jpg,0
ppeneg_sh17_001113.jpg,0
ppeneg_sh17_000286.jpg,0
ppeneg_sh17_011444.jpg,0
ppeneg_sh17_013588.jpg,0
ppeneg_sh17_002620.jpg,0
ppeneg_sh17_011250.jpg,0
ppeneg_sh17_002116.jpg,0
ppeneg_sh17_000106.jpg,0
ppeneg_sh17_012562.jpg,0
ppeneg_sh17_011270.jpg,0
ppeneg_sh17_006286.jpg,0
ppeneg_sh17_008311.jpg,0
ppeneg_sh17_003726.jpg,0
ppeneg_sh17_010015.jpg,0
ppeneg_sh17_000091.jpg,0
ppeneg_sh17_002826.jpg,0
ppeneg_sh17_002262.jpg,0
ppeneg_sh17_004918.jpg,0
ppeneg_sh17_005561.jpg,0
ppeneg_sh17_007360.jpg,0
ppeneg_sh17_005534.jpg,0
ppeneg_sh17_006747.jpg,0
ppeneg_sh17_009779.jpg,0
ppeneg_sh17_007162.jpg,0
ppeneg_sh17_008999.jpg,0
ppeneg_sh17_008649.jpg,0
ppeneg_sh17_003980.jpg,0
ppeneg_sh17_005549.jpg,0
ppeneg_sh17_007269.jpg,0
ppeneg_sh17_002130.jpg,0
ppeneg_sh17_003659.jpg,0
ppeneg_sh17_006667.jpg,0
ppeneg_sh17_006236.jpg,0
ppeneg_sh17_011673.jpg,0
ppeneg_sh17_012737.jpg,0
ppeneg_sh17_004652.jpg,0
ppeneg_sh17_008477.jpg,0
ppeneg_sh17_008783.jpg,0
ppeneg_sh17_000316.jpg,0
ppeneg_sh17_005340.jpg,0
ppeneg_sh17_006381.jpg,0
ppeneg_sh17_003642.jpg,0
ppeneg_sh17_008597.jpg,0
ppeneg_sh17_002677.jpg,0
ppeneg_sh17_003252.jpg,0
ppeneg_sh17_006486.jpg,0
ppeneg_sh17_011053.jpg,0
ppeneg_sh17_009777.jpg,0
ppeneg_sh17_006768.jpg,0
ppeneg_sh17_008838.jpg,0
ppeneg_sh17_011178.jpg,0
ppeneg_sh17_003751.jpg,0
ppeneg_sh17_011488.jpg,0
ppeneg_sh17_000057.jpg,0
ppeneg_sh17_013771.jpg,0
ppeneg_sh17_000630.jpg,0
ppeneg_sh17_008900.jpg,0
ppeneg_sh17_008513.jpg,0
ppeneg_sh17_005057.jpg,0
ppeneg_sh17_006612.jpg,0
ppeneg_sh17_001101.jpg,0
ppeneg_sh17_002277.jpg,0
ppeneg_sh17_001233.jpg,0
ppeneg_sh17_012163.jpg,0
ppeneg_sh17_004829.jpg,0
ppeneg_sh17_009500.jpg,0
ppeneg_sh17_010568.jpg,0
ppeneg_sh17_012270.jpg,0
ppeneg_sh17_002297.jpg,0
ppeneg_sh17_010399.jpg,0
ppeneg_sh17_012159.jpg,0
ppeneg_sh17_000660.jpg,0
ppeneg_sh17_008369.jpg,0
ppeneg_sh17_009502.jpg,0
ppeneg_sh17_010058.jpg,0
ppeneg_sh17_000634.jpg,0
ppeneg_sh17_008971.jpg,0
ppeneg_sh17_000206.jpg,0
ppeneg_sh17_002255.jpg,0
ppeneg_sh17_005128.jpg,0
ppeneg_sh17_000235.jpg,0
ppeneg_sh17_002627.jpg,0
ppeneg_sh17_011333.jpg,0
ppeneg_sh17_004079.jpg,0
ppeneg_sh17_001737.jpg,0
ppeneg_sh17_011365.jpg,0
ppeneg_sh17_009301.jpg,0
ppeneg_sh17_000822.jpg,0
ppeneg_sh17_002847.jpg,0
ppeneg_sh17_013723.jpg,0
ppeneg_sh17_007001.jpg,0
ppeneg_sh17_008892.jpg,0
ppeneg_sh17_012061.jpg,0
ppeneg_sh17_010865.jpg,0
ppeneg_sh17_006967.jpg,0
ppeneg_sh17_013091.jpg,0
ppeneg_sh17_007182.jpg,0
ppeneg_sh17_012706.jpg,0
ppeneg_sh17_009257.jpg,0
ppeneg_sh17_001842.jpg,0
ppeneg_sh17_004179.jpg,0
ppeneg_sh17_008639.jpg,0
ppeneg_sh17_009919.jpg,0
ppeneg_sh17_012198.jpg,0
ppeneg_sh17_001899.jpg,0
ppeneg_sh17_009660.jpg,0
ppeneg_sh17_012573.jpg,0
ppeneg_sh17_003528.jpg,0
ppeneg_sh17_013031.jpg,0
ppeneg_sh17_005455.jpg,0
ppeneg_sh17_005933.jpg,0
ppeneg_sh17_007199.jpg,0
ppeneg_sh17_011768.jpg,0
ppeneg_sh17_002167.jpg,0
ppeneg_sh17_003473.jpg,0
ppeneg_sh17_006583.jpg,0
ppeneg_sh17_001148.jpg,0
ppeneg_sh17_007509.jpg,0
ppeneg_sh17_006032.jpg,0
ppeneg_sh17_004694.jpg,0
ppeneg_sh17_013147.jpg,0
ppeneg_sh17_007096.jpg,0
ppeneg_sh17_013735.jpg,0
ppeneg_sh17_001070.jpg,0
ppeneg_sh17_012412.jpg,0
ppeneg_sh17_011099.jpg,0
ppeneg_sh17_013146.jpg,0
ppeneg_sh17_009863.jpg,0
ppeneg_sh17_002910.jpg,0
ppeneg_sh17_002685.jpg,0
ppeneg_sh17_009972.jpg,0
ppeneg_sh17_006074.jpg,0
ppeneg_sh17_002606.jpg,0
ppeneg_sh17_007244.jpg,0
ppeneg_sh17_001818.jpg,0
ppeneg_sh17_007491.jpg,0
ppeneg_sh17_010192.jpg,0
ppeneg_sh17_009911.jpg,0
ppeneg_sh17_005430.jpg,0
ppeneg_sh17_006606.jpg,0
ppeneg_sh17_012373.jpg,0
ppeneg_sh17_004174.jpg,0
ppeneg_sh17_012844.jpg,0
ppeneg_sh17_011733.jpg,0
ppeneg_sh17_008889.jpg,0
ppeneg_sh17_003810.jpg,0
ppeneg_sh17_009494.jpg,0
ppeneg_sh17_003587.jpg,0
ppeneg_sh17_001061.jpg,0
ppeneg_sh17_007250.jpg,0
ppeneg_sh17_007157.jpg,0
ppeneg_sh17_011771.jpg,0
ppeneg_sh17_001468.jpg,0
ppeneg_sh17_004091.jpg,0
ppeneg_sh17_000699.jpg,0
ppeneg_sh17_001733.jpg,0
ppeneg_sh17_005997.jpg,0
ppeneg_sh17_009518.jpg,0
ppeneg_sh17_008567.jpg,0
ppeneg_sh17_007780.jpg,0
ppeneg_sh17_009794.jpg,0
ppeneg_sh17_005004.jpg,0
ppeneg_sh17_003396.jpg,0
ppeneg_sh17_012457.jpg,0
ppeneg_sh17_002111.jpg,0
ppeneg_sh17_004626.jpg,0
ppeneg_sh17_010532.jpg,0
ppeneg_sh17_001476.jpg,0
ppeneg_sh17_003129.jpg,0
ppeneg_sh17_009789.jpg,0
ppeneg_sh17_009054.jpg,0
ppeneg_sh17_001389.jpg,0
ppeneg_sh17_004752.jpg,0
ppeneg_sh17_009350.jpg,0
ppeneg_sh17_006313.jpg,0
ppeneg_sh17_003138.jpg,0
ppeneg_sh17_006546.jpg,0
ppeneg_sh17_013381.jpg,0
ppeneg_sh17_011864.jpg,0
ppeneg_sh17_011779.jpg,0
ppeneg_sh17_006629.jpg,0
ppeneg_sh17_012227.jpg,0
ppeneg_sh17_010692.jpg,0
ppeneg_sh17_010175.jpg,0
ppeneg_sh17_004102.jpg,0
ppeneg_sh17_013766.jpg,0
ppeneg_sh17_005362.jpg,0
ppeneg_sh17_013661.jpg,0
ppeneg_sh17_010963.jpg,0
ppeneg_sh17_004585.jpg,0
ppeneg_sh17_005410.jpg,0
ppeneg_sh17_004317.jpg,0
ppeneg_sh17_003844.jpg,0
ppeneg_sh17_001691.jpg,0
ppeneg_sh17_009875.jpg,0
ppeneg_sh17_011044.jpg,0
ppeneg_sh17_013601.jpg,0
ppeneg_sh17_013595.jpg,0
ppeneg_sh17_004825.jpg,0
ppeneg_sh17_013693.jpg,0
ppeneg_sh17_009582.jpg,0
ppeneg_sh17_003816.jpg,0
ppeneg_sh17_007949.jpg,0
ppeneg_sh17_013150.jpg,0
ppeneg_sh17_002923.jpg,0
ppeneg_sh17_002986.jpg,0
ppeneg_sh17_013035.jpg,0
ppeneg_sh17_007276.jpg,0
ppeneg_sh17_000318.jpg,0
ppeneg_sh17_005981.jpg,0
ppeneg_sh17_006622.jpg,0
ppeneg_sh17_013585.jpg,0
ppeneg_sh17_013061.jpg,0
ppeneg_sh17_009474.jpg,0
ppeneg_sh17_003961.jpg,0
ppeneg_sh17_003362.jpg,0
ppeneg_sh17_001615.jpg,0
ppeneg_sh17_003368.jpg,0
ppeneg_sh17_004886.jpg,0
ppeneg_sh17_004544.jpg,0
ppeneg_sh17_008826.jpg,0
ppeneg_sh17_013231.jpg,0
ppeneg_sh17_010676.jpg,0
ppeneg_sh17_004909.jpg,0
ppeneg_sh17_006499.jpg,0
ppeneg_sh17_012783.jpg,0
ppeneg_sh17_011705.jpg,0
ppeneg_sh17_004385.jpg,0
ppeneg_sh17_000928.jpg,0
ppeneg_sh17_001639.jpg,0
ppeneg_sh17_009019.jpg,0
ppeneg_sh17_010449.jpg,0
ppeneg_sh17_010771.jpg,0
ppeneg_sh17_006812.jpg,0
ppeneg_sh17_003723.jpg,0
ppeneg_sh17_012105.jpg,0
ppeneg_sh17_000463.jpg,0
ppeneg_sh17_010529.jpg,0
ppeneg_sh17_007526.jpg,0
ppeneg_sh17_008529.jpg,0
ppeneg_sh17_003836.jpg,0
ppeneg_sh17_012482.jpg,0
ppeneg_sh17_001414.jpg,0
ppeneg_sh17_001612.jpg,0
ppeneg_sh17_002179.jpg,0
ppeneg_sh17_002049.jpg,0
ppeneg_sh17_008398.jpg,0
ppeneg_sh17_007544.jpg,0
ppeneg_sh17_008122.jpg,0
ppeneg_sh17_012243.jpg,0
ppeneg_sh17_004397.jpg,0
ppeneg_sh17_007893.jpg,0
ppeneg_sh17_006567.jpg,0
ppeneg_sh17_008665.jpg,0
ppeneg_sh17_002983.jpg,0
ppeneg_sh17_004485.jpg,0
ppeneg_sh17_001046.jpg,0
ppeneg_sh17_003197.jpg,0
ppeneg_sh17_010470.jpg,0
ppeneg_sh17_009579.jpg,0
ppeneg_sh17_000759.jpg,0
ppeneg_sh17_012435.jpg,0
ppeneg_sh17_004320.jpg,0
ppeneg_sh17_005205.jpg,0
ppeneg_sh17_012335.jpg,0
ppeneg_sh17_004799.jpg,0
ppeneg_sh17_001841.jpg,0
ppeneg_sh17_000538.jpg,0
ppeneg_sh17_008548.jpg,0
ppeneg_sh17_000208.jpg,0
ppeneg_sh17_013428.jpg,0
ppeneg_sh17_010323.jpg,0
ppeneg_sh17_012995.jpg,0
ppeneg_sh17_001601.jpg,0
ppeneg_sh17_003786.jpg,0
ppeneg_sh17_013197.jpg,0
ppeneg_sh17_010444.jpg,0
ppeneg_sh17_001134.jpg,0
ppeneg_sh17_012213.jpg,0
ppeneg_sh17_013386.jpg,0
ppeneg_sh17_011654.jpg,0
ppeneg_sh17_004729.jpg,0
ppeneg_sh17_010502.jpg,0
ppeneg_sh17_013596.jpg,0
ppeneg_sh17_013642.jpg,0
ppeneg_sh17_000714.jpg,0
ppeneg_sh17_002408.jpg,0
ppeneg_sh17_005450.jpg,0
ppeneg_sh17_011612.jpg,0
ppeneg_sh17_011273.jpg,0
ppeneg_sh17_007568.jpg,0
ppeneg_sh17_008258.jpg,0
ppeneg_sh17_007749.jpg,0
ppeneg_sh17_011467.jpg,0
ppeneg_sh17_001498.jpg,0
ppeneg_sh17_004673.jpg,0
ppeneg_sh17_006064.jpg,0
ppeneg_sh17_010636.jpg,0
ppeneg_sh17_006359.jpg,0
ppeneg_sh17_008330.jpg,0
ppeneg_sh17_003148.jpg,0
ppeneg_sh17_012761.jpg,0
ppeneg_sh17_004071.jpg,0
ppeneg_sh17_005228.jpg,0
ppeneg_sh17_009712.jpg,0
ppeneg_sh17_007667.jpg,0
ppeneg_sh17_007458.jpg,0
ppeneg_sh17_010909.jpg,0
ppeneg_sh17_012125.jpg,0
ppeneg_sh17_009200.jpg,0
ppeneg_sh17_008494.jpg,0
ppeneg_sh17_003885.jpg,0
ppeneg_sh17_009830.jpg,0
ppeneg_sh17_010753.jpg,0
ppeneg_sh17_001149.jpg,0
ppeneg_sh17_012353.jpg,0
ppeneg_sh17_003959.jpg,0
ppeneg_sh17_000599.jpg,0
ppeneg_sh17_002680.jpg,0
ppeneg_sh17_003699.jpg,0
ppeneg_sh17_010863.jpg,0
ppeneg_sh17_000295.jpg,0
ppeneg_sh17_003583.jpg,0
ppeneg_sh17_007538.jpg,0
ppeneg_sh17_009556.jpg,0
ppeneg_sh17_001054.jpg,0
ppeneg_sh17_003719.jpg,0
ppeneg_sh17_002119.jpg,0
ppeneg_sh17_007089.jpg,0
ppeneg_sh17_001529.jpg,0
ppeneg_sh17_001954.jpg,0
ppeneg_sh17_013472.jpg,0
ppeneg_sh17_013442.jpg,0
ppeneg_sh17_009475.jpg,0
ppeneg_sh17_012802.jpg,0
ppeneg_sh17_000898.jpg,0
ppeneg_sh17_009068.jpg,0
ppeneg_sh17_004441.jpg,0
ppeneg_sh17_002099.jpg,0
ppeneg_sh17_002842.jpg,0
ppeneg_sh17_005239.jpg,0
ppeneg_sh17_010014.jpg,0
ppeneg_sh17_000060.jpg,0
ppeneg_sh17_003440.jpg,0
ppeneg_sh17_001642.jpg,0
ppeneg_sh17_009093.jpg,0
ppeneg_sh17_004449.jpg,0
ppeneg_sh17_012898.jpg,0
ppeneg_sh17_007560.jpg,0
ppeneg_sh17_002274.jpg,0
ppeneg_sh17_007382.jpg,0
ppeneg_sh17_000313.jpg,0
ppeneg_sh17_013767.jpg,0
ppeneg_sh17_005904.jpg,0
ppeneg_sh17_002955.jpg,0
ppeneg_sh17_012843.jpg,0
ppeneg_sh17_013736.jpg,0
ppeneg_sh17_002501.jpg,0
ppeneg_sh17_005006.jpg,0
ppeneg_sh17_003593.jpg,0
ppeneg_sh17_010846.jpg,0
ppeneg_sh17_006131.jpg,0
ppeneg_sh17_013141.jpg,0
ppeneg_sh17_000571.jpg,0
ppeneg_sh17_013677.jpg,0
ppeneg_sh17_010318.jpg,0
ppeneg_sh17_012032.jpg,0
ppeneg_sh17_005053.jpg,0
ppeneg_sh17_003450.jpg,0
ppeneg_sh17_004394.jpg,0
ppeneg_sh17_003134.jpg,0
ppeneg_sh17_013279.jpg,0
ppeneg_sh17_000199.jpg,0
ppeneg_sh17_005731.jpg,0
ppeneg_sh17_012395.jpg,0
ppeneg_sh17_003199.jpg,0
ppeneg_sh17_007046.jpg,0
ppeneg_sh17_002578.jpg,0
ppeneg_sh17_007460.jpg,0
ppeneg_sh17_003847.jpg,0
ppeneg_sh17_008307.jpg,0
ppeneg_sh17_009931.jpg,0
ppeneg_sh17_000187.jpg,0
ppeneg_sh17_011470.jpg,0
ppeneg_sh17_009630.jpg,0
ppeneg_sh17_005439.jpg,0
ppeneg_sh17_005921.jpg,0
ppeneg_sh17_008858.jpg,0
ppeneg_sh17_012842.jpg,0
ppeneg_sh17_003408.jpg,0
ppeneg_sh17_005794.jpg,0
ppeneg_sh17_000861.jpg,0
ppeneg_sh17_009858.jpg,0
ppeneg_sh17_007713.jpg,0
ppeneg_sh17_003989.jpg,0
ppeneg_sh17_007411.jpg,0
ppeneg_sh17_011410.jpg,0
ppeneg_sh17_001955.jpg,0
ppeneg_sh17_008173.jpg,0
ppeneg_sh17_006000.jpg,0
ppeneg_sh17_005374.jpg,0
ppeneg_sh17_003023.jpg,0
ppeneg_sh17_001226.jpg,0
ppeneg_sh17_004631.jpg,0
ppeneg_sh17_010768.jpg,0
ppeneg_sh17_007028.jpg,0
ppeneg_sh17_003827.jpg,0
ppeneg_sh17_012767.jpg,0
ppeneg_sh17_004127.jpg,0
ppeneg_sh17_013569.jpg,0
ppeneg_sh17_013458.jpg,0
ppeneg_sh17_006970.jpg,0
ppeneg_sh17_005992.jpg,0
ppeneg_sh17_007249.jpg,0
ppeneg_sh17_002985.jpg,0
ppeneg_sh17_010450.jpg,0
ppeneg_sh17_001333.jpg,0
ppeneg_sh17_001524.jpg,0
ppeneg_sh17_004875.jpg,0
ppeneg_sh17_006081.jpg,0
ppeneg_sh17_013101.jpg,0
ppeneg_sh17_012168.jpg,0
ppeneg_sh17_012592.jpg,0
ppeneg_sh17_006051.jpg,0
ppeneg_sh17_005495.jpg,0
ppeneg_sh17_009075.jpg,0
ppeneg_sh17_002012.jpg,0
ppeneg_sh17_009910.jpg,0
ppeneg_sh17_009313.jpg,0
ppeneg_sh17_011712.jpg,0
ppeneg_sh17_004892.jpg,0
ppeneg_sh17_010178.jpg,0
ppeneg_sh17_010603.jpg,0
ppeneg_sh17_003837.jpg,0
ppeneg_sh17_009503.jpg,0
ppeneg_sh17_012334.jpg,0
ppeneg_sh17_011770.jpg,0
ppeneg_sh17_002793.jpg,0
ppeneg_sh17_002888.jpg,0
ppeneg_sh17_010590.jpg,0
ppeneg_sh17_004904.jpg,0
ppeneg_sh17_007328.jpg,0
ppeneg_sh17_012124.jpg,0
ppeneg_sh17_002819.jpg,0
ppeneg_sh17_007582.jpg,0
ppeneg_sh17_001243.jpg,0
ppeneg_sh17_008237.jpg,0
ppeneg_sh17_007369.jpg,0
ppeneg_sh17_006632.jpg,0
ppeneg_sh17_009490.jpg,0
ppeneg_sh17_007173.jpg,0
ppeneg_sh17_005818.jpg,0
ppeneg_sh17_010465.jpg,0
ppeneg_sh17_000083.jpg,0
ppeneg_sh17_003433.jpg,0
ppeneg_sh17_005609.jpg,0
ppeneg_sh17_001589.jpg,0
ppeneg_sh17_011220.jpg,0
ppeneg_sh17_004788.jpg,0
ppeneg_sh17_010992.jpg,0
ppeneg_sh17_001499.jpg,0
ppeneg_sh17_012504.jpg,0
ppeneg_sh17_007043.jpg,0
ppeneg_sh17_002132.jpg,0
ppeneg_sh17_011124.jpg,0
ppeneg_sh17_004559.jpg,0
ppeneg_sh17_007559.jpg,0
ppeneg_sh17_004292.jpg,0
ppeneg_sh17_002522.jpg,0
ppeneg_sh17_010174.jpg,0
ppeneg_sh17_009394.jpg,0
ppeneg_sh17_004654.jpg,0
ppeneg_sh17_007149.jpg,0
ppeneg_sh17_009772.jpg,0
ppeneg_sh17_003357.jpg,0
ppeneg_sh17_005319.jpg,0
ppeneg_sh17_010046.jpg,0
ppeneg_sh17_002316.jpg,0
ppeneg_sh17_011093.jpg,0
ppeneg_sh17_003032.jpg,0
ppeneg_sh17_003967.jpg,0
ppeneg_sh17_004070.jpg,0
ppeneg_sh17_006406.jpg,0
ppeneg_sh17_004815.jpg,0
ppeneg_sh17_010033.jpg,0
ppeneg_sh17_008316.jpg,0
ppeneg_sh17_000633.jpg,0
ppeneg_sh17_001272.jpg,0
ppeneg_sh17_004190.jpg,0
ppeneg_sh17_007990.jpg,0
ppeneg_sh17_012044.jpg,0
ppeneg_sh17_001541.jpg,0
ppeneg_sh17_002721.jpg,0
ppeneg_sh17_004841.jpg,0
ppeneg_sh17_000643.jpg,0
ppeneg_sh17_010407.jpg,0
ppeneg_sh17_011209.jpg,0
ppeneg_sh17_008055.jpg,0
ppeneg_sh17_009018.jpg,0
ppeneg_sh17_011083.jpg,0
ppeneg_sh17_001811.jpg,0
ppeneg_sh17_009383.jpg,0
ppeneg_sh17_013639.jpg,0
ppeneg_sh17_005137.jpg,0
ppeneg_sh17_005599.jpg,0
ppeneg_sh17_010113.jpg,0
ppeneg_sh17_006728.jpg,0
ppeneg_sh17_007973.jpg,0
ppeneg_sh17_010440.jpg,0
ppeneg_sh17_003840.jpg,0
ppeneg_sh17_004805.jpg,0
ppeneg_sh17_004454.jpg,0
ppeneg_sh17_009827.jpg,0
ppeneg_sh17_003667.jpg,0
ppeneg_sh17_012808.jpg,0
ppeneg_sh17_004173.jpg,0
ppeneg_sh17_001372.jpg,0
ppeneg_sh17_013020.jpg,0
ppeneg_sh17_010190.jpg,0
ppeneg_sh17_004953.jpg,0
ppeneg_sh17_012629.jpg,0
ppeneg_sh17_004751.jpg,0
ppeneg_sh17_001181.jpg,0
ppeneg_sh17_003172.jpg,0
ppeneg_sh17_011253.jpg,0
ppeneg_sh17_008954.jpg,0
ppeneg_sh17_007181.jpg,0
ppeneg_sh17_002712.jpg,0
ppeneg_sh17_000802.jpg,0
ppeneg_sh17_002688.jpg,0
ppeneg_sh17_003870.jpg,0
ppeneg_sh17_010279.jpg,0
ppeneg_sh17_001315.jpg,0
ppeneg_sh17_013522.jpg,0
ppeneg_sh17_004908.jpg,0
ppeneg_sh17_000595.jpg,0
ppeneg_sh17_002626.jpg,0
ppeneg_sh17_007776.jpg,0
ppeneg_sh17_009217.jpg,0
ppeneg_sh17_012703.jpg,0
ppeneg_sh17_011171.jpg,0
ppeneg_sh17_001835.jpg,0
ppeneg_sh17_009695.jpg,0
ppeneg_sh17_007006.jpg,0
ppeneg_sh17_004262.jpg,0
ppeneg_sh17_004261.jpg,0
ppeneg_sh17_006027.jpg,0
ppeneg_sh17_012103.jpg,0
ppeneg_sh17_010264.jpg,0
ppeneg_sh17_006418.jpg,0
ppeneg_sh17_001611.jpg,0
ppeneg_sh17_006402.jpg,0
ppeneg_sh17_003167.jpg,0
ppeneg_sh17_010137.jpg,0
ppeneg_sh17_009495.jpg,0
ppeneg_sh17_002026.jpg,0
ppeneg_sh17_000607.jpg,0
ppeneg_sh17_006450.jpg,0
ppeneg_sh17_006524.jpg,0
ppeneg_sh17_009111.jpg,0
ppeneg_sh17_004301.jpg,0
ppeneg_sh17_000493.jpg,0
ppeneg_sh17_008837.jpg,0
ppeneg_sh17_004668.jpg,0
ppeneg_sh17_007682.jpg,0
ppeneg_sh17_012146.jpg,0
ppeneg_sh17_004961.jpg,0
ppeneg_sh17_009131.jpg,0
ppeneg_sh17_009802.jpg,0
ppeneg_sh17_006391.jpg,0
ppeneg_sh17_000592.jpg,0
ppeneg_sh17_002701.jpg,0
ppeneg_sh17_001946.jpg,0
ppeneg_sh17_007484.jpg,0
ppeneg_sh17_009153.jpg,0
ppeneg_sh17_006697.jpg,0
ppeneg_sh17_011672.jpg,0
ppeneg_sh17_000560.jpg,0
ppeneg_sh17_006835.jpg,0
ppeneg_sh17_011440.jpg,0
ppeneg_sh17_012850.jpg,0
ppeneg_sh17_006367.jpg,0
ppeneg_sh17_006302.jpg,0
ppeneg_sh17_009465.jpg,0
ppeneg_sh17_011670.jpg,0
ppeneg_sh17_002905.jpg,0
ppeneg_sh17_007138.jpg,0
ppeneg_sh17_002827.jpg,0
ppeneg_sh17_010756.jpg,0
ppeneg_sh17_005201.jpg,0
ppeneg_sh17_004197.jpg,0
ppeneg_sh17_002967.jpg,0
ppeneg_sh17_009396.jpg,0
ppeneg_sh17_008871.jpg,0
ppeneg_sh17_000339.jpg,0
ppeneg_sh17_010050.jpg,0
ppeneg_sh17_002056.jpg,0
ppeneg_sh17_006362.jpg,0
ppeneg_sh17_012645.jpg,0
ppeneg_sh17_001105.jpg,0
ppeneg_sh17_002657.jpg,0
ppeneg_sh17_005388.jpg,0
ppeneg_sh17_003903.jpg,0
ppeneg_sh17_000800.jpg,0
ppeneg_sh17_004018.jpg,0
ppeneg_sh17_010691.jpg,0
ppeneg_sh17_007095.jpg,0
ppeneg_sh17_001590.jpg,0
ppeneg_sh17_006194.jpg,0
ppeneg_sh17_013681.jpg,0
ppeneg_sh17_011035.jpg,0
ppeneg_sh17_006403.jpg,0
ppeneg_sh17_012404.jpg,0
ppeneg_sh17_007258.jpg,0
ppeneg_sh17_008535.jpg,0
ppeneg_sh17_010288.jpg,0
ppeneg_sh17_011140.jpg,0
ppeneg_sh17_006762.jpg,0
ppeneg_sh17_011637.jpg,0
ppeneg_sh17_001363.jpg,0
ppeneg_sh17_004309.jpg,0
ppeneg_sh17_002184.jpg,0
ppeneg_sh17_011335.jpg,0
ppeneg_sh17_000764.jpg,0
ppeneg_sh17_009341.jpg,0
ppeneg_sh17_001423.jpg,0
ppeneg_sh17_001470.jpg,0
ppeneg_sh17_000734.jpg,0
ppeneg_sh17_010696.jpg,0
ppeneg_sh17_007660.jpg,0
ppeneg_sh17_001052.jpg,0
ppeneg_sh17_001026.jpg,0
ppeneg_sh17_012318.jpg,0
ppeneg_sh17_006749.jpg,0
ppeneg_sh17_001618.jpg,0
ppeneg_sh17_010989.jpg,0
ppeneg_sh17_004881.jpg,0
ppeneg_sh17_006876.jpg,0
ppeneg_sh17_001908.jpg,0
ppeneg_sh17_009612.jpg,0
ppeneg_sh17_009033.jpg,0
ppeneg_sh17_013747.jpg,0
ppeneg_sh17_006595.jpg,0
ppeneg_sh17_010493.jpg,0
ppeneg_sh17_005784.jpg,0
ppeneg_sh17_010032.jpg,0
ppeneg_sh17_009209.jpg,0
ppeneg_sh17_011710.jpg,0
ppeneg_sh17_005847.jpg,0
ppeneg_sh17_011508.jpg,0
ppeneg_sh17_012263.jpg,0
ppeneg_sh17_013775.jpg,0
ppeneg_sh17_006186.jpg,0
ppeneg_sh17_007842.jpg,0
ppeneg_sh17_001077.jpg,0
ppeneg_sh17_012149.jpg,0
ppeneg_sh17_008339.jpg,0
ppeneg_sh17_008146.jpg,0
ppeneg_sh17_001408.jpg,0
ppeneg_sh17_013636.jpg,0
ppeneg_sh17_006717.jpg,0
ppeneg_sh17_003394.jpg,0
ppeneg_sh17_013140.jpg,0
ppeneg_sh17_009373.jpg,0
ppeneg_sh17_000481.jpg,0
ppeneg_sh17_001829.jpg,0
ppeneg_sh17_008011.jpg,0
ppeneg_sh17_006379.jpg,0
ppeneg_sh17_013409.jpg,0
ppeneg_sh17_000698.jpg,0
ppeneg_sh17_005246.jpg,0
ppeneg_sh17_009792.jpg,0
ppeneg_sh17_012624.jpg,0
ppeneg_sh17_005814.jpg,0
ppeneg_sh17_001758.jpg,0
ppeneg_sh17_001402.jpg,0
ppeneg_sh17_011841.jpg,0
ppeneg_sh17_009042.jpg,0
ppeneg_sh17_002947.jpg,0
ppeneg_sh17_004195.jpg,0
ppeneg_sh17_009512.jpg,0
ppeneg_sh17_009667.jpg,0
ppeneg_sh17_001927.jpg,0
ppeneg_sh17_000614.jpg,0
ppeneg_sh17_012732.jpg,0
ppeneg_sh17_011913.jpg,0
ppeneg_sh17_003637.jpg,0
ppeneg_sh17_011252.jpg,0
ppeneg_sh17_000709.jpg,0
ppeneg_sh17_013691.jpg,0
ppeneg_sh17_004400.jpg,0
ppeneg_sh17_004369.jpg,0
ppeneg_sh17_001449.jpg,0
ppeneg_sh17_005500.jpg,0
ppeneg_sh17_004349.jpg,0
ppeneg_sh17_012197.jpg,0
ppeneg_sh17_000528.jpg,0
ppeneg_sh17_011466.jpg,0
ppeneg_sh17_002188.jpg,0
ppeneg_sh17_004215.jpg,0
ppeneg_sh17_009828.jpg,0
ppeneg_sh17_007638.jpg,0
ppeneg_sh17_004316.jpg,0
ppeneg_sh17_000839.jpg,0
ppeneg_sh17_012060.jpg,0
ppeneg_sh17_008170.jpg,0
ppeneg_sh17_011785.jpg,0
ppeneg_sh17_008043.jpg,0
ppeneg_sh17_011540.jpg,0
ppeneg_sh17_006543.jpg,0
ppeneg_sh17_002853.jpg,0
ppeneg_sh17_006671.jpg,0
ppeneg_sh17_005324.jpg,0
ppeneg_sh17_005461.jpg,0
ppeneg_sh17_012587.jpg,0
ppeneg_sh17_007500.jpg,0
ppeneg_sh17_005946.jpg,0
ppeneg_sh17_008614.jpg,0
ppeneg_sh17_007852.jpg,0
ppeneg_sh17_010217.jpg,0
ppeneg_sh17_001619.jpg,0
ppeneg_sh17_004598.jpg,0
ppeneg_sh17_000356.jpg,0
ppeneg_sh17_013041.jpg,0
ppeneg_sh17_011484.jpg,0
ppeneg_sh17_010278.jpg,0
ppeneg_sh17_001390.jpg,0
ppeneg_sh17_002547.jpg,0
ppeneg_sh17_007311.jpg,0
ppeneg_sh17_008293.jpg,0
ppeneg_sh17_007968.jpg,0
ppeneg_sh17_001282.jpg,0
ppeneg_sh17_008454.jpg,0
ppeneg_sh17_013697.jpg,0
ppeneg_sh17_004968.jpg,0
ppeneg_sh17_011570.jpg,0
ppeneg_sh17_010385.jpg,0
ppeneg_sh17_000147.jpg,0
ppeneg_sh17_002941.jpg,0
ppeneg_sh17_001762.jpg,0
ppeneg_sh17_013291.jpg,0
ppeneg_sh17_012923.jpg,0
ppeneg_sh17_002533.jpg,0
ppeneg_sh17_013182.jpg,0
ppeneg_sh17_009192.jpg,0
ppeneg_sh17_001531.jpg,0
ppeneg_sh17_011699.jpg,0
ppeneg_sh17_011311.jpg,0
ppeneg_sh17_011527.jpg,0
ppeneg_sh17_010697.jpg,0
ppeneg_sh17_006623.jpg,0
ppeneg_sh17_006804.jpg,0
ppeneg_sh17_001701.jpg,0
ppeneg_sh17_011245.jpg,0
ppeneg_sh17_003857.jpg,0
ppeneg_sh17_007622.jpg,0
ppeneg_sh17_000735.jpg,0
ppeneg_sh17_009105.jpg,0
ppeneg_sh17_004068.jpg,0
ppeneg_sh17_006983.jpg,0
ppeneg_sh17_003318.jpg,0
ppeneg_sh17_004112.jpg,0
ppeneg_sh17_000854.jpg,0
ppeneg_sh17_013423.jpg,0
ppeneg_sh17_012760.jpg,0
ppeneg_sh17_011414.jpg,0
ppeneg_sh17_003900.jpg,0
ppeneg_sh17_005824.jpg,0
ppeneg_sh17_009038.jpg,0
ppeneg_sh17_011309.jpg,0
ppeneg_sh17_001434.jpg,0
ppeneg_sh17_012022.jpg,0
ppeneg_sh17_012045.jpg,0
ppeneg_sh17_001656.jpg,0
ppeneg_sh17_013579.jpg,0
ppeneg_sh17_003993.jpg,0
ppeneg_sh17_013651.jpg,0
ppeneg_sh17_001299.jpg,0
ppeneg_sh17_001926.jpg,0
ppeneg_sh17_010645.jpg,0
ppeneg_sh17_002169.jpg,0
ppeneg_sh17_003300.jpg,0
ppeneg_sh17_004265.jpg,0
ppeneg_sh17_011023.jpg,0
ppeneg_sh17_012427.jpg,0
ppeneg_sh17_012241.jpg,0
ppeneg_sh17_000230.jpg,0
ppeneg_sh17_002906.jpg,0
ppeneg_sh17_004249.jpg,0
ppeneg_sh17_002635.jpg,0
ppeneg_sh17_003115.jpg,0
ppeneg_sh17_003053.jpg,0
ppeneg_sh17_011754.jpg,0
ppeneg_sh17_012936.jpg,0
ppeneg_sh17_005122.jpg,0
ppeneg_sh17_006677.jpg,0
ppeneg_sh17_003091.jpg,0
ppeneg_sh17_010170.jpg,0
ppeneg_sh17_009540.jpg,0
ppeneg_sh17_003879.jpg,0
ppeneg_sh17_000774.jpg,0
ppeneg_sh17_012649.jpg,0
ppeneg_sh17_003598.jpg,0
ppeneg_sh17_000188.jpg,0
ppeneg_sh17_002242.jpg,0
ppeneg_sh17_001798.jpg,0
ppeneg_sh17_000148.jpg,0
ppeneg_sh17_000989.jpg,0
ppeneg_sh17_011684.jpg,0
ppeneg_sh17_000951.jpg,0
ppeneg_sh17_007070.jpg,0
ppeneg_sh17_000312.jpg,0
ppeneg_sh17_012580.jpg,0
ppeneg_sh17_000139.jpg,0
ppeneg_sh17_003302.jpg,0
ppeneg_sh17_003636.jpg,0
ppeneg_sh17_012085.jpg,0
ppeneg_sh17_000938.jpg,0
ppeneg_sh17_005484.jpg,0
ppeneg_sh17_008978.jpg,0
ppeneg_sh17_001540.jpg,0
ppeneg_sh17_008689.jpg,0
ppeneg_sh17_007995.jpg,0
ppeneg_sh17_010872.jpg,0
ppeneg_sh17_010438.jpg,0
ppeneg_sh17_002161.jpg,0
ppeneg_sh17_009968.jpg,0
ppeneg_sh17_000021.jpg,0
ppeneg_sh17_004767.jpg,0
ppeneg_sh17_009531.jpg,0
ppeneg_sh17_000867.jpg,0
ppeneg_sh17_006352.jpg,0
ppeneg_sh17_000221.jpg,0
ppeneg_sh17_010266.jpg,0
ppeneg_sh17_002235.jpg,0
ppeneg_sh17_006221.jpg,0
ppeneg_sh17_010813.jpg,0
ppeneg_sh17_002217.jpg,0
ppeneg_sh17_007393.jpg,0
ppeneg_sh17_012275.jpg,0
ppeneg_sh17_008728.jpg,0
ppeneg_sh17_013687.jpg,0
ppeneg_sh17_013158.jpg,0
ppeneg_sh17_009127.jpg,0
ppeneg_sh17_009479.jpg,0
ppeneg_sh17_001681.jpg,0
ppeneg_sh17_008882.jpg,0
ppeneg_sh17_012285.jpg,0
ppeneg_sh17_008731.jpg,0
ppeneg_sh17_013523.jpg,0
ppeneg_sh17_007779.jpg,0
ppeneg_sh17_010257.jpg,0
ppeneg_sh17_004393.jpg,0
ppeneg_sh17_013464.jpg,0
ppeneg_sh17_012746.jpg,0
ppeneg_sh17_000166.jpg,0
ppeneg_sh17_000462.jpg,0
ppeneg_sh17_005556.jpg,0
ppeneg_sh17_008633.jpg,0
ppeneg_sh17_009527.jpg,0
ppeneg_sh17_008416.jpg,0
ppeneg_sh17_005996.jpg,0
ppeneg_sh17_007683.jpg,0
ppeneg_sh17_010023.jpg,0
ppeneg_sh17_009347.jpg,0
ppeneg_sh17_011116.jpg,0
ppeneg_sh17_005755.jpg,0
ppeneg_sh17_006429.jpg,0
ppeneg_sh17_004132.jpg,0
ppeneg_sh17_003998.jpg,0
ppeneg_sh17_010118.jpg,0
ppeneg_sh17_007372.jpg,0
ppeneg_sh17_010430.jpg,0
ppeneg_sh17_004507.jpg,0
ppeneg_sh17_011969.jpg,0
ppeneg_sh17_011590.jpg,0
ppeneg_sh17_000742.jpg,0
ppeneg_sh17_001556.jpg,0
ppeneg_sh17_006774.jpg,0
ppeneg_sh17_013260.jpg,0
ppeneg_sh17_007994.jpg,0
ppeneg_sh17_007133.jpg,0
ppeneg_sh17_011010.jpg,0
ppeneg_sh17_013344.jpg,0
ppeneg_sh17_004108.jpg,0
ppeneg_sh17_011191.jpg,0
ppeneg_sh17_009544.jpg,0
ppeneg_sh17_008451.jpg,0
ppeneg_sh17_007416.jpg,0
ppeneg_sh17_010853.jpg,0
ppeneg_sh17_008857.jpg,0
ppeneg_sh17_008541.jpg,0
ppeneg_sh17_011920.jpg,0
ppeneg_sh17_000708.jpg,0
ppeneg_sh17_011127.jpg,0
ppeneg_sh17_000334.jpg,0
ppeneg_sh17_003509.jpg,0
ppeneg_sh17_004206.jpg,0
ppeneg_sh17_001690.jpg,0
ppeneg_sh17_012112.jpg,0
ppeneg_sh17_004916.jpg,0
ppeneg_sh17_010126.jpg,0
ppeneg_sh17_013418.jpg,0
ppeneg_sh17_012326.jpg,0
ppeneg_sh17_004819.jpg,0
ppeneg_sh17_010431.jpg,0
ppeneg_sh17_011299.jpg,0
ppeneg_sh17_012839.jpg,0
ppeneg_sh17_001142.jpg,0
ppeneg_sh17_011377.jpg,0
ppeneg_sh17_010128.jpg,0
ppeneg_sh17_008812.jpg,0
ppeneg_sh17_008412.jpg,0
ppeneg_sh17_006447.jpg,0
ppeneg_sh17_010246.jpg,0
ppeneg_sh17_009147.jpg,0
ppeneg_sh17_006270.jpg,0
ppeneg_sh17_003388.jpg,0
ppeneg_sh17_012462.jpg,0
ppeneg_sh17_000236.jpg,0
ppeneg_sh17_003889.jpg,0
ppeneg_sh17_012681.jpg,0
ppeneg_sh17_001216.jpg,0
ppeneg_sh17_013512.jpg,0
ppeneg_sh17_002632.jpg,0
ppeneg_sh17_001682.jpg,0
ppeneg_sh17_002586.jpg,0
ppeneg_sh17_006092.jpg,0
ppeneg_sh17_003005.jpg,0
ppeneg_sh17_000798.jpg,0
ppeneg_sh17_009045.jpg,0
ppeneg_sh17_001904.jpg,0
ppeneg_sh17_007174.jpg,0
ppeneg_sh17_004156.jpg,0
ppeneg_sh17_001172.jpg,0
ppeneg_sh17_004974.jpg,0
ppeneg_sh17_012388.jpg,0
ppeneg_sh17_000466.jpg,0
ppeneg_sh17_001430.jpg,0
ppeneg_sh17_004040.jpg,0
ppeneg_sh17_008020.jpg,0
ppeneg_sh17_002855.jpg,0
ppeneg_sh17_002623.jpg,0
ppeneg_sh17_011847.jpg,0
ppeneg_sh17_004391.jpg,0
ppeneg_sh17_005644.jpg,0
ppeneg_sh17_008862.jpg,0
ppeneg_sh17_002086.jpg,0
ppeneg_sh17_008308.jpg,0
ppeneg_sh17_004973.jpg,0
ppeneg_sh17_000930.jpg,0
ppeneg_sh17_003050.jpg,0
ppeneg_sh17_003718.jpg,0
ppeneg_sh17_004558.jpg,0
ppeneg_sh17_012921.jpg,0
ppeneg_sh17_007783.jpg,0
ppeneg_sh17_009379.jpg,0
ppeneg_sh17_000730.jpg,0
ppeneg_sh17_013532.jpg,0
ppeneg_sh17_009481.jpg,0
ppeneg_sh17_008598.jpg,0
ppeneg_sh17_012992.jpg,0
ppeneg_sh17_005323.jpg,0
ppeneg_sh17_003765.jpg,0
ppeneg_sh17_013371.jpg,0
ppeneg_sh17_012902.jpg,0
ppeneg_sh17_000501.jpg,0
ppeneg_sh17_012081.jpg,0
ppeneg_sh17_010954.jpg,0
ppeneg_sh17_005872.jpg,0
ppeneg_sh17_004313.jpg,0
ppeneg_sh17_010926.jpg,0
ppeneg_sh17_004919.jpg,0
ppeneg_sh17_004461.jpg,0
ppeneg_sh17_011976.jpg,0
ppeneg_sh17_001426.jpg,0
ppeneg_sh17_011198.jpg,0
ppeneg_sh17_012731.jpg,0
ppeneg_sh17_000352.jpg,0
ppeneg_sh17_002897.jpg,0
ppeneg_sh17_002285.jpg,0
ppeneg_sh17_006966.jpg,0
ppeneg_sh17_003792.jpg,0
ppeneg_sh17_007498.jpg,0
ppeneg_sh17_008185.jpg,0
ppeneg_sh17_005573.jpg,0
ppeneg_sh17_001532.jpg,0
ppeneg_sh17_004983.jpg,0
ppeneg_sh17_012004.jpg,0
ppeneg_sh17_000886.jpg,0
ppeneg_sh17_004556.jpg,0
ppeneg_sh17_006616.jpg,0
ppeneg_sh17_004803.jpg,0
ppeneg_sh17_007294.jpg,0
ppeneg_sh17_004900.jpg,0
ppeneg_sh17_009010.jpg,0
ppeneg_sh17_001777.jpg,0
ppeneg_sh17_004913.jpg,0
ppeneg_sh17_011599.jpg,0
ppeneg_sh17_007479.jpg,0
ppeneg_sh17_012271.jpg,0
ppeneg_sh17_003543.jpg,0
ppeneg_sh17_001382.jpg,0
ppeneg_sh17_003193.jpg,0
ppeneg_sh17_000155.jpg,0
ppeneg_sh17_003992.jpg,0
ppeneg_sh17_006075.jpg,0
ppeneg_sh17_001051.jpg,0
ppeneg_sh17_009562.jpg,0
ppeneg_sh17_001627.jpg,0
ppeneg_sh17_011921.jpg,0
ppeneg_sh17_007922.jpg,0
ppeneg_sh17_010605.jpg,0
ppeneg_sh17_004273.jpg,0
ppeneg_sh17_009822.jpg,0
ppeneg_sh17_000971.jpg,0
ppeneg_sh17_010220.jpg,0
ppeneg_sh17_000253.jpg,0
ppeneg_sh17_008385.jpg,0
ppeneg_sh17_005613.jpg,0
ppeneg_sh17_006827.jpg,0
ppeneg_sh17_013001.jpg,0
ppeneg_sh17_007850.jpg,0
ppeneg_sh17_011260.jpg,0
ppeneg_sh17_008611.jpg,0
ppeneg_sh17_003281.jpg,0
ppeneg_sh17_007321.jpg,0
ppeneg_sh17_003469.jpg,0
ppeneg_sh17_006756.jpg,0
ppeneg_sh17_012762.jpg,0
ppeneg_sh17_005183.jpg,0
ppeneg_sh17_002298.jpg,0
ppeneg_sh17_005765.jpg,0
ppeneg_sh17_007469.jpg,0
ppeneg_sh17_002565.jpg,0
ppeneg_sh17_010017.jpg,0
ppeneg_sh17_004937.jpg,0
ppeneg_sh17_012776.jpg,0
ppeneg_sh17_012247.jpg,0
ppeneg_sh17_005902.jpg,0
ppeneg_sh17_009294.jpg,0
ppeneg_sh17_009504.jpg,0
ppeneg_sh17_002064.jpg,0
ppeneg_sh17_001479.jpg,0
ppeneg_sh17_013222.jpg,0
ppeneg_sh17_000994.jpg,0
ppeneg_sh17_002007.jpg,0
ppeneg_sh17_010386.jpg,0
ppeneg_sh17_008167.jpg,0
ppeneg_sh17_013111.jpg,0
ppeneg_sh17_011206.jpg,0
ppeneg_sh17_002336.jpg,0
ppeneg_sh17_010307.jpg,0
ppeneg_sh17_004036.jpg,0
ppeneg_sh17_012994.jpg,0
ppeneg_sh17_008979.jpg,0
ppeneg_sh17_000920.jpg,0
ppeneg_sh17_001283.jpg,0
ppeneg_sh17_011061.jpg,0
ppeneg_sh17_004434.jpg,0
ppeneg_sh17_010762.jpg,0
ppeneg_sh17_000371.jpg,0
ppeneg_sh17_003834.jpg,0
ppeneg_sh17_012644.jpg,0
ppeneg_sh17_004272.jpg,0
ppeneg_sh17_012614.jpg,0
ppeneg_sh17_002356.jpg,0
ppeneg_sh17_003209.jpg,0
ppeneg_sh17_002918.jpg,0
ppeneg_sh17_000597.jpg,0
ppeneg_sh17_005873.jpg,0
ppeneg_sh17_007969.jpg,0
ppeneg_sh17_002453.jpg,0
ppeneg_sh17_005748.jpg,0
ppeneg_sh17_000753.jpg,0
ppeneg_sh17_007765.jpg,0
ppeneg_sh17_003196.jpg,0
ppeneg_sh17_002937.jpg,0
ppeneg_sh17_009840.jpg,0
ppeneg_sh17_009484.jpg,0
ppeneg_sh17_009577.jpg,0
ppeneg_sh17_007503.jpg,0
ppeneg_sh17_005817.jpg,0
ppeneg_sh17_007023.jpg,0
ppeneg_sh17_012682.jpg,0
ppeneg_sh17_002844.jpg,0
ppeneg_sh17_008125.jpg,0
ppeneg_sh17_010810.jpg,0
ppeneg_sh17_000238.jpg,0
ppeneg_sh17_004236.jpg,0
ppeneg_sh17_000014.jpg,0
ppeneg_sh17_005158.jpg,0
ppeneg_sh17_008989.jpg,0
ppeneg_sh17_004858.jpg,0
ppeneg_sh17_009149.jpg,0
ppeneg_sh17_005005.jpg,0
ppeneg_sh17_004093.jpg,0
ppeneg_sh17_004678.jpg,0
ppeneg_sh17_011349.jpg,0
ppeneg_sh17_010216.jpg,0
ppeneg_sh17_011732.jpg,0
ppeneg_sh17_003329.jpg,0
ppeneg_sh17_005752.jpg,0
ppeneg_sh17_005182.jpg,0
ppeneg_sh17_005657.jpg,0
ppeneg_sh17_007835.jpg,0
ppeneg_sh17_000954.jpg,0
ppeneg_sh17_007565.jpg,0
ppeneg_sh17_010610.jpg,0
ppeneg_sh17_008718.jpg,0
ppeneg_sh17_012715.jpg,0
ppeneg_sh17_012422.jpg,0
ppeneg_sh17_001460.jpg,0
ppeneg_sh17_005727.jpg,0
ppeneg_sh17_006977.jpg,0
ppeneg_sh17_013634.jpg,0
ppeneg_sh17_010322.jpg,0
ppeneg_sh17_003517.jpg,0
ppeneg_sh17_008793.jpg,0
ppeneg_sh17_002728.jpg,0
ppeneg_sh17_001397.jpg,0
ppeneg_sh17_013138.jpg,0
ppeneg_sh17_011549.jpg,0
ppeneg_sh17_007323.jpg,0
ppeneg_sh17_005836.jpg,0
ppeneg_sh17_007118.jpg,0
ppeneg_sh17_007805.jpg,0
ppeneg_sh17_006550.jpg,0
ppeneg_sh17_006138.jpg,0
ppeneg_sh17_001055.jpg,0
ppeneg_sh17_012471.jpg,0
ppeneg_sh17_008410.jpg,0
ppeneg_sh17_005141.jpg,0
ppeneg_sh17_012924.jpg,0
ppeneg_sh17_001986.jpg,0
ppeneg_sh17_008867.jpg,0
ppeneg_sh17_011686.jpg,0
ppeneg_sh17_007891.jpg,0
ppeneg_sh17_003733.jpg,0
ppeneg_sh17_002900.jpg,0
ppeneg_sh17_003029.jpg,0
ppeneg_sh17_007822.jpg,0
ppeneg_sh17_004606.jpg,0
ppeneg_sh17_004113.jpg,0
ppeneg_sh17_001241.jpg,0
ppeneg_sh17_013494.jpg,0
ppeneg_sh17_009890.jpg,0
ppeneg_sh17_003897.jpg,0
ppeneg_sh17_004873.jpg,0
ppeneg_sh17_002474.jpg,0
ppeneg_sh17_006742.jpg,0
ppeneg_sh17_001769.jpg,0
ppeneg_sh17_010968.jpg,0
ppeneg_sh17_005565.jpg,0
ppeneg_sh17_000296.jpg,0
ppeneg_sh17_002970.jpg,0
ppeneg_sh17_005624.jpg,0
ppeneg_sh17_009617.jpg,0
ppeneg_sh17_007785.jpg,0
ppeneg_sh17_004099.jpg,0
ppeneg_sh17_002208.jpg,0
ppeneg_sh17_008123.jpg,0
ppeneg_sh17_012590.jpg,0
ppeneg_sh17_011364.jpg,0
ppeneg_sh17_013544.jpg,0
ppeneg_sh17_008078.jpg,0
ppeneg_sh17_003842.jpg,0
ppeneg_sh17_000968.jpg,0
ppeneg_sh17_011221.jpg,0
ppeneg_sh17_005770.jpg,0
ppeneg_sh17_012018.jpg,0
ppeneg_sh17_003886.jpg,0
ppeneg_sh17_011912.jpg,0
ppeneg_sh17_002212.jpg,0
ppeneg_sh17_012599.jpg,0
ppeneg_sh17_007146.jpg,0
ppeneg_sh17_001579.jpg,0
ppeneg_sh17_009359.jpg,0
ppeneg_sh17_004032.jpg,0
ppeneg_sh17_004220.jpg,0
ppeneg_sh17_004351.jpg,0
ppeneg_sh17_002754.jpg,0
ppeneg_sh17_006316.jpg,0
ppeneg_sh17_012621.jpg,0
ppeneg_sh17_004505.jpg,0
ppeneg_sh17_013751.jpg,0
ppeneg_sh17_007547.jpg,0
ppeneg_sh17_012405.jpg,0
ppeneg_sh17_002154.jpg,0
ppeneg_sh17_003404.jpg,0
ppeneg_sh17_000426.jpg,0
ppeneg_sh17_006470.jpg,0
ppeneg_sh17_004106.jpg,0
ppeneg_sh17_003773.jpg,0
ppeneg_sh17_013085.jpg,0
ppeneg_sh17_000465.jpg,0
ppeneg_sh17_003904.jpg,0
ppeneg_sh17_008102.jpg,0
ppeneg_sh17_011521.jpg,0
ppeneg_sh17_001791.jpg,0
ppeneg_sh17_009055.jpg,0
ppeneg_sh17_013571.jpg,0
ppeneg_sh17_005712.jpg,0
ppeneg_sh17_011971.jpg,0
ppeneg_sh17_006607.jpg,0
ppeneg_sh17_009646.jpg,0
ppeneg_sh17_003501.jpg,0
ppeneg_sh17_001139.jpg,0
ppeneg_sh17_010755.jpg,0
ppeneg_sh17_010334.jpg,0
ppeneg_sh17_002799.jpg,0
ppeneg_sh17_002597.jpg,0
ppeneg_sh17_012636.jpg,0
ppeneg_sh17_009426.jpg,0
ppeneg_sh17_005162.jpg,0
ppeneg_sh17_004533.jpg,0
ppeneg_sh17_009202.jpg,0
ppeneg_sh17_010131.jpg,0
ppeneg_sh17_005230.jpg,0
ppeneg_sh17_003734.jpg,0
ppeneg_sh17_009817.jpg,0
ppeneg_sh17_011610.jpg,0
ppeneg_sh17_004646.jpg,0
ppeneg_sh17_001527.jpg,0
ppeneg_sh17_010994.jpg,0
ppeneg_sh17_006819.jpg,0
ppeneg_sh17_006780.jpg,0
ppeneg_sh17_012284.jpg,0
ppeneg_sh17_001747.jpg,0
ppeneg_sh17_012890.jpg,0
ppeneg_sh17_003908.jpg,0
ppeneg_sh17_008866.jpg,0
ppeneg_sh17_003095.jpg,0
ppeneg_sh17_003702.jpg,0
ppeneg_sh17_011587.jpg,0
ppeneg_sh17_007019.jpg,0
ppeneg_sh17_007773.jpg,0
ppeneg_sh17_005037.jpg,0
ppeneg_sh17_010316.jpg,0
ppeneg_sh17_002411.jpg,0
ppeneg_sh17_001308.jpg,0
ppeneg_sh17_009547.jpg,0
ppeneg_sh17_000978.jpg,0
ppeneg_sh17_007478.jpg,0
ppeneg_sh17_003918.jpg,0
ppeneg_sh17_008432.jpg,0
ppeneg_sh17_012862.jpg,0
ppeneg_sh17_001860.jpg,0
ppeneg_sh17_010981.jpg,0
ppeneg_sh17_000844.jpg,0
ppeneg_sh17_010986.jpg,0
ppeneg_sh17_003919.jpg,0
ppeneg_sh17_012497.jpg,0
ppeneg_sh17_001847.jpg,0
ppeneg_sh17_010911.jpg,0
ppeneg_sh17_001602.jpg,0
ppeneg_sh17_008129.jpg,0
ppeneg_sh17_003225.jpg,0
ppeneg_sh17_008542.jpg,0
ppeneg_sh17_000566.jpg,0
ppeneg_sh17_012083.jpg,0
ppeneg_sh17_006823.jpg,0
ppeneg_sh17_005277.jpg,0
ppeneg_sh17_012928.jpg,0
ppeneg_sh17_003109.jpg,0
ppeneg_sh17_008491.jpg,0
ppeneg_sh17_002177.jpg,0
ppeneg_sh17_010688.jpg,0
ppeneg_sh17_001720.jpg,0
ppeneg_sh17_003755.jpg,0
ppeneg_sh17_007079.jpg,0
ppeneg_sh17_013516.jpg,0
ppeneg_sh17_011914.jpg,0
ppeneg_sh17_005437.jpg,0
ppeneg_sh17_004371.jpg,0
ppeneg_sh17_002622.jpg,0
ppeneg_sh17_006973.jpg,0
ppeneg_sh17_002198.jpg,0
ppeneg_sh17_000048.jpg,0
ppeneg_sh17_013196.jpg,0
ppeneg_sh17_010949.jpg,0
ppeneg_sh17_000499.jpg,0
ppeneg_sh17_012185.jpg,0
ppeneg_sh17_007589.jpg,0
ppeneg_sh17_005737.jpg,0
ppeneg_sh17_000031.jpg,0
ppeneg_sh17_001939.jpg,0
ppeneg_sh17_004257.jpg,0
ppeneg_sh17_011926.jpg,0
ppeneg_sh17_000972.jpg,0
ppeneg_sh17_004429.jpg,0
ppeneg_sh17_001178.jpg,0
ppeneg_sh17_002386.jpg,0
ppeneg_sh17_010092.jpg,0
ppeneg_sh17_001132.jpg,0
ppeneg_sh17_006004.jpg,0
ppeneg_sh17_013398.jpg,0
ppeneg_sh17_001133.jpg,0
ppeneg_sh17_004007.jpg,0
ppeneg_sh17_003116.jpg,0
ppeneg_sh17_003344.jpg,0
ppeneg_sh17_009428.jpg,0
ppeneg_sh17_000780.jpg,0
ppeneg_sh17_012821.jpg,0
ppeneg_sh17_002395.jpg,0
ppeneg_sh17_001922.jpg,0
ppeneg_sh17_007082.jpg,0
ppeneg_sh17_001030.jpg,0
ppeneg_sh17_006343.jpg,0
ppeneg_sh17_010802.jpg,0
ppeneg_sh17_012511.jpg,0
ppeneg_sh17_002359.jpg,0
ppeneg_sh17_010951.jpg,0
ppeneg_sh17_001987.jpg,0
ppeneg_sh17_011953.jpg,0
ppeneg_sh17_006663.jpg,0
ppeneg_sh17_010847.jpg,0
ppeneg_sh17_005963.jpg,0
ppeneg_sh17_011827.jpg,0
ppeneg_sh17_008934.jpg,0
ppeneg_sh17_012389.jpg,0
ppeneg_sh17_003822.jpg,0
ppeneg_sh17_013269.jpg,0
ppeneg_sh17_000988.jpg,0
ppeneg_sh17_010833.jpg,0
ppeneg_sh17_010218.jpg,0
ppeneg_sh17_013624.jpg,0
ppeneg_sh17_011298.jpg,0
ppeneg_sh17_010993.jpg,0
ppeneg_sh17_008774.jpg,0
ppeneg_sh17_005386.jpg,0
ppeneg_sh17_001002.jpg,0
ppeneg_sh17_004580.jpg,0
ppeneg_sh17_000757.jpg,0
ppeneg_sh17_012393.jpg,0
ppeneg_sh17_012634.jpg,0
ppeneg_sh17_010259.jpg,0
ppeneg_sh17_001903.jpg,0
ppeneg_sh17_011562.jpg,0
ppeneg_sh17_009568.jpg,0
ppeneg_sh17_006287.jpg,0
ppeneg_sh17_000146.jpg,0
ppeneg_sh17_008536.jpg,0
ppeneg_sh17_007847.jpg,0
ppeneg_sh17_009377.jpg,0
ppeneg_sh17_001027.jpg,0
ppeneg_sh17_011385.jpg,0
ppeneg_sh17_006213.jpg,0
ppeneg_sh17_000489.jpg,0
ppeneg_sh17_005337.jpg,0
ppeneg_sh17_010570.jpg,0
ppeneg_sh17_001569.jpg,0
ppeneg_sh17_000901.jpg,0
ppeneg_sh17_007172.jpg,0
ppeneg_sh17_008822.jpg,0
ppeneg_sh17_012048.jpg,0
ppeneg_sh17_005965.jpg,0
ppeneg_sh17_004126.jpg,0
ppeneg_sh17_003671.jpg,0
ppeneg_sh17_006068.jpg,0
ppeneg_sh17_011357.jpg,0
ppeneg_sh17_006738.jpg,0
ppeneg_sh17_001740.jpg,0
ppeneg_sh17_003213.jpg,0
ppeneg_sh17_006557.jpg,0
ppeneg_sh17_005419.jpg,0
ppeneg_sh17_007499.jpg,0
ppeneg_sh17_003200.jpg,0
ppeneg_sh17_011880.jpg,0
ppeneg_sh17_013185.jpg,0
ppeneg_sh17_000228.jpg,0
ppeneg_sh17_006251.jpg,0
ppeneg_sh17_003058.jpg,0
ppeneg_sh17_002612.jpg,0
ppeneg_sh17_011398.jpg,0
ppeneg_sh17_010931.jpg,0
ppeneg_sh17_001461.jpg,0
ppeneg_sh17_012068.jpg,0
ppeneg_sh17_010693.jpg,0
ppeneg_sh17_009367.jpg,0
ppeneg_sh17_001117.jpg,0
ppeneg_sh17_006332.jpg,0
ppeneg_sh17_009741.jpg,0
ppeneg_sh17_011594.jpg,0
ppeneg_sh17_012332.jpg,0
ppeneg_sh17_002529.jpg,0
ppeneg_sh17_000889.jpg,0
ppeneg_sh17_009043.jpg,0
ppeneg_sh17_011249.jpg,0
ppeneg_sh17_004987.jpg,0
ppeneg_sh17_013482.jpg,0
ppeneg_sh17_009513.jpg,0
ppeneg_sh17_002133.jpg,0
ppeneg_sh17_005729.jpg,0
ppeneg_sh17_013548.jpg,0
ppeneg_sh17_000874.jpg,0
ppeneg_sh17_002367.jpg,0
ppeneg_sh17_008758.jpg,0
ppeneg_sh17_005745.jpg,0
ppeneg_sh17_004513.jpg,0
ppeneg_sh17_001455.jpg,0
ppeneg_sh17_008976.jpg,0
ppeneg_sh17_005119.jpg,0
ppeneg_sh17_002975.jpg,0
ppeneg_sh17_003426.jpg,0
ppeneg_sh17_003770.jpg,0
ppeneg_sh17_006220.jpg,0
ppeneg_sh17_003878.jpg,0
ppeneg_sh17_011497.jpg,0
ppeneg_sh17_000243.jpg,0
ppeneg_sh17_003350.jpg,0
ppeneg_sh17_010999.jpg,0
ppeneg_sh17_011396.jpg,0
ppeneg_sh17_003672.jpg,0
ppeneg_sh17_006222.jpg,0
ppeneg_sh17_012522.jpg,0
ppeneg_sh17_013350.jpg,0
ppeneg_sh17_000533.jpg,0
ppeneg_sh17_008286.jpg,0
ppeneg_sh17_013557.jpg,0
ppeneg_sh17_000888.jpg,0
ppeneg_sh17_006121.jpg,0
ppeneg_sh17_002328.jpg,0
ppeneg_sh17_013347.jpg,0
ppeneg_sh17_004233.jpg,0
ppeneg_sh17_008262.jpg,0
ppeneg_sh17_003732.jpg,0
ppeneg_sh17_008790.jpg,0
ppeneg_sh17_000848.jpg,0
ppeneg_sh17_004547.jpg,0
ppeneg_sh17_006506.jpg,0
ppeneg_sh17_004750.jpg,0
ppeneg_sh17_012345.jpg,0
ppeneg_sh17_006015.jpg,0
ppeneg_sh17_008767.jpg,0
ppeneg_sh17_003411.jpg,0
ppeneg_sh17_007098.jpg,0
ppeneg_sh17_011073.jpg,0
ppeneg_sh17_001320.jpg,0
ppeneg_sh17_001228.jpg,0
ppeneg_sh17_003839.jpg,0
ppeneg_sh17_008756.jpg,0
ppeneg_sh17_007120.jpg,0
ppeneg_sh17_009883.jpg,0
ppeneg_sh17_005367.jpg,0
ppeneg_sh17_002729.jpg,0
ppeneg_sh17_011831.jpg,0
ppeneg_sh17_003623.jpg,0
ppeneg_sh17_003170.jpg,0
ppeneg_sh17_009029.jpg,0
ppeneg_sh17_001709.jpg,0
ppeneg_sh17_011182.jpg,0
ppeneg_sh17_007670.jpg,0
ppeneg_sh17_006187.jpg,0
ppeneg_sh17_011624.jpg,0
ppeneg_sh17_001914.jpg,0
ppeneg_sh17_001554.jpg,0
ppeneg_sh17_004232.jpg,0
ppeneg_sh17_009869.jpg,0
ppeneg_sh17_008450.jpg,0
ppeneg_sh17_000299.jpg,0
ppeneg_sh17_003721.jpg,0
ppeneg_sh17_002963.jpg,0
ppeneg_sh17_006201.jpg,0
ppeneg_sh17_007002.jpg,0
ppeneg_sh17_008459.jpg,0
ppeneg_sh17_012207.jpg,0
ppeneg_sh17_011499.jpg,0
ppeneg_sh17_004276.jpg,0
ppeneg_sh17_005241.jpg,0
ppeneg_sh17_001383.jpg,0
ppeneg_sh17_000328.jpg,0
ppeneg_sh17_003381.jpg,0
ppeneg_sh17_004531.jpg,0
ppeneg_sh17_007439.jpg,0
ppeneg_sh17_002624.jpg,0
ppeneg_sh17_012194.jpg,0
ppeneg_sh17_008578.jpg,0
ppeneg_sh17_009343.jpg,0
ppeneg_sh17_011842.jpg,0
ppeneg_sh17_011773.jpg,0
ppeneg_sh17_005538.jpg,0
ppeneg_sh17_004768.jpg,0
ppeneg_sh17_010582.jpg,0
ppeneg_sh17_009411.jpg,0
ppeneg_sh17_007756.jpg,0
ppeneg_sh17_001506.jpg,0
ppeneg_sh17_006422.jpg,0
ppeneg_sh17_001825.jpg,0
ppeneg_sh17_007656.jpg,0
ppeneg_sh17_013037.jpg,0
ppeneg_sh17_011259.jpg,0
ppeneg_sh17_005114.jpg,0
ppeneg_sh17_007810.jpg,0
ppeneg_sh17_009355.jpg,0
ppeneg_sh17_008840.jpg,0
ppeneg_sh17_000701.jpg,0
ppeneg_sh17_011372.jpg,0
ppeneg_sh17_013249.jpg,0
ppeneg_sh17_006959.jpg,0
ppeneg_sh17_005154.jpg,0
ppeneg_sh17_008604.jpg,0
ppeneg_sh17_013064.jpg,0
ppeneg_sh17_011872.jpg,0
ppeneg_sh17_005977.jpg,0
ppeneg_sh17_012724.jpg,0
ppeneg_sh17_006701.jpg,0
ppeneg_sh17_011992.jpg,0
ppeneg_sh17_013110.jpg,0
ppeneg_sh17_012982.jpg,0
ppeneg_sh17_012559.jpg,0
ppeneg_sh17_005220.jpg,0
ppeneg_sh17_002288.jpg,0
ppeneg_sh17_011802.jpg,0
ppeneg_sh17_000899.jpg,0
ppeneg_sh17_003126.jpg,0
ppeneg_sh17_003131.jpg,0
ppeneg_sh17_006949.jpg,0
ppeneg_sh17_000450.jpg,0
ppeneg_sh17_004664.jpg,0
ppeneg_sh17_006754.jpg,0
ppeneg_sh17_007224.jpg,0
ppeneg_sh17_000689.jpg,0
ppeneg_sh17_002296.jpg,0
ppeneg_sh17_013171.jpg,0
ppeneg_sh17_010642.jpg,0
ppeneg_sh17_008810.jpg,0
ppeneg_sh17_006126.jpg,0
ppeneg_sh17_006679.jpg,0
ppeneg_sh17_007784.jpg,0
ppeneg_sh17_005852.jpg,0
ppeneg_sh17_004298.jpg,0
ppeneg_sh17_013129.jpg,0
ppeneg_sh17_002481.jpg,0
ppeneg_sh17_001651.jpg,0
ppeneg_sh17_006210.jpg,0
ppeneg_sh17_006933.jpg,0
ppeneg_sh17_013112.jpg,0
ppeneg_sh17_004862.jpg,0
ppeneg_sh17_006547.jpg,0
ppeneg_sh17_013675.jpg,0
ppeneg_sh17_010766.jpg,0
ppeneg_sh17_006904.jpg,0
ppeneg_sh17_001965.jpg,0
ppeneg_sh17_004653.jpg,0
ppeneg_sh17_000411.jpg,0
ppeneg_sh17_012483.jpg,0
ppeneg_sh17_008829.jpg,0
ppeneg_sh17_003553.jpg,0
ppeneg_sh17_012659.jpg,0
ppeneg_sh17_013151.jpg,0
ppeneg_sh17_012208.jpg,0
ppeneg_sh17_009670.jpg,0
ppeneg_sh17_009539.jpg,0
ppeneg_sh17_010941.jpg,0
ppeneg_sh17_006076.jpg,0
ppeneg_sh17_007090.jpg,0
ppeneg_sh17_013114.jpg,0
ppeneg_sh17_006423.jpg,0
ppeneg_sh17_007878.jpg,0
ppeneg_sh17_013004.jpg,0
ppeneg_sh17_002123.jpg,0
ppeneg_sh17_001774.jpg,0
ppeneg_sh17_012795.jpg,0
ppeneg_sh17_012058.jpg,0
ppeneg_sh17_005713.jpg,0
ppeneg_sh17_009516.jpg,0
ppeneg_sh17_006082.jpg,0
ppeneg_sh17_011142.jpg,0
ppeneg_sh17_007573.jpg,0
ppeneg_sh17_003486.jpg,0
ppeneg_sh17_009321.jpg,0
ppeneg_sh17_002459.jpg,0
ppeneg_sh17_013417.jpg,0
ppeneg_sh17_012040.jpg,0
ppeneg_sh17_011586.jpg,0
ppeneg_sh17_002088.jpg,0
ppeneg_sh17_001521.jpg,0
ppeneg_sh17_006145.jpg,0
ppeneg_sh17_005813.jpg,0
ppeneg_sh17_011517.jpg,0
ppeneg_sh17_000016.jpg,0
ppeneg_sh17_002186.jpg,0
ppeneg_sh17_004341.jpg,0
ppeneg_sh17_004399.jpg,0
ppeneg_sh17_007271.jpg,0
ppeneg_sh17_007406.jpg,0
ppeneg_sh17_012672.jpg,0
ppeneg_sh17_011851.jpg,0
ppeneg_sh17_011498.jpg,0
ppeneg_sh17_004031.jpg,0
ppeneg_sh17_006257.jpg,0
ppeneg_sh17_012295.jpg,0
ppeneg_sh17_001832.jpg,0
ppeneg_sh17_005775.jpg,0
ppeneg_sh17_002448.jpg,0
ppeneg_sh17_012552.jpg,0
ppeneg_sh17_006364.jpg,0
ppeneg_sh17_002652.jpg,0
ppeneg_sh17_013316.jpg,0
ppeneg_sh17_008370.jpg,0
ppeneg_sh17_005104.jpg,0
ppeneg_sh17_012847.jpg,0
ppeneg_sh17_011183.jpg,0
ppeneg_sh17_002848.jpg,0
ppeneg_sh17_011494.jpg,0
ppeneg_sh17_001145.jpg,0
ppeneg_sh17_013758.jpg,0
ppeneg_sh17_003142.jpg,0
ppeneg_sh17_011148.jpg,0
ppeneg_sh17_006404.jpg,0
ppeneg_sh17_009651.jpg,0
ppeneg_sh17_007745.jpg,0
ppeneg_sh17_002092.jpg,0
ppeneg_sh17_011869.jpg,0
ppeneg_sh17_007636.jpg,0
ppeneg_sh17_004428.jpg,0
ppeneg_sh17_002936.jpg,0
ppeneg_sh17_007357.jpg,0
ppeneg_sh17_002649.jpg,0
ppeneg_sh17_005910.jpg,0
ppeneg_sh17_007586.jpg,0
ppeneg_sh17_011489.jpg,0
ppeneg_sh17_013029.jpg,0
ppeneg_sh17_006755.jpg,0
ppeneg_sh17_004956.jpg,0
ppeneg_sh17_008493.jpg,0
ppeneg_sh17_000332.jpg,0
ppeneg_sh17_004820.jpg,0
ppeneg_sh17_003280.jpg,0
ppeneg_sh17_013297.jpg,0
ppeneg_sh17_000670.jpg,0
ppeneg_sh17_004384.jpg,0
ppeneg_sh17_013779.jpg,0
ppeneg_sh17_008118.jpg,0
ppeneg_sh17_010105.jpg,0
ppeneg_sh17_009030.jpg,0
ppeneg_sh17_011800.jpg,0
ppeneg_sh17_000475.jpg,0
ppeneg_sh17_007092.jpg,0
ppeneg_sh17_004685.jpg,0
ppeneg_sh17_000311.jpg,0
ppeneg_sh17_012631.jpg,0
ppeneg_sh17_012495.jpg,0
ppeneg_sh17_005024.jpg,0
ppeneg_sh17_008818.jpg,0
ppeneg_sh17_007122.jpg,0
ppeneg_sh17_000376.jpg,0
ppeneg_sh17_001190.jpg,0
ppeneg_sh17_010275.jpg,0
ppeneg_sh17_013317.jpg,0
ppeneg_sh17_000251.jpg,0
ppeneg_sh17_012344.jpg,0
ppeneg_sh17_001016.jpg,0
ppeneg_sh17_009720.jpg,0
ppeneg_sh17_007947.jpg,0
ppeneg_sh17_006863.jpg,0
ppeneg_sh17_012014.jpg,0
ppeneg_sh17_002228.jpg,0
ppeneg_sh17_008217.jpg,0
ppeneg_sh17_013385.jpg,0
ppeneg_sh17_012832.jpg,0
ppeneg_sh17_003232.jpg,0
ppeneg_sh17_001729.jpg,0
ppeneg_sh17_004844.jpg,0
ppeneg_sh17_000431.jpg,0
ppeneg_sh17_011303.jpg,0
ppeneg_sh17_001079.jpg,0
ppeneg_sh17_002360.jpg,0
ppeneg_sh17_002482.jpg,0
ppeneg_sh17_003066.jpg,0
ppeneg_sh17_000778.jpg,0
ppeneg_sh17_011283.jpg,0
ppeneg_sh17_005911.jpg,0
ppeneg_sh17_005689.jpg,0
ppeneg_sh17_001230.jpg,0
ppeneg_sh17_008502.jpg,0
ppeneg_sh17_001481.jpg,0
ppeneg_sh17_007512.jpg,0
ppeneg_sh17_013550.jpg,0
ppeneg_sh17_000059.jpg,0
ppeneg_sh17_010884.jpg,0
ppeneg_sh17_007495.jpg,0
ppeneg_sh17_001049.jpg,0
ppeneg_sh17_000754.jpg,0
ppeneg_sh17_009558.jpg,0
ppeneg_sh17_006178.jpg,0
ppeneg_sh17_011028.jpg,0
ppeneg_sh17_005395.jpg,0
ppeneg_sh17_003233.jpg,0
ppeneg_sh17_007529.jpg,0
ppeneg_sh17_008117.jpg,0
ppeneg_sh17_005751.jpg,0
ppeneg_sh17_004073.jpg,0
ppeneg_sh17_010112.jpg,0
ppeneg_sh17_013486.jpg,0
ppeneg_sh17_006188.jpg,0
ppeneg_sh17_000593.jpg,0
ppeneg_sh17_012430.jpg,0
ppeneg_sh17_003237.jpg,0
ppeneg_sh17_002994.jpg,0
ppeneg_sh17_009790.jpg,0
ppeneg_sh17_005442.jpg,0
ppeneg_sh17_001020.jpg,0
ppeneg_sh17_001658.jpg,0
ppeneg_sh17_012777.jpg,0
ppeneg_sh17_011204.jpg,0
ppeneg_sh17_010710.jpg,0
ppeneg_sh17_002962.jpg,0
ppeneg_sh17_003708.jpg,0
ppeneg_sh17_011164.jpg,0
ppeneg_sh17_007195.jpg,0
ppeneg_sh17_000227.jpg,0
ppeneg_sh17_004381.jpg,0
ppeneg_sh17_005357.jpg,0
ppeneg_sh17_001295.jpg,0
ppeneg_sh17_003309.jpg,0
ppeneg_sh17_006989.jpg,0
ppeneg_sh17_009837.jpg,0
ppeneg_sh17_002106.jpg,0
ppeneg_sh17_008636.jpg,0
ppeneg_sh17_004001.jpg,0
ppeneg_sh17_003156.jpg,0
ppeneg_sh17_003895.jpg,0
ppeneg_sh17_009162.jpg,0
ppeneg_sh17_008993.jpg,0
ppeneg_sh17_006948.jpg,0
ppeneg_sh17_009930.jpg,0
ppeneg_sh17_000367.jpg,0
ppeneg_sh17_006519.jpg,0
ppeneg_sh17_009057.jpg,0
ppeneg_sh17_008406.jpg,0
ppeneg_sh17_005089.jpg,0
ppeneg_sh17_001136.jpg,0
ppeneg_sh17_004208.jpg,0
ppeneg_sh17_005087.jpg,0
ppeneg_sh17_006916.jpg,0
ppeneg_sh17_006650.jpg,0
ppeneg_sh17_010108.jpg,0
ppeneg_sh17_008759.jpg,0
ppeneg_sh17_005901.jpg,0
ppeneg_sh17_008585.jpg,0
ppeneg_sh17_005640.jpg,0
ppeneg_sh17_005547.jpg,0
ppeneg_sh17_008137.jpg,0
ppeneg_sh17_005384.jpg,0
ppeneg_sh17_000700.jpg,0
ppeneg_sh17_012352.jpg,0
ppeneg_sh17_013099.jpg,0
ppeneg_sh17_009391.jpg,0
ppeneg_sh17_009454.jpg,0
ppeneg_sh17_003542.jpg,0
ppeneg_sh17_008864.jpg,0
ppeneg_sh17_003981.jpg,0
ppeneg_sh17_013367.jpg,0
ppeneg_sh17_009573.jpg,0
ppeneg_sh17_007087.jpg,0
ppeneg_sh17_013187.jpg,0
ppeneg_sh17_004882.jpg,0
ppeneg_sh17_004015.jpg,0
ppeneg_sh17_002503.jpg,0
ppeneg_sh17_008986.jpg,0
ppeneg_sh17_004419.jpg,0
ppeneg_sh17_005829.jpg,0
ppeneg_sh17_001445.jpg,0
ppeneg_sh17_008403.jpg,0
ppeneg_sh17_001219.jpg,0
ppeneg_sh17_008115.jpg,0
ppeneg_sh17_000338.jpg,0
ppeneg_sh17_007775.jpg,0
ppeneg_sh17_001761.jpg,0
ppeneg_sh17_002385.jpg,0
ppeneg_sh17_006809.jpg,0
ppeneg_sh17_009887.jpg,0
ppeneg_sh17_007074.jpg,0
ppeneg_sh17_007254.jpg,0
ppeneg_sh17_010155.jpg,0
ppeneg_sh17_003899.jpg,0
ppeneg_sh17_004473.jpg,0
ppeneg_sh17_010879.jpg,0
ppeneg_sh17_011031.jpg,0
ppeneg_sh17_009855.jpg,0
ppeneg_sh17_008528.jpg,0
ppeneg_sh17_013574.jpg,0
ppeneg_sh17_007252.jpg,0
ppeneg_sh17_006865.jpg,0
ppeneg_sh17_009717.jpg,0
ppeneg_sh17_012959.jpg,0
ppeneg_sh17_007662.jpg,0
ppeneg_sh17_010187.jpg,0
ppeneg_sh17_008492.jpg,0
ppeneg_sh17_010387.jpg,0
ppeneg_sh17_001371.jpg,0
ppeneg_sh17_003151.jpg,0
ppeneg_sh17_008744.jpg,0
ppeneg_sh17_000910.jpg,0
ppeneg_sh17_011529.jpg,0
ppeneg_sh17_008453.jpg,0
ppeneg_sh17_009230.jpg,0
ppeneg_sh17_007698.jpg,0
ppeneg_sh17_008340.jpg,0
ppeneg_sh17_005197.jpg,0
ppeneg_sh17_003764.jpg,0
ppeneg_sh17_003645.jpg,0
ppeneg_sh17_012867.jpg,0
ppeneg_sh17_007128.jpg,0
ppeneg_sh17_002014.jpg,0
ppeneg_sh17_008411.jpg,0
ppeneg_sh17_003946.jpg,0
ppeneg_sh17_006376.jpg,0
ppeneg_sh17_002593.jpg,0
ppeneg_sh17_004078.jpg,0
ppeneg_sh17_006996.jpg,0
ppeneg_sh17_002841.jpg,0
ppeneg_sh17_012753.jpg,0
ppeneg_sh17_002524.jpg,0
ppeneg_sh17_011704.jpg,0
ppeneg_sh17_001063.jpg,0
ppeneg_sh17_010086.jpg,0
ppeneg_sh17_005807.jpg,0
ppeneg_sh17_000669.jpg,0
ppeneg_sh17_013342.jpg,0
ppeneg_sh17_004008.jpg,0
ppeneg_sh17_003143.jpg,0
ppeneg_sh17_005336.jpg,0
ppeneg_sh17_013694.jpg,0
ppeneg_sh17_002382.jpg,0
ppeneg_sh17_008428.jpg,0
ppeneg_sh17_000831.jpg,0
ppeneg_sh17_009393.jpg,0
ppeneg_sh17_004191.jpg,0
ppeneg_sh17_013046.jpg,0
ppeneg_sh17_005642.jpg,0
ppeneg_sh17_010898.jpg,0
ppeneg_sh17_012092.jpg,0
ppeneg_sh17_007761.jpg,0
ppeneg_sh17_001420.jpg,0
ppeneg_sh17_008902.jpg,0
ppeneg_sh17_006993.jpg,0
ppeneg_sh17_001567.jpg,0
ppeneg_sh17_005633.jpg,0
ppeneg_sh17_006462.jpg,0
ppeneg_sh17_010535.jpg,0
ppeneg_sh17_009318.jpg,0
ppeneg_sh17_002261.jpg,0
ppeneg_sh17_006886.jpg,0
ppeneg_sh17_010924.jpg,0
ppeneg_sh17_008761.jpg,0
ppeneg_sh17_011037.jpg,0
ppeneg_sh17_006944.jpg,0
ppeneg_sh17_008388.jpg,0
ppeneg_sh17_012278.jpg,0
ppeneg_sh17_010130.jpg,0
ppeneg_sh17_008713.jpg,0
ppeneg_sh17_012479.jpg,0
ppeneg_sh17_004166.jpg,0
ppeneg_sh17_011069.jpg,0
ppeneg_sh17_011722.jpg,0
ppeneg_sh17_013066.jpg,0
ppeneg_sh17_006939.jpg,0
ppeneg_sh17_008041.jpg,0
ppeneg_sh17_002095.jpg,0
ppeneg_sh17_012744.jpg,0
ppeneg_sh17_007977.jpg,0
ppeneg_sh17_001990.jpg,0
ppeneg_sh17_010051.jpg,0
ppeneg_sh17_006329.jpg,0
ppeneg_sh17_004893.jpg,0
ppeneg_sh17_004355.jpg,0
ppeneg_sh17_011223.jpg,0
ppeneg_sh17_007267.jpg,0
ppeneg_sh17_007576.jpg,0
ppeneg_sh17_009954.jpg,0
ppeneg_sh17_001523.jpg,0
ppeneg_sh17_003282.jpg,0
ppeneg_sh17_009607.jpg,0
ppeneg_sh17_005866.jpg,0
ppeneg_sh17_011420.jpg,0
ppeneg_sh17_003245.jpg,0
ppeneg_sh17_006699.jpg,0
ppeneg_sh17_000377.jpg,0
ppeneg_sh17_007358.jpg,0
ppeneg_sh17_010089.jpg,0
ppeneg_sh17_008346.jpg,0
ppeneg_sh17_011103.jpg,0
ppeneg_sh17_005663.jpg,0
ppeneg_sh17_006322.jpg,0
ppeneg_sh17_009421.jpg,0
ppeneg_sh17_002369.jpg,0
ppeneg_sh17_001452.jpg,0
ppeneg_sh17_008921.jpg,0
ppeneg_sh17_010397.jpg,0
ppeneg_sh17_011219.jpg,0
ppeneg_sh17_002291.jpg,0
ppeneg_sh17_006733.jpg,0
ppeneg_sh17_000749.jpg,0
ppeneg_sh17_003071.jpg,0
ppeneg_sh17_011146.jpg,0
ppeneg_sh17_007729.jpg,0
ppeneg_sh17_000256.jpg,0
ppeneg_sh17_005344.jpg,0
ppeneg_sh17_009626.jpg,0
ppeneg_sh17_009067.jpg,0
ppeneg_sh17_005880.jpg,0
ppeneg_sh17_002391.jpg,0
ppeneg_sh17_003912.jpg,0
ppeneg_sh17_000395.jpg,0
ppeneg_sh17_005948.jpg,0
ppeneg_sh17_010122.jpg,0
ppeneg_sh17_013599.jpg,0
ppeneg_sh17_013318.jpg,0
ppeneg_sh17_008619.jpg,0
ppeneg_sh17_002786.jpg,0
ppeneg_sh17_008436.jpg,0
ppeneg_sh17_000430.jpg,0
ppeneg_sh17_012174.jpg,0
ppeneg_sh17_011565.jpg,0
ppeneg_sh17_008495.jpg,0
ppeneg_sh17_010432.jpg,0
ppeneg_sh17_000814.jpg,0
ppeneg_sh17_000820.jpg,0
ppeneg_sh17_002103.jpg,0
ppeneg_sh17_012291.jpg,0
ppeneg_sh17_007399.jpg,0
ppeneg_sh17_002584.jpg,0
ppeneg_sh17_006767.jpg,0
ppeneg_sh17_008741.jpg,0
ppeneg_sh17_005541.jpg,0
ppeneg_sh17_010818.jpg,0
ppeneg_sh17_002380.jpg,0
ppeneg_sh17_013240.jpg,0
ppeneg_sh17_010442.jpg,0
ppeneg_sh17_001176.jpg,0
ppeneg_sh17_013067.jpg,0
ppeneg_sh17_007930.jpg,0
ppeneg_sh17_000210.jpg,0
ppeneg_sh17_011404.jpg,0
ppeneg_sh17_000562.jpg,0
ppeneg_sh17_010979.jpg,0
ppeneg_sh17_013148.jpg,0
ppeneg_sh17_006397.jpg,0
ppeneg_sh17_010459.jpg,0
ppeneg_sh17_001257.jpg,0
ppeneg_sh17_003465.jpg,0
ppeneg_sh17_007599.jpg,0
ppeneg_sh17_003035.jpg,0
ppeneg_sh17_009816.jpg,0
ppeneg_sh17_011817.jpg,0
ppeneg_sh17_004786.jpg,0
ppeneg_sh17_001866.jpg,0
ppeneg_sh17_011179.jpg,0
ppeneg_sh17_003609.jpg,0
ppeneg_sh17_009625.jpg,0
ppeneg_sh17_012154.jpg,0
ppeneg_sh17_010942.jpg,0
ppeneg_sh17_013136.jpg,0
ppeneg_sh17_009561.jpg,0
ppeneg_sh17_010920.jpg,0
ppeneg_sh17_000145.jpg,0
ppeneg_sh17_000940.jpg,0
ppeneg_sh17_009674.jpg,0
ppeneg_sh17_003985.jpg,0
ppeneg_sh17_005372.jpg,0
ppeneg_sh17_003013.jpg,0
ppeneg_sh17_002673.jpg,0
ppeneg_sh17_009337.jpg,0
ppeneg_sh17_001976.jpg,0
ppeneg_sh17_001126.jpg,0
ppeneg_sh17_003124.jpg,0
ppeneg_sh17_004433.jpg,0
ppeneg_sh17_008499.jpg,0
ppeneg_sh17_010595.jpg,0
ppeneg_sh17_007940.jpg,0
ppeneg_sh17_013405.jpg,0
ppeneg_sh17_001662.jpg,0
ppeneg_sh17_011664.jpg,0
ppeneg_sh17_001236.jpg,0
ppeneg_sh17_004201.jpg,0
ppeneg_sh17_003520.jpg,0
ppeneg_sh17_011282.jpg,0
ppeneg_sh17_008025.jpg,0
ppeneg_sh17_006893.jpg,0
ppeneg_sh17_005247.jpg,0
ppeneg_sh17_007240.jpg,0
ppeneg_sh17_006934.jpg,0
ppeneg_sh17_004539.jpg,0
ppeneg_sh17_012963.jpg,0
ppeneg_sh17_005180.jpg,0
ppeneg_sh17_010883.jpg,0
ppeneg_sh17_013749.jpg,0
ppeneg_sh17_009872.jpg,0
ppeneg_sh17_013382.jpg,0
ppeneg_sh17_004724.jpg,0
ppeneg_sh17_013137.jpg,0
ppeneg_sh17_000249.jpg,0
ppeneg_sh17_003896.jpg,0
ppeneg_sh17_012553.jpg,0
ppeneg_sh17_013058.jpg,0
ppeneg_sh17_004790.jpg,0
ppeneg_sh17_006884.jpg,0
ppeneg_sh17_007219.jpg,0
ppeneg_sh17_010564.jpg,0
ppeneg_sh17_001031.jpg,0
ppeneg_sh17_008769.jpg,0
ppeneg_sh17_006036.jpg,0
ppeneg_sh17_011954.jpg,0
ppeneg_sh17_001024.jpg,0
ppeneg_sh17_003422.jpg,0
ppeneg_sh17_012368.jpg,0
ppeneg_sh17_003527.jpg,0
ppeneg_sh17_011355.jpg,0
ppeneg_sh17_008414.jpg,0
ppeneg_sh17_011101.jpg,0
ppeneg_sh17_006956.jpg,0
ppeneg_sh17_013021.jpg,0
ppeneg_sh17_009938.jpg,0
ppeneg_sh17_003073.jpg,0
ppeneg_sh17_005952.jpg,0
ppeneg_sh17_000092.jpg,0
ppeneg_sh17_006718.jpg,0
ppeneg_sh17_011492.jpg,0
ppeneg_sh17_010640.jpg,0
ppeneg_sh17_002824.jpg,0
ppeneg_sh17_007018.jpg,0
ppeneg_sh17_008389.jpg,0
ppeneg_sh17_004748.jpg,0
ppeneg_sh17_005359.jpg,0
ppeneg_sh17_004972.jpg,0
ppeneg_sh17_010674.jpg,0
ppeneg_sh17_012803.jpg,0
ppeneg_sh17_011873.jpg,0
ppeneg_sh17_000771.jpg,0
ppeneg_sh17_004966.jpg,0
ppeneg_sh17_004745.jpg,0
ppeneg_sh17_002618.jpg,0
ppeneg_sh17_000556.jpg,0
ppeneg_sh17_003088.jpg,0
ppeneg_sh17_005249.jpg,0
ppeneg_sh17_010106.jpg,0
ppeneg_sh17_012506.jpg,0
ppeneg_sh17_006360.jpg,0
ppeneg_sh17_011461.jpg,0
ppeneg_sh17_009255.jpg,0
ppeneg_sh17_009118.jpg,0
ppeneg_sh17_000156.jpg,0
ppeneg_sh17_003706.jpg,0
ppeneg_sh17_011030.jpg,0
ppeneg_sh17_006811.jpg,0
ppeneg_sh17_010186.jpg,0
ppeneg_sh17_006177.jpg,0
ppeneg_sh17_009560.jpg,0
ppeneg_sh17_007423.jpg,0
ppeneg_sh17_003584.jpg,0
ppeneg_sh17_002471.jpg,0
ppeneg_sh17_009846.jpg,0
ppeneg_sh17_011530.jpg,0
ppeneg_sh17_002050.jpg,0
ppeneg_sh17_012893.jpg,0
ppeneg_sh17_001743.jpg,0
ppeneg_sh17_000218.jpg,0
ppeneg_sh17_002894.jpg,0
ppeneg_sh17_003048.jpg,0
ppeneg_sh17_003074.jpg,0
ppeneg_sh17_006247.jpg,0
ppeneg_sh17_010194.jpg,0
ppeneg_sh17_005512.jpg,0
ppeneg_sh17_006168.jpg,0
ppeneg_sh17_001194.jpg,0
ppeneg_sh17_013201.jpg,0
ppeneg_sh17_007706.jpg,0
ppeneg_sh17_006054.jpg,0
ppeneg_sh17_013286.jpg,0
ppeneg_sh17_009594.jpg,0
ppeneg_sh17_007048.jpg,0
ppeneg_sh17_007158.jpg,0
ppeneg_sh17_013505.jpg,0
ppeneg_sh17_007671.jpg,0
ppeneg_sh17_005294.jpg,0
ppeneg_sh17_013469.jpg,0
ppeneg_sh17_012155.jpg,0
ppeneg_sh17_002815.jpg,0
ppeneg_sh17_002823.jpg,0
ppeneg_sh17_008655.jpg,0
ppeneg_sh17_006185.jpg,0
ppeneg_sh17_007298.jpg,0
ppeneg_sh17_001204.jpg,0
ppeneg_sh17_009746.jpg,0
ppeneg_sh17_008799.jpg,0
ppeneg_sh17_009001.jpg,0
ppeneg_sh17_004477.jpg,0
ppeneg_sh17_007718.jpg,0
ppeneg_sh17_005778.jpg,0
ppeneg_sh17_007593.jpg,0
ppeneg_sh17_007148.jpg,0
ppeneg_sh17_007654.jpg,0
ppeneg_sh17_008387.jpg,0
ppeneg_sh17_009295.jpg,0
ppeneg_sh17_009697.jpg,0
ppeneg_sh17_006411.jpg,0
ppeneg_sh17_002087.jpg,0
ppeneg_sh17_009709.jpg,0
ppeneg_sh17_003385.jpg,0
ppeneg_sh17_003958.jpg,0
ppeneg_sh17_005339.jpg,0
ppeneg_sh17_002485.jpg,0
ppeneg_sh17_010916.jpg,0
ppeneg_sh17_012811.jpg,0
ppeneg_sh17_009108.jpg,0
ppeneg_sh17_006293.jpg,0
ppeneg_sh17_006284.jpg,0
ppeneg_sh17_000520.jpg,0
ppeneg_sh17_012264.jpg,0
ppeneg_sh17_012558.jpg,0
ppeneg_sh17_013023.jpg,0
ppeneg_sh17_009811.jpg,0
ppeneg_sh17_003044.jpg,0
ppeneg_sh17_006189.jpg,0
ppeneg_sh17_006704.jpg,0
ppeneg_sh17_009491.jpg,0
ppeneg_sh17_001381.jpg,0
ppeneg_sh17_006042.jpg,0
ppeneg_sh17_003443.jpg,0
ppeneg_sh17_007060.jpg,0
ppeneg_sh17_012490.jpg,0
ppeneg_sh17_008405.jpg,0
ppeneg_sh17_012269.jpg,0
ppeneg_sh17_003724.jpg,0
ppeneg_sh17_000662.jpg,0
ppeneg_sh17_001409.jpg,0
ppeneg_sh17_012513.jpg,0
ppeneg_sh17_000399.jpg,0
ppeneg_sh17_003434.jpg,0
ppeneg_sh17_009000.jpg,0
ppeneg_sh17_004628.jpg,0
ppeneg_sh17_010457.jpg,0
ppeneg_sh17_005509.jpg,0
ppeneg_sh17_005920.jpg,0
ppeneg_sh17_003687.jpg,0
ppeneg_sh17_005364.jpg,0
ppeneg_sh17_001485.jpg,0
ppeneg_sh17_000685.jpg,0
ppeneg_sh17_003427.jpg,0
ppeneg_sh17_011330.jpg,0
ppeneg_sh17_013602.jpg,0
ppeneg_sh17_003948.jpg,0
ppeneg_sh17_005252.jpg,0
ppeneg_sh17_005402.jpg,0
ppeneg_sh17_008811.jpg,0
ppeneg_sh17_000273.jpg,0
ppeneg_sh17_011371.jpg,0
ppeneg_sh17_003617.jpg,0
ppeneg_sh17_004465.jpg,0
ppeneg_sh17_000674.jpg,0
ppeneg_sh17_005393.jpg,0
ppeneg_sh17_001586.jpg,0
ppeneg_sh17_000618.jpg,0
ppeneg_sh17_010826.jpg,0
ppeneg_sh17_007541.jpg,0
ppeneg_sh17_005285.jpg,0
ppeneg_sh17_010845.jpg,0
ppeneg_sh17_005163.jpg,0
ppeneg_sh17_011766.jpg,0
ppeneg_sh17_004499.jpg,0
ppeneg_sh17_011117.jpg,0
ppeneg_sh17_013436.jpg,0
ppeneg_sh17_004693.jpg,0
ppeneg_sh17_011133.jpg,0
ppeneg_sh17_011222.jpg,0
ppeneg_sh17_007684.jpg,0
ppeneg_sh17_004524.jpg,0
ppeneg_sh17_011703.jpg,0
ppeneg_sh17_007415.jpg,0
ppeneg_sh17_013341.jpg,0
ppeneg_sh17_002284.jpg,0
ppeneg_sh17_004984.jpg,0
ppeneg_sh17_000089.jpg,0
ppeneg_sh17_011990.jpg,0
ppeneg_sh17_005418.jpg,0
ppeneg_sh17_008472.jpg,0
ppeneg_sh17_004666.jpg,0
ppeneg_sh17_007728.jpg,0
ppeneg_sh17_007223.jpg,0
ppeneg_sh17_011894.jpg,0
ppeneg_sh17_005398.jpg,0
ppeneg_sh17_008695.jpg,0
ppeneg_sh17_009747.jpg,0
ppeneg_sh17_011445.jpg,0
ppeneg_sh17_010159.jpg,0
ppeneg_sh17_005130.jpg,0
ppeneg_sh17_010472.jpg,0
ppeneg_sh17_009856.jpg,0
ppeneg_sh17_008584.jpg,0
ppeneg_sh17_005302.jpg,0
ppeneg_sh17_011919.jpg,0
ppeneg_sh17_008673.jpg,0
ppeneg_sh17_005326.jpg,0
ppeneg_sh17_000766.jpg,0
ppeneg_sh17_008727.jpg,0
ppeneg_sh17_011246.jpg,0
ppeneg_sh17_012900.jpg,0
ppeneg_sh17_011403.jpg,0
ppeneg_sh17_002189.jpg,0
ppeneg_sh17_008891.jpg,0
ppeneg_sh17_002124.jpg,0
ppeneg_sh17_012716.jpg,0
ppeneg_sh17_011447.jpg,0
ppeneg_sh17_003105.jpg,0
ppeneg_sh17_003207.jpg,0
ppeneg_sh17_012855.jpg,0
ppeneg_sh17_011925.jpg,0
ppeneg_sh17_006731.jpg,0
ppeneg_sh17_001137.jpg,0
ppeneg_sh17_008128.jpg,0
ppeneg_sh17_009600.jpg,0
ppeneg_sh17_009148.jpg,0
ppeneg_sh17_012357.jpg,0
ppeneg_sh17_001023.jpg,0
ppeneg_sh17_006676.jpg,0
ppeneg_sh17_010917.jpg,0
ppeneg_sh17_004599.jpg,0
ppeneg_sh17_002913.jpg,0
ppeneg_sh17_008514.jpg,0
ppeneg_sh17_001698.jpg,0
ppeneg_sh17_009548.jpg,0
ppeneg_sh17_011727.jpg,0
ppeneg_sh17_011544.jpg,0
ppeneg_sh17_009975.jpg,0
ppeneg_sh17_007282.jpg,0
ppeneg_sh17_012792.jpg,0
ppeneg_sh17_003830.jpg,0
ppeneg_sh17_012355.jpg,0
ppeneg_sh17_011951.jpg,0
ppeneg_sh17_004514.jpg,0
ppeneg_sh17_008967.jpg,0
ppeneg_sh17_010096.jpg,0
ppeneg_sh17_008244.jpg,0
ppeneg_sh17_002289.jpg,0
ppeneg_sh17_010814.jpg,0
ppeneg_sh17_013059.jpg,0
ppeneg_sh17_004774.jpg,0
ppeneg_sh17_004435.jpg,0
ppeneg_sh17_000490.jpg,0
ppeneg_sh17_006017.jpg,0
ppeneg_sh17_008361.jpg,0
ppeneg_sh17_007042.jpg,0
ppeneg_sh17_001786.jpg,0
ppeneg_sh17_007364.jpg,0
ppeneg_sh17_005170.jpg,0
ppeneg_sh17_003934.jpg,0
ppeneg_sh17_010196.jpg,0
ppeneg_sh17_010383.jpg,0
ppeneg_sh17_001290.jpg,0
ppeneg_sh17_005831.jpg,0
ppeneg_sh17_006035.jpg,0
ppeneg_sh17_003219.jpg,0
ppeneg_sh17_003355.jpg,0
ppeneg_sh17_000610.jpg,0
ppeneg_sh17_000438.jpg,0
ppeneg_sh17_002866.jpg,0
ppeneg_sh17_012067.jpg,0
ppeneg_sh17_007595.jpg,0
ppeneg_sh17_010892.jpg,0
ppeneg_sh17_002044.jpg,0
ppeneg_sh17_012080.jpg,0
ppeneg_sh17_008985.jpg,0
ppeneg_sh17_005380.jpg,0
ppeneg_sh17_003635.jpg,0
ppeneg_sh17_003030.jpg,0
ppeneg_sh17_010751.jpg,0
ppeneg_sh17_004924.jpg,0
ppeneg_sh17_011274.jpg,0
ppeneg_sh17_005350.jpg,0
ppeneg_sh17_000668.jpg,0
ppeneg_sh17_006832.jpg,0
ppeneg_sh17_000530.jpg,0
ppeneg_sh17_000878.jpg,0
ppeneg_sh17_005658.jpg,0
ppeneg_sh17_005669.jpg,0
ppeneg_sh17_012601.jpg,0
ppeneg_sh17_008001.jpg,0
ppeneg_sh17_002451.jpg,0
ppeneg_sh17_009329.jpg,0
ppeneg_sh17_002843.jpg,0
ppeneg_sh17_002155.jpg,0
ppeneg_sh17_002156.jpg,0
ppeneg_sh17_008180.jpg,0
ppeneg_sh17_012694.jpg,0
ppeneg_sh17_009999.jpg,0
ppeneg_sh17_002592.jpg,0
ppeneg_sh17_001261.jpg,0
ppeneg_sh17_006160.jpg,0
ppeneg_sh17_006885.jpg,0
ppeneg_sh17_012033.jpg,0
ppeneg_sh17_004323.jpg,0
ppeneg_sh17_007752.jpg,0
ppeneg_sh17_009039.jpg,0
ppeneg_sh17_012927.jpg,0
ppeneg_sh17_003092.jpg,0
ppeneg_sh17_010462.jpg,0
ppeneg_sh17_007692.jpg,0
ppeneg_sh17_011212.jpg,0
ppeneg_sh17_011735.jpg,0
ppeneg_sh17_001044.jpg,0
ppeneg_sh17_004822.jpg,0
ppeneg_sh17_010215.jpg,0
ppeneg_sh17_005390.jpg,0
ppeneg_sh17_004271.jpg,0
ppeneg_sh17_005928.jpg,0
ppeneg_sh17_008205.jpg,0
ppeneg_sh17_001776.jpg,0
ppeneg_sh17_005486.jpg,0
ppeneg_sh17_003349.jpg,0
ppeneg_sh17_007161.jpg,0
ppeneg_sh17_008064.jpg,0
ppeneg_sh17_007653.jpg,0
ppeneg_sh17_003850.jpg,0
ppeneg_sh17_003867.jpg,0
ppeneg_sh17_001823.jpg,0
ppeneg_sh17_001653.jpg,0
ppeneg_sh17_004493.jpg,0
ppeneg_sh17_001784.jpg,0
ppeneg_sh17_007815.jpg,0
ppeneg_sh17_013768.jpg,0
ppeneg_sh17_011305.jpg,0
ppeneg_sh17_007788.jpg,0
ppeneg_sh17_003552.jpg,0
ppeneg_sh17_009639.jpg,0
ppeneg_sh17_010094.jpg,0
ppeneg_sh17_000476.jpg,0
ppeneg_sh17_003431.jpg,0
ppeneg_sh17_007766.jpg,0
ppeneg_sh17_002527.jpg,0
ppeneg_sh17_007991.jpg,0
ppeneg_sh17_007280.jpg,0
ppeneg_sh17_001685.jpg,0
ppeneg_sh17_004931.jpg,0
ppeneg_sh17_012889.jpg,0
ppeneg_sh17_000408.jpg,0
ppeneg_sh17_006630.jpg,0
ppeneg_sh17_012647.jpg,0
ppeneg_sh17_007385.jpg,0
ppeneg_sh17_003417.jpg,0
ppeneg_sh17_013370.jpg,0
ppeneg_sh17_006831.jpg,0
ppeneg_sh17_010552.jpg,0
ppeneg_sh17_005888.jpg,0
ppeneg_sh17_003504.jpg,0
ppeneg_sh17_012047.jpg,0
ppeneg_sh17_005232.jpg,0
ppeneg_sh17_010507.jpg,0
ppeneg_sh17_011655.jpg,0
ppeneg_sh17_000911.jpg,0
ppeneg_sh17_002042.jpg,0
ppeneg_sh17_008289.jpg,0
ppeneg_sh17_008895.jpg,0
ppeneg_sh17_001015.jpg,0
ppeneg_sh17_004498.jpg,0
ppeneg_sh17_010497.jpg,0
ppeneg_sh17_008034.jpg,0
ppeneg_sh17_012670.jpg,0
ppeneg_sh17_002497.jpg,0
ppeneg_sh17_003725.jpg,0
ppeneg_sh17_003125.jpg,0
ppeneg_sh17_012958.jpg,0
ppeneg_sh17_010249.jpg,0
ppeneg_sh17_005870.jpg,0
ppeneg_sh17_010271.jpg,0
ppeneg_sh17_011858.jpg,0
ppeneg_sh17_000535.jpg,0
ppeneg_sh17_011584.jpg,0
ppeneg_sh17_001920.jpg,0
ppeneg_sh17_008119.jpg,0
ppeneg_sh17_009448.jpg,0
ppeneg_sh17_008328.jpg,0
ppeneg_sh17_001373.jpg,0
ppeneg_sh17_008771.jpg,0
ppeneg_sh17_012372.jpg,0
ppeneg_sh17_013667.jpg,0
ppeneg_sh17_010702.jpg,0
ppeneg_sh17_003516.jpg,0
ppeneg_sh17_011640.jpg,0
ppeneg_sh17_013383.jpg,0
ppeneg_sh17_007140.jpg,0
ppeneg_sh17_008737.jpg,0
ppeneg_sh17_010895.jpg,0
ppeneg_sh17_013623.jpg,0
ppeneg_sh17_007680.jpg,0
ppeneg_sh17_012139.jpg,0
ppeneg_sh17_000039.jpg,0
ppeneg_sh17_006745.jpg,0
ppeneg_sh17_004329.jpg,0
ppeneg_sh17_003856.jpg,0
ppeneg_sh17_007317.jpg,0
ppeneg_sh17_011593.jpg,0
ppeneg_sh17_010514.jpg,0
ppeneg_sh17_012331.jpg,0
ppeneg_sh17_001629.jpg,0
ppeneg_sh17_009080.jpg,0
ppeneg_sh17_000941.jpg,0
ppeneg_sh17_010368.jpg,0
ppeneg_sh17_001155.jpg,0
ppeneg_sh17_007831.jpg,0
ppeneg_sh17_005555.jpg,0
ppeneg_sh17_004523.jpg,0
ppeneg_sh17_002090.jpg,0
ppeneg_sh17_009606.jpg,0
ppeneg_sh17_007457.jpg,0
ppeneg_sh17_004124.jpg,0
ppeneg_sh17_013063.jpg,0
ppeneg_sh17_000510.jpg,0
ppeneg_sh17_011776.jpg,0
ppeneg_sh17_010477.jpg,0
ppeneg_sh17_003902.jpg,0
ppeneg_sh17_010714.jpg,0
ppeneg_sh17_007644.jpg,0
ppeneg_sh17_007966.jpg,0
ppeneg_sh17_002773.jpg,0
ppeneg_sh17_011769.jpg,0
ppeneg_sh17_004783.jpg,0
ppeneg_sh17_011890.jpg,0
ppeneg_sh17_013546.jpg,0
ppeneg_sh17_002214.jpg,0
ppeneg_sh17_007551.jpg,0
ppeneg_sh17_012356.jpg,0
ppeneg_sh17_002131.jpg,0
ppeneg_sh17_001472.jpg,0
ppeneg_sh17_011280.jpg,0
ppeneg_sh17_010740.jpg,0
ppeneg_sh17_001100.jpg,0
ppeneg_sh17_000744.jpg,0
ppeneg_sh17_003709.jpg,0
ppeneg_sh17_003977.jpg,0
ppeneg_sh17_010646.jpg,0
ppeneg_sh17_002928.jpg,0
ppeneg_sh17_002644.jpg,0
ppeneg_sh17_011717.jpg,0
ppeneg_sh17_007171.jpg,0
ppeneg_sh17_010722.jpg,0
ppeneg_sh17_012392.jpg,0
ppeneg_sh17_007454.jpg,0
ppeneg_sh17_007585.jpg,0
ppeneg_sh17_004792.jpg,0
ppeneg_sh17_002594.jpg,0
ppeneg_sh17_005257.jpg,0
ppeneg_sh17_008404.jpg,0
ppeneg_sh17_001535.jpg,0
ppeneg_sh17_012253.jpg,0
ppeneg_sh17_011816.jpg,0
ppeneg_sh17_003942.jpg,0
ppeneg_sh17_000279.jpg,0
ppeneg_sh17_005593.jpg,0
ppeneg_sh17_012170.jpg,0
ppeneg_sh17_011595.jpg,0
ppeneg_sh17_010804.jpg,0
ppeneg_sh17_008899.jpg,0
ppeneg_sh17_006793.jpg,0
ppeneg_sh17_005988.jpg,0
ppeneg_sh17_000447.jpg,0
ppeneg_sh17_003813.jpg,0
ppeneg_sh17_001477.jpg,0
ppeneg_sh17_007126.jpg,0
ppeneg_sh17_002270.jpg,0
ppeneg_sh17_006453.jpg,0
ppeneg_sh17_011075.jpg,0
ppeneg_sh17_002580.jpg,0
ppeneg_sh17_000673.jpg,0
ppeneg_sh17_010236.jpg,0
ppeneg_sh17_007241.jpg,0
ppeneg_sh17_008698.jpg,0
ppeneg_sh17_000372.jpg,0
ppeneg_sh17_010984.jpg,0
ppeneg_sh17_005819.jpg,0
ppeneg_sh17_013095.jpg,0
ppeneg_sh17_007769.jpg,0
ppeneg_sh17_005213.jpg,0
ppeneg_sh17_001392.jpg,0
ppeneg_sh17_011202.jpg,0
ppeneg_sh17_003215.jpg,0
ppeneg_sh17_010395.jpg,0
ppeneg_sh17_002387.jpg,0
ppeneg_sh17_001418.jpg,0
ppeneg_sh17_010604.jpg,0
ppeneg_sh17_005677.jpg,0
ppeneg_sh17_003678.jpg,0
ppeneg_sh17_008896.jpg,0
ppeneg_sh17_000214.jpg,0
ppeneg_sh17_000300.jpg,0
ppeneg_sh17_002028.jpg,0
ppeneg_sh17_007368.jpg,0
ppeneg_sh17_006528.jpg,0
ppeneg_sh17_010838.jpg,0
ppeneg_sh17_000819.jpg,0
ppeneg_sh17_010099.jpg,0
ppeneg_sh17_000829.jpg,0
ppeneg_sh17_005540.jpg,0
ppeneg_sh17_000118.jpg,0
ppeneg_sh17_003018.jpg,0
ppeneg_sh17_000506.jpg,0
ppeneg_sh17_002361.jpg,0
ppeneg_sh17_008855.jpg,0
ppeneg_sh17_009012.jpg,0
ppeneg_sh17_005225.jpg,0
ppeneg_sh17_009132.jpg,0
ppeneg_sh17_012583.jpg,0
ppeneg_sh17_010433.jpg,0
ppeneg_sh17_012974.jpg,0
ppeneg_sh17_013357.jpg,0
ppeneg_sh17_002337.jpg,0
ppeneg_sh17_010857.jpg,0
ppeneg_sh17_003638.jpg,0
ppeneg_sh17_009398.jpg,0
ppeneg_sh17_005033.jpg,0
ppeneg_sh17_010468.jpg,0
ppeneg_sh17_000934.jpg,0
ppeneg_sh17_012695.jpg,0
ppeneg_sh17_010311.jpg,0
ppeneg_sh17_010638.jpg,0
ppeneg_sh17_005614.jpg,0
ppeneg_sh17_003851.jpg,0
ppeneg_sh17_007830.jpg,0
ppeneg_sh17_000537.jpg,0
ppeneg_sh17_001560.jpg,0
ppeneg_sh17_001561.jpg,0
ppeneg_sh17_007233.jpg,0
ppeneg_sh17_001116.jpg,0
ppeneg_sh17_012943.jpg,0
ppeneg_sh17_001844.jpg,0
ppeneg_sh17_011217.jpg,0
ppeneg_sh17_006797.jpg,0
ppeneg_sh17_011021.jpg,0
ppeneg_sh17_001072.jpg,0
ppeneg_sh17_004200.jpg,0
ppeneg_sh17_004136.jpg,0
ppeneg_sh17_006153.jpg,0
ppeneg_sh17_008952.jpg,0
ppeneg_sh17_005099.jpg,0
ppeneg_sh17_003877.jpg,0
ppeneg_sh17_012683.jpg,0
ppeneg_sh17_012390.jpg,0
ppeneg_sh17_006072.jpg,0
ppeneg_sh17_001447.jpg,0
ppeneg_sh17_002691.jpg,0
ppeneg_sh17_004550.jpg,0
ppeneg_sh17_004888.jpg,0
ppeneg_sh17_010443.jpg,0
ppeneg_sh17_007935.jpg,0
ppeneg_sh17_006369.jpg,0
ppeneg_sh17_012108.jpg,0
ppeneg_sh17_001400.jpg,0
ppeneg_sh17_012951.jpg,0
ppeneg_sh17_003571.jpg,0
ppeneg_sh17_009831.jpg,0
ppeneg_sh17_000304.jpg,0
ppeneg_sh17_002563.jpg,0
ppeneg_sh17_006702.jpg,0
ppeneg_sh17_003025.jpg,0
ppeneg_sh17_013368.jpg,0
ppeneg_sh17_011304.jpg,0
ppeneg_sh17_007261.jpg,0
ppeneg_sh17_012823.jpg,0
ppeneg_sh17_003333.jpg,0
ppeneg_sh17_007584.jpg,0
ppeneg_sh17_006182.jpg,0
ppeneg_sh17_009550.jpg,0
ppeneg_sh17_005536.jpg,0
ppeneg_sh17_008640.jpg,0
ppeneg_sh17_001017.jpg,0
ppeneg_sh17_007164.jpg,0
ppeneg_sh17_013615.jpg,0
ppeneg_sh17_012605.jpg,0
ppeneg_sh17_012738.jpg,0
ppeneg_sh17_011123.jpg,0
ppeneg_sh17_009707.jpg,0
ppeneg_sh17_007592.jpg,0
ppeneg_sh17_012350.jpg,0
ppeneg_sh17_003996.jpg,0
ppeneg_sh17_012098.jpg,0
ppeneg_sh17_012217.jpg,0
ppeneg_sh17_000731.jpg,0
ppeneg_sh17_002751.jpg,0
ppeneg_sh17_010946.jpg,0
ppeneg_sh17_003354.jpg,0
ppeneg_sh17_003010.jpg,0
ppeneg_sh17_005177.jpg,0
ppeneg_sh17_002576.jpg,0
ppeneg_sh17_007445.jpg,0
ppeneg_sh17_008351.jpg,0
ppeneg_sh17_013336.jpg,0
ppeneg_sh17_008980.jpg,0
ppeneg_sh17_004244.jpg,0
ppeneg_sh17_007160.jpg,0
ppeneg_sh17_004869.jpg,0
ppeneg_sh17_012429.jpg,0
ppeneg_sh17_011693.jpg,0
ppeneg_sh17_013017.jpg,0
ppeneg_sh17_006264.jpg,0
ppeneg_sh17_012868.jpg,0
ppeneg_sh17_002310.jpg,0
ppeneg_sh17_012977.jpg,0
ppeneg_sh17_009319.jpg,0
ppeneg_sh17_009237.jpg,0
ppeneg_sh17_008804.jpg,0
ppeneg_sh17_013133.jpg,0
ppeneg_sh17_006488.jpg,0
ppeneg_sh17_005754.jpg,0
ppeneg_sh17_001098.jpg,0
ppeneg_sh17_002637.jpg,0
ppeneg_sh17_003439.jpg,0
ppeneg_sh17_003594.jpg,0
ppeneg_sh17_002505.jpg,0
ppeneg_sh17_000168.jpg,0
ppeneg_sh17_006862.jpg,0
ppeneg_sh17_004702.jpg,0
ppeneg_sh17_006820.jpg,0
ppeneg_sh17_004769.jpg,0
ppeneg_sh17_006347.jpg,0
ppeneg_sh17_000281.jpg,0
ppeneg_sh17_011573.jpg,0
ppeneg_sh17_011647.jpg,0
ppeneg_sh17_001071.jpg,0
ppeneg_sh17_009889.jpg,0
ppeneg_sh17_001247.jpg,0
ppeneg_sh17_008635.jpg,0
ppeneg_sh17_013226.jpg,0
ppeneg_sh17_008583.jpg,0
ppeneg_sh17_009085.jpg,0
ppeneg_sh17_004158.jpg,0
ppeneg_sh17_010347.jpg,0
ppeneg_sh17_003606.jpg,0
ppeneg_sh17_008768.jpg,0
ppeneg_sh17_000305.jpg,0
ppeneg_sh17_002490.jpg,0
ppeneg_sh17_013296.jpg,0
ppeneg_sh17_009833.jpg,0
ppeneg_sh17_004072.jpg,0
ppeneg_sh17_008672.jpg,0
ppeneg_sh17_008905.jpg,0
ppeneg_sh17_011930.jpg,0
ppeneg_sh17_007945.jpg,0
ppeneg_sh17_009468.jpg,0
ppeneg_sh17_010695.jpg,0
ppeneg_sh17_002199.jpg,0
ppeneg_sh17_003452.jpg,0
ppeneg_sh17_009765.jpg,0
ppeneg_sh17_006896.jpg,0
ppeneg_sh17_008516.jpg,0
ppeneg_sh17_002164.jpg,0
ppeneg_sh17_004645.jpg,0
ppeneg_sh17_001357.jpg,0
ppeneg_sh17_009169.jpg,0
ppeneg_sh17_009387.jpg,0
ppeneg_sh17_003294.jpg,0
ppeneg_sh17_000094.jpg,0
ppeneg_sh17_012364.jpg,0
ppeneg_sh17_005110.jpg,0
ppeneg_sh17_011528.jpg,0
ppeneg_sh17_009528.jpg,0
ppeneg_sh17_004608.jpg,0
ppeneg_sh17_000707.jpg,0
ppeneg_sh17_011918.jpg,0
ppeneg_sh17_008995.jpg,0
ppeneg_sh17_011024.jpg,0
ppeneg_sh17_009997.jpg,0
ppeneg_sh17_008032.jpg,0
ppeneg_sh17_001571.jpg,0
ppeneg_sh17_007104.jpg,0
ppeneg_sh17_009871.jpg,0
ppeneg_sh17_008505.jpg,0
ppeneg_sh17_005026.jpg,0
ppeneg_sh17_013549.jpg,0
ppeneg_sh17_007918.jpg,0
ppeneg_sh17_011995.jpg,0
ppeneg_sh17_011838.jpg,0
ppeneg_sh17_007027.jpg,0
ppeneg_sh17_011236.jpg,0
ppeneg_sh17_010880.jpg,0
ppeneg_sh17_011261.jpg,0
ppeneg_sh17_006103.jpg,0
ppeneg_sh17_002502.jpg,0
ppeneg_sh17_003841.jpg,0
ppeneg_sh17_013167.jpg,0
ppeneg_sh17_009179.jpg,0
ppeneg_sh17_006395.jpg,0
ppeneg_sh17_004584.jpg,0
ppeneg_sh17_000161.jpg,0
ppeneg_sh17_006310.jpg,0
ppeneg_sh17_003034.jpg,0
ppeneg_sh17_000810.jpg,0
ppeneg_sh17_000792.jpg,0
ppeneg_sh17_006878.jpg,0
ppeneg_sh17_008560.jpg,0
ppeneg_sh17_002812.jpg,0
ppeneg_sh17_011892.jpg,0
ppeneg_sh17_009893.jpg,0
ppeneg_sh17_006020.jpg,0
ppeneg_sh17_005449.jpg,0
ppeneg_sh17_001943.jpg,0
ppeneg_sh17_010738.jpg,0
ppeneg_sh17_010689.jpg,0
ppeneg_sh17_002723.jpg,0
ppeneg_sh17_012822.jpg,0
ppeneg_sh17_003371.jpg,0
ppeneg_sh17_010076.jpg,0
ppeneg_sh17_010623.jpg,0
ppeneg_sh17_002585.jpg,0
ppeneg_sh17_013518.jpg,0
ppeneg_sh17_011622.jpg,0
ppeneg_sh17_006825.jpg,0
ppeneg_sh17_000500.jpg,0
ppeneg_sh17_005629.jpg,0
ppeneg_sh17_011740.jpg,0
ppeneg_sh17_003833.jpg,0
ppeneg_sh17_013453.jpg,0
ppeneg_sh17_007435.jpg,0
ppeneg_sh17_009676.jpg,0
ppeneg_sh17_001609.jpg,0
ppeneg_sh17_006875.jpg,0
ppeneg_sh17_008856.jpg,0
ppeneg_sh17_006223.jpg,0
ppeneg_sh17_012450.jpg,0
ppeneg_sh17_008296.jpg,0
ppeneg_sh17_008562.jpg,0
ppeneg_sh17_012948.jpg,0
ppeneg_sh17_011832.jpg,0
ppeneg_sh17_005525.jpg,0
ppeneg_sh17_003182.jpg,0
ppeneg_sh17_007514.jpg,0
ppeneg_sh17_012239.jpg,0
ppeneg_sh17_013049.jpg,0
ppeneg_sh17_010083.jpg,0
ppeneg_sh17_003009.jpg,0
ppeneg_sh17_004986.jpg,0
ppeneg_sh17_008863.jpg,0
ppeneg_sh17_004105.jpg,0
ppeneg_sh17_002101.jpg,0
ppeneg_sh17_004940.jpg,0
ppeneg_sh17_000363.jpg,0
ppeneg_sh17_003518.jpg,0
ppeneg_sh17_001599.jpg,0
ppeneg_sh17_000018.jpg,0
ppeneg_sh17_011669.jpg,0
ppeneg_sh17_011474.jpg,0
ppeneg_sh17_002345.jpg,0
ppeneg_sh17_000232.jpg,0
ppeneg_sh17_002521.jpg,0
ppeneg_sh17_005334.jpg,0
ppeneg_sh17_010154.jpg,0
ppeneg_sh17_006839.jpg,0
ppeneg_sh17_011360.jpg,0
ppeneg_sh17_004143.jpg,0
ppeneg_sh17_013320.jpg,0
ppeneg_sh17_004130.jpg,0
ppeneg_sh17_005715.jpg,0
ppeneg_sh17_003691.jpg,0
ppeneg_sh17_012904.jpg,0
ppeneg_sh17_005423.jpg,0
ppeneg_sh17_011034.jpg,0
ppeneg_sh17_001993.jpg,0
ppeneg_sh17_000651.jpg,0
ppeneg_sh17_009061.jpg,0
ppeneg_sh17_001807.jpg,0
ppeneg_sh17_013629.jpg,0
ppeneg_sh17_009496.jpg,0
ppeneg_sh17_011818.jpg,0
ppeneg_sh17_011650.jpg,0
ppeneg_sh17_011662.jpg,0
ppeneg_sh17_010314.jpg,0
ppeneg_sh17_007410.jpg,0
ppeneg_sh17_005564.jpg,0
ppeneg_sh17_005998.jpg,0
ppeneg_sh17_001763.jpg,0
ppeneg_sh17_006845.jpg,0
ppeneg_sh17_008719.jpg,0
ppeneg_sh17_003184.jpg,0
ppeneg_sh17_005266.jpg,0
ppeneg_sh17_010956.jpg,0
ppeneg_sh17_001375.jpg,0
ppeneg_sh17_012663.jpg,0
ppeneg_sh17_004293.jpg,0
ppeneg_sh17_000058.jpg,0
ppeneg_sh17_012846.jpg,0
ppeneg_sh17_002393.jpg,0
ppeneg_sh17_010718.jpg,0
ppeneg_sh17_012882.jpg,0
ppeneg_sh17_011374.jpg,0
ppeneg_sh17_007239.jpg,0
ppeneg_sh17_006675.jpg,0
ppeneg_sh17_012455.jpg,0
ppeneg_sh17_013345.jpg,0
ppeneg_sh17_007035.jpg,0
ppeneg_sh17_004344.jpg,0
ppeneg_sh17_001746.jpg,0
ppeneg_sh17_005646.jpg,0
ppeneg_sh17_003047.jpg,0
ppeneg_sh17_002839.jpg,0
ppeneg_sh17_007287.jpg,0
ppeneg_sh17_000667.jpg,0
ppeneg_sh17_003037.jpg,0
ppeneg_sh17_008174.jpg,0
ppeneg_sh17_008997.jpg,0
ppeneg_sh17_005218.jpg,0
ppeneg_sh17_005195.jpg,0
ppeneg_sh17_005235.jpg,0
ppeneg_sh17_002299.jpg,0
ppeneg_sh17_004415.jpg,0
ppeneg_sh17_010418.jpg,0
ppeneg_sh17_011152.jpg,0
ppeneg_sh17_008909.jpg,0
ppeneg_sh17_006763.jpg,0
ppeneg_sh17_013380.jpg,0
ppeneg_sh17_007332.jpg,0
ppeneg_sh17_004363.jpg,0
ppeneg_sh17_011708.jpg,0
ppeneg_sh17_006994.jpg,0
ppeneg_sh17_013192.jpg,0
ppeneg_sh17_004048.jpg,0
ppeneg_sh17_000402.jpg,0
ppeneg_sh17_006746.jpg,0
ppeneg_sh17_013555.jpg,0
ppeneg_sh17_006420.jpg,0
ppeneg_sh17_004472.jpg,0
ppeneg_sh17_010360.jpg,0
ppeneg_sh17_007230.jpg,0
ppeneg_sh17_001192.jpg,0
ppeneg_sh17_009501.jpg,0
ppeneg_sh17_013416.jpg,0
ppeneg_sh17_010039.jpg,0
ppeneg_sh17_013479.jpg,0
ppeneg_sh17_002566.jpg,0
ppeneg_sh17_006776.jpg,0
ppeneg_sh17_008525.jpg,0
ppeneg_sh17_009584.jpg,0
ppeneg_sh17_012719.jpg,0
ppeneg_sh17_008830.jpg,0
ppeneg_sh17_009397.jpg,0
ppeneg_sh17_007334.jpg,0
ppeneg_sh17_007326.jpg,0
ppeneg_sh17_008581.jpg,0
ppeneg_sh17_013450.jpg,0
ppeneg_sh17_005820.jpg,0
ppeneg_sh17_007669.jpg,0
ppeneg_sh17_005458.jpg,0
ppeneg_sh17_001127.jpg,0
ppeneg_sh17_007634.jpg,0
ppeneg_sh17_010506.jpg,0
ppeneg_sh17_012905.jpg,0
ppeneg_sh17_007533.jpg,0
ppeneg_sh17_010147.jpg,0
ppeneg_sh17_010327.jpg,0
ppeneg_sh17_009463.jpg,0
ppeneg_sh17_002739.jpg,0
ppeneg_sh17_008147.jpg,0
ppeneg_sh17_012009.jpg,0
ppeneg_sh17_001443.jpg,0
ppeneg_sh17_008805.jpg,0
ppeneg_sh17_007879.jpg,0
ppeneg_sh17_001622.jpg,0
ppeneg_sh17_000436.jpg,0
ppeneg_sh17_008276.jpg,0
ppeneg_sh17_006868.jpg,0
ppeneg_sh17_011082.jpg,0
ppeneg_sh17_001900.jpg,0
ppeneg_sh17_001712.jpg,0
ppeneg_sh17_010392.jpg,0
ppeneg_sh17_008843.jpg,0
ppeneg_sh17_007281.jpg,0
ppeneg_sh17_009806.jpg,0
ppeneg_sh17_008161.jpg,0
ppeneg_sh17_001706.jpg,0
ppeneg_sh17_001710.jpg,0
ppeneg_sh17_010812.jpg,0
ppeneg_sh17_010057.jpg,0
ppeneg_sh17_002999.jpg,0
ppeneg_sh17_011678.jpg,0
ppeneg_sh17_008191.jpg,0
ppeneg_sh17_002508.jpg,0
ppeneg_sh17_007633.jpg,0
ppeneg_sh17_004168.jpg,0
ppeneg_sh17_001888.jpg,0
ppeneg_sh17_013753.jpg,0
ppeneg_sh17_012650.jpg,0
ppeneg_sh17_012037.jpg,0
ppeneg_sh17_002122.jpg,0
ppeneg_sh17_002303.jpg,0
ppeneg_sh17_006256.jpg,0
ppeneg_sh17_010333.jpg,0
ppeneg_sh17_010124.jpg,0
ppeneg_sh17_003137.jpg,0
ppeneg_sh17_009920.jpg,0
ppeneg_sh17_002689.jpg,0
ppeneg_sh17_008005.jpg,0
ppeneg_sh17_010706.jpg,0
ppeneg_sh17_006336.jpg,0
ppeneg_sh17_011784.jpg,0
ppeneg_sh17_003790.jpg,0
ppeneg_sh17_003351.jpg,0
ppeneg_sh17_002421.jpg,0
ppeneg_sh17_002483.jpg,0
ppeneg_sh17_000943.jpg,0
ppeneg_sh17_007030.jpg,0
ppeneg_sh17_000790.jpg,0
ppeneg_sh17_006248.jpg,0
ppeneg_sh17_009378.jpg,0
ppeneg_sh17_012366.jpg,0
ppeneg_sh17_006706.jpg,0
ppeneg_sh17_011205.jpg,0
ppeneg_sh17_002102.jpg,0
ppeneg_sh17_001482.jpg,0
ppeneg_sh17_010511.jpg,0
ppeneg_sh17_001883.jpg,0
ppeneg_sh17_009059.jpg,0
ppeneg_sh17_002639.jpg,0
ppeneg_sh17_011057.jpg,0
ppeneg_sh17_002206.jpg,0
ppeneg_sh17_009493.jpg,0
ppeneg_sh17_009372.jpg,0
ppeneg_sh17_009461.jpg,0
ppeneg_sh17_006388.jpg,0
ppeneg_sh17_001122.jpg,0
ppeneg_sh17_002710.jpg,0
ppeneg_sh17_010964.jpg,0
ppeneg_sh17_008571.jpg,0
ppeneg_sh17_010294.jpg,0
ppeneg_sh17_013277.jpg,0
ppeneg_sh17_009961.jpg,0
ppeneg_sh17_012286.jpg,0
ppeneg_sh17_004283.jpg,0
ppeneg_sh17_003370.jpg,0
ppeneg_sh17_001772.jpg,0
ppeneg_sh17_003819.jpg,0
ppeneg_sh17_006217.jpg,0
ppeneg_sh17_001519.jpg,0
ppeneg_sh17_005843.jpg,0
ppeneg_sh17_008179.jpg,0
ppeneg_sh17_003901.jpg,0
ppeneg_sh17_001404.jpg,0
ppeneg_sh17_005924.jpg,0
ppeneg_sh17_010240.jpg,0
ppeneg_sh17_011646.jpg,0
ppeneg_sh17_004555.jpg,0
ppeneg_sh17_005891.jpg,0
ppeneg_sh17_000653.jpg,0
ppeneg_sh17_001683.jpg,0
ppeneg_sh17_003100.jpg,0
ppeneg_sh17_007826.jpg,0
ppeneg_sh17_012899.jpg,0
ppeneg_sh17_013638.jpg,0
ppeneg_sh17_009135.jpg,0
ppeneg_sh17_004929.jpg,0
ppeneg_sh17_002496.jpg,0
ppeneg_sh17_001258.jpg,0
ppeneg_sh17_003817.jpg,0
ppeneg_sh17_010484.jpg,0
ppeneg_sh17_003471.jpg,0
ppeneg_sh17_003776.jpg,0
ppeneg_sh17_004484.jpg,0
ppeneg_sh17_006536.jpg,0
ppeneg_sh17_002390.jpg,0
ppeneg_sh17_002774.jpg,0
ppeneg_sh17_011698.jpg,0
ppeneg_sh17_007711.jpg,0
ppeneg_sh17_009621.jpg,0
ppeneg_sh17_000061.jpg,0
ppeneg_sh17_012824.jpg,0
ppeneg_sh17_013280.jpg,0
ppeneg_sh17_000567.jpg,0
ppeneg_sh17_012231.jpg,0
ppeneg_sh17_007482.jpg,0
ppeneg_sh17_006052.jpg,0
ppeneg_sh17_008188.jpg,0
ppeneg_sh17_013536.jpg,0
ppeneg_sh17_011585.jpg,0
ppeneg_sh17_007489.jpg,0
ppeneg_sh17_006278.jpg,0
ppeneg_sh17_005559.jpg,0
ppeneg_sh17_002946.jpg,0
ppeneg_sh17_004521.jpg,0
ppeneg_sh17_003639.jpg,0
ppeneg_sh17_012637.jpg,0
ppeneg_sh17_003640.jpg,0
ppeneg_sh17_001203.jpg,0
ppeneg_sh17_005526.jpg,0
ppeneg_sh17_003173.jpg,0
ppeneg_sh17_009110.jpg,0
ppeneg_sh17_008481.jpg,0
ppeneg_sh17_000578.jpg,0
ppeneg_sh17_005705.jpg,0
ppeneg_sh17_009065.jpg,0
ppeneg_sh17_008026.jpg,0
ppeneg_sh17_013310.jpg,0
ppeneg_sh17_007025.jpg,0
ppeneg_sh17_004995.jpg,0
ppeneg_sh17_009944.jpg,0
ppeneg_sh17_006024.jpg,0
ppeneg_sh17_002742.jpg,0
ppeneg_sh17_001849.jpg,0
ppeneg_sh17_000827.jpg,0
ppeneg_sh17_010202.jpg,0
ppeneg_sh17_004761.jpg,0
ppeneg_sh17_005980.jpg,0
ppeneg_sh17_004162.jpg,0
ppeneg_sh17_013102.jpg,0
ppeneg_sh17_000349.jpg,0
ppeneg_sh17_000926.jpg,0
ppeneg_sh17_001385.jpg,0
ppeneg_sh17_004753.jpg,0
ppeneg_sh17_012076.jpg,0
ppeneg_sh17_001884.jpg,0
ppeneg_sh17_013434.jpg,0
ppeneg_sh17_007591.jpg,0
ppeneg_sh17_001386.jpg,0
ppeneg_sh17_009488.jpg,0
ppeneg_sh17_011125.jpg,0
ppeneg_sh17_011194.jpg,0
ppeneg_sh17_013770.jpg,0
ppeneg_sh17_012969.jpg,0
ppeneg_sh17_010229.jpg,0
ppeneg_sh17_004731.jpg,0
ppeneg_sh17_006734.jpg,0
ppeneg_sh17_013600.jpg,0
ppeneg_sh17_003490.jpg,0
ppeneg_sh17_010893.jpg,0
ppeneg_sh17_006903.jpg,0
ppeneg_sh17_008299.jpg,0
ppeneg_sh17_005510.jpg,0
ppeneg_sh17_003692.jpg,0
ppeneg_sh17_005065.jpg,0
ppeneg_sh17_012319.jpg,0
ppeneg_sh17_007758.jpg,0
ppeneg_sh17_010250.jpg,0
ppeneg_sh17_013435.jpg,0
ppeneg_sh17_013643.jpg,0
ppeneg_sh17_004247.jpg,0
ppeneg_sh17_005186.jpg,0
ppeneg_sh17_000451.jpg,0
ppeneg_sh17_009090.jpg,0
ppeneg_sh17_005841.jpg,0
ppeneg_sh17_001403.jpg,0
ppeneg_sh17_000260.jpg,0
ppeneg_sh17_013125.jpg,0
ppeneg_sh17_012460.jpg,0
ppeneg_sh17_010166.jpg,0
ppeneg_sh17_002368.jpg,0
ppeneg_sh17_010708.jpg,0
ppeneg_sh17_013082.jpg,0
ppeneg_sh17_009581.jpg,0
ppeneg_sh17_004306.jpg,0
ppeneg_sh17_011888.jpg,0
ppeneg_sh17_010454.jpg,0
ppeneg_sh17_008348.jpg,0
ppeneg_sh17_003909.jpg,0
ppeneg_sh17_000167.jpg,0
ppeneg_sh17_002546.jpg,0
ppeneg_sh17_005224.jpg,0
ppeneg_sh17_004782.jpg,0
ppeneg_sh17_002835.jpg,0
ppeneg_sh17_000885.jpg,0
ppeneg_sh17_011861.jpg,0
ppeneg_sh17_006181.jpg,0
ppeneg_sh17_004285.jpg,0
ppeneg_sh17_012066.jpg,0
ppeneg_sh17_003931.jpg,0
ppeneg_sh17_005298.jpg,0
ppeneg_sh17_002016.jpg,0
ppeneg_sh17_009793.jpg,0
ppeneg_sh17_006146.jpg,0
ppeneg_sh17_009225.jpg,0
ppeneg_sh17_009759.jpg,0
ppeneg_sh17_012408.jpg,0
ppeneg_sh17_010888.jpg,0
ppeneg_sh17_007926.jpg,0
ppeneg_sh17_011789.jpg,0
ppeneg_sh17_005853.jpg,0
ppeneg_sh17_000787.jpg,0
ppeneg_sh17_010180.jpg,0
ppeneg_sh17_012365.jpg,0
ppeneg_sh17_006814.jpg,0
ppeneg_sh17_010998.jpg,0
ppeneg_sh17_012266.jpg,0
ppeneg_sh17_011558.jpg,0
ppeneg_sh17_009648.jpg,0
ppeneg_sh17_011714.jpg,0
ppeneg_sh17_006459.jpg,0
ppeneg_sh17_010842.jpg,0
ppeneg_sh17_012817.jpg,0
ppeneg_sh17_000576.jpg,0
ppeneg_sh17_001223.jpg,0
ppeneg_sh17_010531.jpg,0
ppeneg_sh17_013617.jpg,0
ppeneg_sh17_002372.jpg,0
ppeneg_sh17_003579.jpg,0
ppeneg_sh17_007497.jpg,0
ppeneg_sh17_001752.jpg,0
ppeneg_sh17_003507.jpg,0
ppeneg_sh17_013501.jpg,0
ppeneg_sh17_003970.jpg,0
ppeneg_sh17_002867.jpg,0
ppeneg_sh17_003603.jpg,0
ppeneg_sh17_001089.jpg,0
ppeneg_sh17_008939.jpg,0
ppeneg_sh17_004210.jpg,0
ppeneg_sh17_003898.jpg,0
ppeneg_sh17_009469.jpg,0
ppeneg_sh17_011901.jpg,0
ppeneg_sh17_009170.jpg,0
ppeneg_sh17_010890.jpg,0
ppeneg_sh17_011638.jpg,0
ppeneg_sh17_013127.jpg,0
ppeneg_sh17_001007.jpg,0
ppeneg_sh17_001207.jpg,0
ppeneg_sh17_004121.jpg,0
ppeneg_sh17_013672.jpg,0
ppeneg_sh17_006428.jpg,0
ppeneg_sh17_013402.jpg,0
ppeneg_sh17_000841.jpg,0
ppeneg_sh17_002886.jpg,0
ppeneg_sh17_011264.jpg,0
ppeneg_sh17_004736.jpg,0
ppeneg_sh17_013646.jpg,0
ppeneg_sh17_005941.jpg,0
ppeneg_sh17_004684.jpg,0
ppeneg_sh17_005932.jpg,0
ppeneg_sh17_013313.jpg,0
ppeneg_sh17_006200.jpg,0
ppeneg_sh17_009641.jpg,0
ppeneg_sh17_012887.jpg,0
ppeneg_sh17_007524.jpg,0
ppeneg_sh17_005354.jpg,0
ppeneg_sh17_001623.jpg,0
ppeneg_sh17_011114.jpg,0
ppeneg_sh17_005571.jpg,0
ppeneg_sh17_004797.jpg,0
ppeneg_sh17_007313.jpg,0
ppeneg_sh17_003523.jpg,0
ppeneg_sh17_004474.jpg,0
ppeneg_sh17_000691.jpg,0
ppeneg_sh17_005013.jpg,0
ppeneg_sh17_011483.jpg,0
ppeneg_sh17_012572.jpg,0
ppeneg_sh17_006691.jpg,0
ppeneg_sh17_007273.jpg,0
ppeneg_sh17_008884.jpg,0
ppeneg_sh17_007883.jpg,0
ppeneg_sh17_011547.jpg,0
ppeneg_sh17_004213.jpg,0
ppeneg_sh17_010856.jpg,0
ppeneg_sh17_013533.jpg,0
ppeneg_sh17_005592.jpg,0
ppeneg_sh17_004431.jpg,0
ppeneg_sh17_010247.jpg,0
ppeneg_sh17_003954.jpg,0
ppeneg_sh17_012564.jpg,0
ppeneg_sh17_006482.jpg,0
ppeneg_sh17_009130.jpg,0
ppeneg_sh17_003806.jpg,0
ppeneg_sh17_010976.jpg,0
ppeneg_sh17_011519.jpg,0
ppeneg_sh17_006615.jpg,0
ppeneg_sh17_012532.jpg,0
ppeneg_sh17_010071.jpg,0
ppeneg_sh17_002607.jpg,0
ppeneg_sh17_011287.jpg,0
ppeneg_sh17_002914.jpg,0
ppeneg_sh17_001661.jpg,0
ppeneg_sh17_001808.jpg,0
ppeneg_sh17_007197.jpg,0
ppeneg_sh17_004362.jpg,0
ppeneg_sh17_001640.jpg,0
ppeneg_sh17_003590.jpg,0
ppeneg_sh17_001439.jpg,0
ppeneg_sh17_001450.jpg,0
ppeneg_sh17_012248.jpg,0
ppeneg_sh17_008023.jpg,0
ppeneg_sh17_005505.jpg,0
ppeneg_sh17_004241.jpg,0
ppeneg_sh17_006722.jpg,0
ppeneg_sh17_001566.jpg,0
ppeneg_sh17_008277.jpg,0
ppeneg_sh17_002706.jpg,0
ppeneg_sh17_006440.jpg,0
ppeneg_sh17_013048.jpg,0
ppeneg_sh17_004541.jpg,0
ppeneg_sh17_009585.jpg,0
ppeneg_sh17_002426.jpg,0
ppeneg_sh17_013612.jpg,0
ppeneg_sh17_006484.jpg,0
ppeneg_sh17_010460.jpg,0
ppeneg_sh17_012020.jpg,0
ppeneg_sh17_007279.jpg,0
ppeneg_sh17_012937.jpg,0
ppeneg_sh17_000069.jpg,0
ppeneg_sh17_010421.jpg,0
ppeneg_sh17_009109.jpg,0
ppeneg_sh17_010213.jpg,0
ppeneg_sh17_004104.jpg,0
ppeneg_sh17_009610.jpg,0
ppeneg_sh17_002993.jpg,0
ppeneg_sh17_005951.jpg,0
ppeneg_sh17_000823.jpg,0
ppeneg_sh17_000224.jpg,0
ppeneg_sh17_005062.jpg,0
ppeneg_sh17_009937.jpg,0
ppeneg_sh17_001687.jpg,0
ppeneg_sh17_013302.jpg,0
ppeneg_sh17_009271.jpg,0
ppeneg_sh17_002340.jpg,0
ppeneg_sh17_002068.jpg,0
ppeneg_sh17_002969.jpg,0
ppeneg_sh17_011694.jpg,0
ppeneg_sh17_013695.jpg,0
ppeneg_sh17_010286.jpg,0
ppeneg_sh17_011715.jpg,0
ppeneg_sh17_010123.jpg,0
ppeneg_sh17_003492.jpg,0
ppeneg_sh17_005478.jpg,0
ppeneg_sh17_011695.jpg,0
ppeneg_sh17_008431.jpg,0
ppeneg_sh17_004245.jpg,0
ppeneg_sh17_000064.jpg,0
ppeneg_sh17_007632.jpg,0
ppeneg_sh17_006562.jpg,0
ppeneg_sh17_003957.jpg,0
ppeneg_sh17_006696.jpg,0
ppeneg_sh17_006790.jpg,0
ppeneg_sh17_011588.jpg,0
ppeneg_sh17_003377.jpg,0
ppeneg_sh17_012530.jpg,0
ppeneg_sh17_003022.jpg,0
ppeneg_sh17_003289.jpg,0
ppeneg_sh17_009912.jpg,0
ppeneg_sh17_007834.jpg,0
ppeneg_sh17_002454.jpg,0
ppeneg_sh17_013358.jpg,0
ppeneg_sh17_008576.jpg,0
ppeneg_sh17_004885.jpg,0
ppeneg_sh17_006560.jpg,0
ppeneg_sh17_006952.jpg,0
ppeneg_sh17_006088.jpg,0
ppeneg_sh17_007694.jpg,0
ppeneg_sh17_012764.jpg,0
ppeneg_sh17_008861.jpg,0
ppeneg_sh17_003206.jpg,0
ppeneg_sh17_007715.jpg,0
ppeneg_sh17_004021.jpg,0
ppeneg_sh17_011079.jpg,0
ppeneg_sh17_001184.jpg,0
ppeneg_sh17_003016.jpg,0
ppeneg_sh17_000442.jpg,0
ppeneg_sh17_011429.jpg,0
ppeneg_sh17_003195.jpg,0
ppeneg_sh17_000502.jpg,0
ppeneg_sh17_001916.jpg,0
ppeneg_sh17_005098.jpg,0
ppeneg_sh17_006164.jpg,0
ppeneg_sh17_006046.jpg,0
ppeneg_sh17_010503.jpg,0
ppeneg_sh17_010559.jpg,0
ppeneg_sh17_004692.jpg,0
ppeneg_sh17_009796.jpg,0
ppeneg_sh17_010242.jpg,0
ppeneg_sh17_010227.jpg,0
ppeneg_sh17_003345.jpg,0
ppeneg_sh17_006796.jpg,0
ppeneg_sh17_000041.jpg,0
ppeneg_sh17_006942.jpg,0
ppeneg_sh17_013077.jpg,0
ppeneg_sh17_007511.jpg,0
ppeneg_sh17_013769.jpg,0
ppeneg_sh17_002998.jpg,0
ppeneg_sh17_002165.jpg,0
ppeneg_sh17_010684.jpg,0
ppeneg_sh17_013741.jpg,0
ppeneg_sh17_002093.jpg,0
ppeneg_sh17_008809.jpg,0
ppeneg_sh17_000847.jpg,0
ppeneg_sh17_008327.jpg,0
ppeneg_sh17_001510.jpg,0
ppeneg_sh17_000159.jpg,0
ppeneg_sh17_004204.jpg,0
ppeneg_sh17_003240.jpg,0
ppeneg_sh17_005214.jpg,0
ppeneg_sh17_000961.jpg,0
ppeneg_sh17_000948.jpg,0
ppeneg_sh17_008086.jpg,0
ppeneg_sh17_008341.jpg,0
ppeneg_sh17_007397.jpg,0
ppeneg_sh17_002792.jpg,0
ppeneg_sh17_012363.jpg,0
ppeneg_sh17_007058.jpg,0
ppeneg_sh17_000523.jpg,0
ppeneg_sh17_004458.jpg,0
ppeneg_sh17_004802.jpg,0
ppeneg_sh17_009916.jpg,0
ppeneg_sh17_001085.jpg,0
ppeneg_sh17_003077.jpg,0
ppeneg_sh17_013170.jpg,0
ppeneg_sh17_003272.jpg,0
ppeneg_sh17_011301.jpg,0
ppeneg_sh17_005467.jpg,0
ppeneg_sh17_012680.jpg,0
ppeneg_sh17_010913.jpg,0
ppeneg_sh17_004552.jpg,0
ppeneg_sh17_000541.jpg,0
ppeneg_sh17_011453.jpg,0
ppeneg_sh17_005151.jpg,0
ppeneg_sh17_013006.jpg,0
ppeneg_sh17_004443.jpg,0
ppeneg_sh17_012468.jpg,0
ppeneg_sh17_004733.jpg,0
ppeneg_sh17_008321.jpg,0
ppeneg_sh17_003444.jpg,0
ppeneg_sh17_006626.jpg,0
ppeneg_sh17_002822.jpg,0
ppeneg_sh17_007480.jpg,0
ppeneg_sh17_002338.jpg,0
ppeneg_sh17_002697.jpg,0
ppeneg_sh17_002358.jpg,0
ppeneg_sh17_011416.jpg,0
ppeneg_sh17_013176.jpg,0
ppeneg_sh17_008208.jpg,0
ppeneg_sh17_009738.jpg,0
ppeneg_sh17_004922.jpg,0
ppeneg_sh17_002830.jpg,0
ppeneg_sh17_000141.jpg,0
ppeneg_sh17_000884.jpg,0
ppeneg_sh17_006433.jpg,0
ppeneg_sh17_003447.jpg,0
ppeneg_sh17_003484.jpg,0
ppeneg_sh17_012632.jpg,0
ppeneg_sh17_009228.jpg,0
ppeneg_sh17_001508.jpg,0
ppeneg_sh17_006377.jpg,0
ppeneg_sh17_013160.jpg,0
ppeneg_sh17_004876.jpg,0
ppeneg_sh17_010059.jpg,0
ppeneg_sh17_003103.jpg,0
ppeneg_sh17_011025.jpg,0
ppeneg_sh17_001140.jpg,0
ppeneg_sh17_003845.jpg,0
ppeneg_sh17_005637.jpg,0
ppeneg_sh17_008465.jpg,0
ppeneg_sh17_013511.jpg,0
ppeneg_sh17_005548.jpg,0
ppeneg_sh17_012571.jpg,0
ppeneg_sh17_006870.jpg,0
ppeneg_sh17_007596.jpg,0
ppeneg_sh17_003410.jpg,0
ppeneg_sh17_008048.jpg,0
ppeneg_sh17_003275.jpg,0
ppeneg_sh17_007115.jpg,0
ppeneg_sh17_002666.jpg,0
ppeneg_sh17_006288.jpg,0
ppeneg_sh17_005958.jpg,0
ppeneg_sh17_008107.jpg,0
ppeneg_sh17_012633.jpg,0
ppeneg_sh17_008984.jpg,0
ppeneg_sh17_012189.jpg,0
ppeneg_sh17_008334.jpg,0
ppeneg_sh17_008841.jpg,0
ppeneg_sh17_003556.jpg,0
ppeneg_sh17_009256.jpg,0
ppeneg_sh17_009631.jpg,0
ppeneg_sh17_000032.jpg,0
ppeneg_sh17_006250.jpg,0
ppeneg_sh17_011067.jpg,0
ppeneg_sh17_006476.jpg,0
ppeneg_sh17_012770.jpg,0
ppeneg_sh17_008574.jpg,0
ppeneg_sh17_012150.jpg,0
ppeneg_sh17_007407.jpg,0
ppeneg_sh17_008165.jpg,0
ppeneg_sh17_008194.jpg,0
ppeneg_sh17_006298.jpg,0
ppeneg_sh17_012402.jpg,0
ppeneg_sh17_011065.jpg,0
ppeneg_sh17_013566.jpg,0
ppeneg_sh17_004386.jpg,0
ppeneg_sh17_001702.jpg,0
ppeneg_sh17_002202.jpg,0
ppeneg_sh17_001999.jpg,0
ppeneg_sh17_008907.jpg,0
ppeneg_sh17_006556.jpg,0
ppeneg_sh17_002313.jpg,0
ppeneg_sh17_002737.jpg,0
ppeneg_sh17_007459.jpg,0
ppeneg_sh17_010860.jpg,0
ppeneg_sh17_006674.jpg,0
ppeneg_sh17_005064.jpg,0
ppeneg_sh17_009786.jpg,0
ppeneg_sh17_010907.jpg,0
ppeneg_sh17_011808.jpg,0
ppeneg_sh17_003284.jpg,0
ppeneg_sh17_003135.jpg,0
ppeneg_sh17_003966.jpg,0
ppeneg_sh17_000441.jpg,0
ppeneg_sh17_009714.jpg,0
ppeneg_sh17_003572.jpg,0
ppeneg_sh17_010741.jpg,0
ppeneg_sh17_000239.jpg,0
ppeneg_sh17_004814.jpg,0
ppeneg_sh17_009438.jpg,0
ppeneg_sh17_013729.jpg,0
ppeneg_sh17_011062.jpg,0
ppeneg_sh17_012309.jpg,0
ppeneg_sh17_001625.jpg,0
ppeneg_sh17_006066.jpg,0
ppeneg_sh17_005161.jpg,0
ppeneg_sh17_010966.jpg,0
ppeneg_sh17_007726.jpg,0
ppeneg_sh17_008207.jpg,0
ppeneg_sh17_013592.jpg,0
ppeneg_sh17_013057.jpg,0
ppeneg_sh17_010125.jpg,0
ppeneg_sh17_003392.jpg,0
ppeneg_sh17_013410.jpg,0
ppeneg_sh17_000887.jpg,0
ppeneg_sh17_003342.jpg,0
ppeneg_sh17_008166.jpg,0
ppeneg_sh17_004405.jpg,0
ppeneg_sh17_010967.jpg,0
ppeneg_sh17_006263.jpg,0
ppeneg_sh17_000246.jpg,0
ppeneg_sh17_007732.jpg,0
ppeneg_sh17_010867.jpg,0
ppeneg_sh17_011538.jpg,0
ppeneg_sh17_009559.jpg,0
ppeneg_sh17_004222.jpg,0
ppeneg_sh17_000718.jpg,0
ppeneg_sh17_013118.jpg,0
ppeneg_sh17_006150.jpg,0
ppeneg_sh17_010821.jpg,0
ppeneg_sh17_000154.jpg,0
ppeneg_sh17_007242.jpg,0
ppeneg_sh17_002745.jpg,0
ppeneg_sh17_000582.jpg,0
ppeneg_sh17_009351.jpg,0
ppeneg_sh17_009917.jpg,0
ppeneg_sh17_009219.jpg,0
ppeneg_sh17_004033.jpg,0
ppeneg_sh17_011856.jpg,0
ppeneg_sh17_005686.jpg,0
ppeneg_sh17_000152.jpg,0
ppeneg_sh17_009986.jpg,0
ppeneg_sh17_007108.jpg,0
ppeneg_sh17_011048.jpg,0
ppeneg_sh17_008135.jpg,0
ppeneg_sh17_011683.jpg,0
ppeneg_sh17_008368.jpg,0
ppeneg_sh17_000240.jpg,0
ppeneg_sh17_006334.jpg,0
ppeneg_sh17_006988.jpg,0
ppeneg_sh17_004843.jpg,0
ppeneg_sh17_005259.jpg,0
ppeneg_sh17_005732.jpg,0
ppeneg_sh17_012204.jpg,0
ppeneg_sh17_003710.jpg,0
ppeneg_sh17_006609.jpg,0
ppeneg_sh17_013194.jpg,0
ppeneg_sh17_002619.jpg,0
ppeneg_sh17_005607.jpg,0
ppeneg_sh17_004744.jpg,0
ppeneg_sh17_005943.jpg,0
ppeneg_sh17_011793.jpg,0
ppeneg_sh17_013009.jpg,0
ppeneg_sh17_008210.jpg,0
ppeneg_sh17_011909.jpg,0
ppeneg_sh17_013340.jpg,0
ppeneg_sh17_004847.jpg,0
ppeneg_sh17_012657.jpg,0
ppeneg_sh17_010135.jpg,0
ppeneg_sh17_003416.jpg,0
ppeneg_sh17_001708.jpg,0
ppeneg_sh17_002275.jpg,0
ppeneg_sh17_009989.jpg,0
ppeneg_sh17_013050.jpg,0
ppeneg_sh17_006340.jpg,0
ppeneg_sh17_006441.jpg,0
ppeneg_sh17_003727.jpg,0
ppeneg_sh17_012945.jpg,0
ppeneg_sh17_003269.jpg,0
ppeneg_sh17_008038.jpg,0
ppeneg_sh17_009608.jpg,0
ppeneg_sh17_006101.jpg,0
ppeneg_sh17_004682.jpg,0
ppeneg_sh17_012968.jpg,0
ppeneg_sh17_006946.jpg,0
ppeneg_sh17_007424.jpg,0
ppeneg_sh17_007017.jpg,0
ppeneg_sh17_013161.jpg,0
ppeneg_sh17_001781.jpg,0
ppeneg_sh17_006173.jpg,0
ppeneg_sh17_009026.jpg,0
ppeneg_sh17_013312.jpg,0
ppeneg_sh17_012812.jpg,0
ppeneg_sh17_013671.jpg,0
ppeneg_sh17_013702.jpg,0
ppeneg_sh17_009311.jpg,0
ppeneg_sh17_011090.jpg,0
ppeneg_sh17_010613.jpg,0
ppeneg_sh17_000336.jpg,0
ppeneg_sh17_006374.jpg,0
ppeneg_sh17_002731.jpg,0
ppeneg_sh17_008901.jpg,0
ppeneg_sh17_004871.jpg,0
ppeneg_sh17_002539.jpg,0
ppeneg_sh17_005440.jpg,0
ppeneg_sh17_006554.jpg,0
ppeneg_sh17_013032.jpg,0
ppeneg_sh17_012837.jpg,0
ppeneg_sh17_008717.jpg,0
ppeneg_sh17_001298.jpg,0
ppeneg_sh17_005238.jpg,0
ppeneg_sh17_002933.jpg,0
ppeneg_sh17_010654.jpg,0
ppeneg_sh17_011055.jpg,0
ppeneg_sh17_000142.jpg,0
ppeneg_sh17_003474.jpg,0
ppeneg_sh17_006637.jpg,0
ppeneg_sh17_001753.jpg,0
ppeneg_sh17_012940.jpg,0
ppeneg_sh17_003205.jpg,0
ppeneg_sh17_001104.jpg,0
ppeneg_sh17_010474.jpg,0
ppeneg_sh17_010483.jpg,0
ppeneg_sh17_004256.jpg,0
ppeneg_sh17_000074.jpg,0
ppeneg_sh17_005392.jpg,0
ppeneg_sh17_012019.jpg,0
ppeneg_sh17_006055.jpg,0
ppeneg_sh17_003526.jpg,0
ppeneg_sh17_005278.jpg,0
ppeneg_sh17_010563.jpg,0
ppeneg_sh17_004314.jpg,0
ppeneg_sh17_000327.jpg,0
ppeneg_sh17_000335.jpg,0
ppeneg_sh17_012989.jpg,0
ppeneg_sh17_005635.jpg,0
ppeneg_sh17_005001.jpg,0
ppeneg_sh17_005111.jpg,0
ppeneg_sh17_000986.jpg,0
ppeneg_sh17_001910.jpg,0
ppeneg_sh17_005518.jpg,0
ppeneg_sh17_001906.jpg,0
ppeneg_sh17_006252.jpg,0
ppeneg_sh17_008223.jpg,0
ppeneg_sh17_007952.jpg,0
ppeneg_sh17_001597.jpg,0
ppeneg_sh17_006260.jpg,0
ppeneg_sh17_008232.jpg,0
ppeneg_sh17_007884.jpg,0
ppeneg_sh17_005895.jpg,0
ppeneg_sh17_002249.jpg,0
ppeneg_sh17_011328.jpg,0
ppeneg_sh17_004935.jpg,0
ppeneg_sh17_008106.jpg,0
ppeneg_sh17_005204.jpg,0
ppeneg_sh17_007443.jpg,0
ppeneg_sh17_003250.jpg,0
ppeneg_sh17_007821.jpg,0
ppeneg_sh17_008364.jpg,0
ppeneg_sh17_004027.jpg,0
ppeneg_sh17_003589.jpg,0
ppeneg_sh17_003627.jpg,0
ppeneg_sh17_013117.jpg,0
ppeneg_sh17_000036.jpg,0
ppeneg_sh17_004943.jpg,0
ppeneg_sh17_010817.jpg,0
ppeneg_sh17_007202.jpg,0
ppeneg_sh17_007208.jpg,0
ppeneg_sh17_000046.jpg,0
ppeneg_sh17_013002.jpg,0
ppeneg_sh17_012166.jpg,0
ppeneg_sh17_010995.jpg,0
ppeneg_sh17_001248.jpg,0
ppeneg_sh17_013738.jpg,0
ppeneg_sh17_005316.jpg,0
ppeneg_sh17_003456.jpg,0
ppeneg_sh17_000432.jpg,0
ppeneg_sh17_001234.jpg,0
ppeneg_sh17_002924.jpg,0
ppeneg_sh17_000663.jpg,0
ppeneg_sh17_008374.jpg,0
ppeneg_sh17_010800.jpg,0
ppeneg_sh17_002961.jpg,0
ppeneg_sh17_000661.jpg,0
ppeneg_sh17_010148.jpg,0
ppeneg_sh17_002670.jpg,0
ppeneg_sh17_011555.jpg,0
ppeneg_sh17_012510.jpg,0
ppeneg_sh17_002476.jpg,0
ppeneg_sh17_008407.jpg,0
ppeneg_sh17_008747.jpg,0
ppeneg_sh17_002724.jpg,0
ppeneg_sh17_000548.jpg,0
ppeneg_sh17_002040.jpg,0
ppeneg_sh17_006769.jpg,0
ppeneg_sh17_001175.jpg,0
ppeneg_sh17_010987.jpg,0
ppeneg_sh17_005497.jpg,0
ppeneg_sh17_001997.jpg,0
ppeneg_sh17_000958.jpg,0
ppeneg_sh17_003768.jpg,0
ppeneg_sh17_007020.jpg,0
ppeneg_sh17_010776.jpg,0
ppeneg_sh17_001537.jpg,0
ppeneg_sh17_002279.jpg,0
ppeneg_sh17_006779.jpg,0
ppeneg_sh17_001032.jpg,0
ppeneg_sh17_011794.jpg,0
ppeneg_sh17_011563.jpg,0
ppeneg_sh17_010586.jpg,0
ppeneg_sh17_001628.jpg,0
ppeneg_sh17_011621.jpg,0
ppeneg_sh17_002734.jpg,0
ppeneg_sh17_012499.jpg,0
ppeneg_sh17_000894.jpg,0
ppeneg_sh17_005441.jpg,0
ppeneg_sh17_010120.jpg,0
ppeneg_sh17_002325.jpg,0
ppeneg_sh17_010262.jpg,0
ppeneg_sh17_009345.jpg,0
ppeneg_sh17_012387.jpg,0
ppeneg_sh17_001296.jpg,0
ppeneg_sh17_003270.jpg,0
ppeneg_sh17_009953.jpg,0
ppeneg_sh17_007080.jpg,0
ppeneg_sh17_001671.jpg,0
ppeneg_sh17_002384.jpg,0
ppeneg_sh17_010062.jpg,0
ppeneg_sh17_003796.jpg,0
ppeneg_sh17_012967.jpg,0
ppeneg_sh17_005537.jpg,0
ppeneg_sh17_011788.jpg,0
ppeneg_sh17_003973.jpg,0
ppeneg_sh17_007626.jpg,0
ppeneg_sh17_009413.jpg,0
ppeneg_sh17_009996.jpg,0
ppeneg_sh17_007304.jpg,0
ppeneg_sh17_003651.jpg,0
ppeneg_sh17_009567.jpg,0
ppeneg_sh17_001102.jpg,0
ppeneg_sh17_011798.jpg,0
ppeneg_sh17_008824.jpg,0
ppeneg_sh17_007112.jpg,0
ppeneg_sh17_010225.jpg,0
ppeneg_sh17_013411.jpg,0
ppeneg_sh17_003128.jpg,0
ppeneg_sh17_010927.jpg,0
ppeneg_sh17_010117.jpg,0
ppeneg_sh17_001672.jpg,0
ppeneg_sh17_003246.jpg,0
ppeneg_sh17_001664.jpg,0
ppeneg_sh17_007809.jpg,0
ppeneg_sh17_001970.jpg,0
ppeneg_sh17_005330.jpg,0
ppeneg_sh17_009690.jpg,0
ppeneg_sh17_008097.jpg,0
ppeneg_sh17_011367.jpg,0
ppeneg_sh17_005258.jpg,0
ppeneg_sh17_012566.jpg,0
ppeneg_sh17_013727.jpg,0
ppeneg_sh17_008349.jpg,0
ppeneg_sh17_004055.jpg,0
ppeneg_sh17_003771.jpg,0
ppeneg_sh17_000825.jpg,0
ppeneg_sh17_004059.jpg,0
ppeneg_sh17_011402.jpg,0
ppeneg_sh17_003601.jpg,0
ppeneg_sh17_006684.jpg,0
ppeneg_sh17_006143.jpg,0
ppeneg_sh17_006640.jpg,0
ppeneg_sh17_008354.jpg,0
ppeneg_sh17_003293.jpg,0
ppeneg_sh17_000729.jpg,0
ppeneg_sh17_011054.jpg,0
ppeneg_sh17_000687.jpg,0
ppeneg_sh17_007236.jpg,0
ppeneg_sh17_013513.jpg,0
ppeneg_sh17_004403.jpg,0
ppeneg_sh17_005524.jpg,0
ppeneg_sh17_004084.jpg,0
ppeneg_sh17_002665.jpg,0
ppeneg_sh17_005906.jpg,0
ppeneg_sh17_004985.jpg,0
ppeneg_sh17_012234.jpg,0
ppeneg_sh17_010158.jpg,0
ppeneg_sh17_006874.jpg,0
ppeneg_sh17_002821.jpg,0
ppeneg_sh17_005839.jpg,0
ppeneg_sh17_002374.jpg,0
ppeneg_sh17_001614.jpg,0
ppeneg_sh17_011653.jpg,0
ppeneg_sh17_005661.jpg,0
ppeneg_sh17_010107.jpg,0
ppeneg_sh17_002709.jpg,0
ppeneg_sh17_002927.jpg,0
ppeneg_sh17_010150.jpg,0
ppeneg_sh17_000262.jpg,0
ppeneg_sh17_004098.jpg,0
ppeneg_sh17_009362.jpg,0
ppeneg_sh17_006726.jpg,0
ppeneg_sh17_010429.jpg,0
ppeneg_sh17_011623.jpg,0
ppeneg_sh17_005849.jpg,0
ppeneg_sh17_010156.jpg,0
ppeneg_sh17_005915.jpg,0
ppeneg_sh17_003327.jpg,0
ppeneg_sh17_002903.jpg,0
ppeneg_sh17_006568.jpg,0
ppeneg_sh17_001187.jpg,0
ppeneg_sh17_010587.jpg,0
ppeneg_sh17_013343.jpg,0
ppeneg_sh17_008193.jpg,0
ppeneg_sh17_005485.jpg,0
ppeneg_sh17_003315.jpg,0
ppeneg_sh17_012176.jpg,0
ppeneg_sh17_006898.jpg,0
ppeneg_sh17_012038.jpg,0
ppeneg_sh17_000688.jpg,0
ppeneg_sh17_012305.jpg,0
ppeneg_sh17_013403.jpg,0
ppeneg_sh17_011839.jpg,0
ppeneg_sh17_009304.jpg,0
ppeneg_sh17_004781.jpg,0
ppeneg_sh17_011014.jpg,0
ppeneg_sh17_010424.jpg,0
ppeneg_sh17_003937.jpg,0
ppeneg_sh17_007485.jpg,0
ppeneg_sh17_007917.jpg,0
ppeneg_sh17_007346.jpg,0
ppeneg_sh17_005383.jpg,0
ppeneg_sh17_008430.jpg,0
ppeneg_sh17_013455.jpg,0
ppeneg_sh17_000111.jpg,0
ppeneg_sh17_003201.jpg,0
ppeneg_sh17_011758.jpg,0
ppeneg_sh17_004765.jpg,0
ppeneg_sh17_001086.jpg,0
ppeneg_sh17_008932.jpg,0
ppeneg_sh17_000136.jpg,0
ppeneg_sh17_004720.jpg,0
ppeneg_sh17_011190.jpg,0
ppeneg_sh17_010022.jpg,0
ppeneg_sh17_004602.jpg,0
ppeneg_sh17_007052.jpg,0
ppeneg_sh17_001564.jpg,0
ppeneg_sh17_002829.jpg,0
ppeneg_sh17_007493.jpg,0
ppeneg_sh17_009614.jpg,0
ppeneg_sh17_001120.jpg,0
ppeneg_sh17_004696.jpg,0
ppeneg_sh17_003313.jpg,0
ppeneg_sh17_000107.jpg,0
ppeneg_sh17_005664.jpg,0
ppeneg_sh17_003682.jpg,0
ppeneg_sh17_005596.jpg,0
ppeneg_sh17_006798.jpg,0
ppeneg_sh17_008860.jpg,0
ppeneg_sh17_009908.jpg,0
ppeneg_sh17_008888.jpg,0
ppeneg_sh17_002373.jpg,0
ppeneg_sh17_002416.jpg,0
ppeneg_sh17_007986.jpg,0
ppeneg_sh17_011147.jpg,0
ppeneg_sh17_012598.jpg,0
ppeneg_sh17_013275.jpg,0
ppeneg_sh17_003223.jpg,0
ppeneg_sh17_007978.jpg,0
ppeneg_sh17_000879.jpg,0
ppeneg_sh17_004456.jpg,0
ppeneg_sh17_009366.jpg,0
ppeneg_sh17_010700.jpg,0
ppeneg_sh17_008953.jpg,0
ppeneg_sh17_010353.jpg,0
ppeneg_sh17_006801.jpg,0
ppeneg_sh17_006184.jpg,0
ppeneg_sh17_009574.jpg,0
ppeneg_sh17_010409.jpg,0
ppeneg_sh17_010299.jpg,0
ppeneg_sh17_012478.jpg,0
ppeneg_sh17_013594.jpg,0
ppeneg_sh17_001162.jpg,0
ppeneg_sh17_008772.jpg,0
ppeneg_sh17_009510.jpg,0
ppeneg_sh17_011199.jpg,0
ppeneg_sh17_000741.jpg,0
ppeneg_sh17_002760.jpg,0
ppeneg_sh17_000095.jpg,0
ppeneg_sh17_012932.jpg,0
ppeneg_sh17_002126.jpg,0
ppeneg_sh17_009156.jpg,0
ppeneg_sh17_006366.jpg,0
ppeneg_sh17_008968.jpg,0
ppeneg_sh17_011557.jpg,0
ppeneg_sh17_001029.jpg,0
ppeneg_sh17_004299.jpg,0
ppeneg_sh17_013756.jpg,0
ppeneg_sh17_000370.jpg,0
ppeneg_sh17_005327.jpg,0
ppeneg_sh17_006355.jpg,0
ppeneg_sh17_005124.jpg,0
ppeneg_sh17_002223.jpg,0
ppeneg_sh17_010008.jpg,0
ppeneg_sh17_013764.jpg,0
ppeneg_sh17_002458.jpg,0
ppeneg_sh17_004057.jpg,0
ppeneg_sh17_012377.jpg,0
ppeneg_sh17_003304.jpg,0
ppeneg_sh17_005487.jpg,0
ppeneg_sh17_006753.jpg,0
ppeneg_sh17_001131.jpg,0
ppeneg_sh17_002690.jpg,0
ppeneg_sh17_008605.jpg,0
ppeneg_sh17_003922.jpg,0
ppeneg_sh17_001446.jpg,0
ppeneg_sh17_006520.jpg,0
ppeneg_sh17_008950.jpg,0
ppeneg_sh17_001076.jpg,0
ppeneg_sh17_005038.jpg,0
ppeneg_sh17_012030.jpg,0
ppeneg_sh17_009644.jpg,0
ppeneg_sh17_006815.jpg,0
ppeneg_sh17_009563.jpg,0
ppeneg_sh17_005830.jpg,0
ppeneg_sh17_013011.jpg,0
ppeneg_sh17_011882.jpg,0
ppeneg_sh17_010685.jpg,0
ppeneg_sh17_007387.jpg,0
ppeneg_sh17_002757.jpg,0
ppeneg_sh17_006012.jpg,0
ppeneg_sh17_008461.jpg,0
ppeneg_sh17_005916.jpg,0
ppeneg_sh17_000422.jpg,0
ppeneg_sh17_012829.jpg,0
ppeneg_sh17_005363.jpg,0
ppeneg_sh17_004337.jpg,0
ppeneg_sh17_002010.jpg,0
ppeneg_sh17_012779.jpg,0
ppeneg_sh17_010663.jpg,0
ppeneg_sh17_011806.jpg,0
ppeneg_sh17_001329.jpg,0
ppeneg_sh17_001301.jpg,0
ppeneg_sh17_010611.jpg,0
ppeneg_sh17_006063.jpg,0
ppeneg_sh17_002699.jpg,0
ppeneg_sh17_005850.jpg,0
ppeneg_sh17_013719.jpg,0
ppeneg_sh17_000192.jpg,0
ppeneg_sh17_012606.jpg,0
ppeneg_sh17_010878.jpg,0
ppeneg_sh17_002301.jpg,0
ppeneg_sh17_011278.jpg,0
ppeneg_sh17_003607.jpg,0
ppeneg_sh17_003630.jpg,0
ppeneg_sh17_010808.jpg,0
ppeneg_sh17_007782.jpg,0
ppeneg_sh17_004479.jpg,0
ppeneg_sh17_005066.jpg,0
ppeneg_sh17_003082.jpg,0
ppeneg_sh17_011571.jpg,0
ppeneg_sh17_009897.jpg,0
ppeneg_sh17_012729.jpg,0
ppeneg_sh17_000913.jpg,0
ppeneg_sh17_010972.jpg,0
ppeneg_sh17_004852.jpg,0
ppeneg_sh17_005297.jpg,0
ppeneg_sh17_001646.jpg,0
ppeneg_sh17_011764.jpg,0
ppeneg_sh17_000125.jpg,0
ppeneg_sh17_006159.jpg,0
ppeneg_sh17_004125.jpg,0
ppeneg_sh17_004164.jpg,0
ppeneg_sh17_004417.jpg,0
ppeneg_sh17_004600.jpg,0
ppeneg_sh17_005823.jpg,0
ppeneg_sh17_009236.jpg,0
ppeneg_sh17_006069.jpg,0
ppeneg_sh17_010473.jpg,0
ppeneg_sh17_005879.jpg,0
ppeneg_sh17_004258.jpg,0
ppeneg_sh17_010932.jpg,0
ppeneg_sh17_009809.jpg,0
ppeneg_sh17_002339.jpg,0
ppeneg_sh17_007056.jpg,0
ppeneg_sh17_008095.jpg,0
ppeneg_sh17_013096.jpg,0
ppeneg_sh17_012473.jpg,0
ppeneg_sh17_002516.jpg,0
ppeneg_sh17_013043.jpg,0
ppeneg_sh17_007143.jpg,0
ppeneg_sh17_002715.jpg,0
ppeneg_sh17_005307.jpg,0
ppeneg_sh17_005078.jpg,0
ppeneg_sh17_011041.jpg,0
ppeneg_sh17_013397.jpg,0
ppeneg_sh17_011341.jpg,0
ppeneg_sh17_008378.jpg,0
ppeneg_sh17_002669.jpg,0
ppeneg_sh17_001901.jpg,0
ppeneg_sh17_003150.jpg,0
ppeneg_sh17_012418.jpg,0
ppeneg_sh17_008306.jpg,0
ppeneg_sh17_005116.jpg,0
ppeneg_sh17_009122.jpg,0
ppeneg_sh17_008568.jpg,0
ppeneg_sh17_007778.jpg,0
ppeneg_sh17_004679.jpg,0
ppeneg_sh17_013322.jpg,0
ppeneg_sh17_003403.jpg,0
ppeneg_sh17_007288.jpg,0
ppeneg_sh17_004327.jpg,0
ppeneg_sh17_012180.jpg,0
ppeneg_sh17_007712.jpg,0
ppeneg_sh17_008458.jpg,0
ppeneg_sh17_013276.jpg,0
ppeneg_sh17_000415.jpg,0
ppeneg_sh17_002404.jpg,0
ppeneg_sh17_000112.jpg,0
ppeneg_sh17_000553.jpg,0
ppeneg_sh17_011358.jpg,0
ppeneg_sh17_003097.jpg,0
ppeneg_sh17_007338.jpg,0
ppeneg_sh17_000511.jpg,0
ppeneg_sh17_011857.jpg,0
ppeneg_sh17_003656.jpg,0
ppeneg_sh17_007116.jpg,0
ppeneg_sh17_008801.jpg,0
ppeneg_sh17_010027.jpg,0
ppeneg_sh17_011060.jpg,0
ppeneg_sh17_006847.jpg,0
ppeneg_sh17_002173.jpg,0
ppeneg_sh17_001576.jpg,0
ppeneg_sh17_006501.jpg,0
ppeneg_sh17_002218.jpg,0
ppeneg_sh17_006900.jpg,0
ppeneg_sh17_007553.jpg,0
ppeneg_sh17_008517.jpg,0
ppeneg_sh17_007003.jpg,0
ppeneg_sh17_000488.jpg,0
ppeneg_sh17_007672.jpg,0
ppeneg_sh17_010527.jpg,0
ppeneg_sh17_005800.jpg,0
ppeneg_sh17_002735.jpg,0
ppeneg_sh17_010319.jpg,0
ppeneg_sh17_011324.jpg,0
ppeneg_sh17_005366.jpg,0
ppeneg_sh17_006732.jpg,0
ppeneg_sh17_006171.jpg,0
ppeneg_sh17_013611.jpg,0
ppeneg_sh17_001285.jpg,0
ppeneg_sh17_010823.jpg,0
ppeneg_sh17_008140.jpg,0
ppeneg_sh17_010143.jpg,0
ppeneg_sh17_004501.jpg,0
ppeneg_sh17_001738.jpg,0
ppeneg_sh17_012975.jpg,0
ppeneg_sh17_005683.jpg,0
ppeneg_sh17_002354.jpg,0
ppeneg_sh17_002406.jpg,0
ppeneg_sh17_006048.jpg,0
ppeneg_sh17_006695.jpg,0
ppeneg_sh17_006211.jpg,0
ppeneg_sh17_011996.jpg,0
ppeneg_sh17_000716.jpg,0
ppeneg_sh17_010390.jpg,0
ppeneg_sh17_013120.jpg,0
ppeneg_sh17_009757.jpg,0
ppeneg_sh17_008697.jpg,0
ppeneg_sh17_004763.jpg,0
ppeneg_sh17_002921.jpg,0
ppeneg_sh17_002581.jpg,0
ppeneg_sh17_013326.jpg,0
ppeneg_sh17_003008.jpg,0
ppeneg_sh17_005722.jpg,0
ppeneg_sh17_001197.jpg,0
ppeneg_sh17_010811.jpg,0
ppeneg_sh17_009102.jpg,0
ppeneg_sh17_006353.jpg,0
ppeneg_sh17_008920.jpg,0
ppeneg_sh17_012741.jpg,0
ppeneg_sh17_007818.jpg,0
ppeneg_sh17_001360.jpg,0
ppeneg_sh17_012875.jpg,0
ppeneg_sh17_011939.jpg,0
ppeneg_sh17_008460.jpg,0
ppeneg_sh17_007292.jpg,0
ppeneg_sh17_011805.jpg,0
ppeneg_sh17_007639.jpg,0
ppeneg_sh17_010840.jpg,0
ppeneg_sh17_010661.jpg,0
ppeneg_sh17_008030.jpg,0
ppeneg_sh17_004978.jpg,0
ppeneg_sh17_003529.jpg,0
ppeneg_sh17_005506.jpg,0
ppeneg_sh17_008051.jpg,0
ppeneg_sh17_004481.jpg,0
ppeneg_sh17_011092.jpg,0
ppeneg_sh17_003317.jpg,0
ppeneg_sh17_012987.jpg,0
ppeneg_sh17_006323.jpg,0
ppeneg_sh17_007329.jpg,0
ppeneg_sh17_010581.jpg,0
ppeneg_sh17_012240.jpg,0
ppeneg_sh17_007975.jpg,0
ppeneg_sh17_004243.jpg,0
ppeneg_sh17_011393.jpg,0
ppeneg_sh17_009635.jpg,0
ppeneg_sh17_013223.jpg,0
ppeneg_sh17_003026.jpg,0
ppeneg_sh17_007324.jpg,0
ppeneg_sh17_010980.jpg,0
ppeneg_sh17_005680.jpg,0
ppeneg_sh17_007362.jpg,0
ppeneg_sh17_001035.jpg,0
ppeneg_sh17_004107.jpg,0
ppeneg_sh17_002139.jpg,0
ppeneg_sh17_007941.jpg,0
ppeneg_sh17_001669.jpg,0
ppeneg_sh17_013565.jpg,0
ppeneg_sh17_010423.jpg,0
ppeneg_sh17_005967.jpg,0
ppeneg_sh17_013648.jpg,0
ppeneg_sh17_003098.jpg,0
ppeneg_sh17_013562.jpg,0
ppeneg_sh17_003141.jpg,0
ppeneg_sh17_010364.jpg,0
ppeneg_sh17_011871.jpg,0
ppeneg_sh17_003045.jpg,0
ppeneg_sh17_007494.jpg,0
ppeneg_sh17_006720.jpg,0
ppeneg_sh17_004690.jpg,0
ppeneg_sh17_013324.jpg,0
ppeneg_sh17_007336.jpg,0
ppeneg_sh17_001040.jpg,0
ppeneg_sh17_010362.jpg,0
ppeneg_sh17_001391.jpg,0
ppeneg_sh17_009300.jpg,0
ppeneg_sh17_003729.jpg,0
ppeneg_sh17_000796.jpg,0
ppeneg_sh17_005472.jpg,0
ppeneg_sh17_006192.jpg,0
ppeneg_sh17_012074.jpg,0
ppeneg_sh17_002300.jpg,0
ppeneg_sh17_005651.jpg,0
ppeneg_sh17_008421.jpg,0
ppeneg_sh17_004217.jpg,0
ppeneg_sh17_009216.jpg,0
ppeneg_sh17_007871.jpg,0
ppeneg_sh17_010088.jpg,0
ppeneg_sh17_005288.jpg,0
ppeneg_sh17_003259.jpg,0
ppeneg_sh17_011960.jpg,0
ppeneg_sh17_013570.jpg,0
ppeneg_sh17_010935.jpg,0
ppeneg_sh17_002833.jpg,0
ppeneg_sh17_006493.jpg,0
ppeneg_sh17_003975.jpg,0
ppeneg_sh17_009724.jpg,0
ppeneg_sh17_003153.jpg,0
ppeneg_sh17_006058.jpg,0
ppeneg_sh17_002512.jpg,0
ppeneg_sh17_001595.jpg,0
ppeneg_sh17_002702.jpg,0
ppeneg_sh17_007790.jpg,0
ppeneg_sh17_006056.jpg,0
ppeneg_sh17_004680.jpg,0
ppeneg_sh17_001695.jpg,0
ppeneg_sh17_010513.jpg,0
ppeneg_sh17_005499.jpg,0
ppeneg_sh17_011477.jpg,0
ppeneg_sh17_006687.jpg,0
ppeneg_sh17_003158.jpg,0
ppeneg_sh17_006523.jpg,0
ppeneg_sh17_013107.jpg,0
ppeneg_sh17_007833.jpg,0
ppeneg_sh17_011472.jpg,0
ppeneg_sh17_005979.jpg,0
ppeneg_sh17_009382.jpg,0
ppeneg_sh17_003831.jpg,0
ppeneg_sh17_010794.jpg,0
ppeneg_sh17_002885.jpg,0
ppeneg_sh17_000512.jpg,0
ppeneg_sh17_002661.jpg,0
ppeneg_sh17_005305.jpg,0
ppeneg_sh17_013309.jpg,0
ppeneg_sh17_012196.jpg,0
ppeneg_sh17_010551.jpg,0
ppeneg_sh17_000974.jpg,0
ppeneg_sh17_003376.jpg,0
ppeneg_sh17_001224.jpg,0
ppeneg_sh17_009079.jpg,0
ppeneg_sh17_007868.jpg,0
ppeneg_sh17_007207.jpg,0
ppeneg_sh17_009213.jpg,0
ppeneg_sh17_000252.jpg,0
ppeneg_sh17_011560.jpg,0
ppeneg_sh17_004379.jpg,0
ppeneg_sh17_004347.jpg,0
ppeneg_sh17_001319.jpg,0
ppeneg_sh17_006167.jpg,0
ppeneg_sh17_004776.jpg,0
ppeneg_sh17_002420.jpg,0
ppeneg_sh17_005890.jpg,0
ppeneg_sh17_010134.jpg,0
ppeneg_sh17_008151.jpg,0
ppeneg_sh17_007916.jpg,0
ppeneg_sh17_006276.jpg,0
ppeneg_sh17_005416.jpg,0
ppeneg_sh17_010471.jpg,0
ppeneg_sh17_012106.jpg,0
ppeneg_sh17_009622.jpg,0
ppeneg_sh17_005816.jpg,0
ppeneg_sh17_013290.jpg,0
ppeneg_sh17_009331.jpg,0
ppeneg_sh17_012119.jpg,0
ppeneg_sh17_007649.jpg,0
ppeneg_sh17_004996.jpg,0
ppeneg_sh17_013744.jpg,0
ppeneg_sh17_013728.jpg,0
ppeneg_sh17_002246.jpg,0
ppeneg_sh17_002452.jpg,0
ppeneg_sh17_006099.jpg,0
ppeneg_sh17_010796.jpg,0
ppeneg_sh17_002687.jpg,0
ppeneg_sh17_012714.jpg,0
ppeneg_sh17_010622.jpg,0
ppeneg_sh17_003716.jpg,0
ppeneg_sh17_010858.jpg,0
ppeneg_sh17_012914.jpg,0
ppeneg_sh17_013740.jpg,0
ppeneg_sh17_002753.jpg,0
ppeneg_sh17_012736.jpg,0
ppeneg_sh17_003051.jpg,0
ppeneg_sh17_011329.jpg,0
ppeneg_sh17_010750.jpg,0
ppeneg_sh17_006123.jpg,0
ppeneg_sh17_006375.jpg,0
ppeneg_sh17_003965.jpg,0
ppeneg_sh17_000692.jpg,0
ppeneg_sh17_003254.jpg,0
ppeneg_sh17_001138.jpg,0
ppeneg_sh17_012161.jpg,0
ppeneg_sh17_002956.jpg,0
ppeneg_sh17_000067.jpg,0
ppeneg_sh17_005897.jpg,0
ppeneg_sh17_003425.jpg,0
ppeneg_sh17_011520.jpg,0
ppeneg_sh17_006408.jpg,0
ppeneg_sh17_002954.jpg,0
ppeneg_sh17_004288.jpg,0
ppeneg_sh17_003665.jpg,0
ppeneg_sh17_004932.jpg,0
ppeneg_sh17_009740.jpg,0
ppeneg_sh17_003681.jpg,0
ppeneg_sh17_001918.jpg,0
ppeneg_sh17_008659.jpg,0
ppeneg_sh17_006120.jpg,0
ppeneg_sh17_002797.jpg,0
ppeneg_sh17_011113.jpg,0
ppeneg_sh17_010539.jpg,0
ppeneg_sh17_007308.jpg,0
ppeneg_sh17_006824.jpg,0
ppeneg_sh17_013311.jpg,0
ppeneg_sh17_012474.jpg,0
ppeneg_sh17_009250.jpg,0
ppeneg_sh17_004010.jpg,0
ppeneg_sh17_008466.jpg,0
ppeneg_sh17_009270.jpg,0
ppeneg_sh17_006047.jpg,0
ppeneg_sh17_011338.jpg,0
ppeneg_sh17_010491.jpg,0
ppeneg_sh17_005400.jpg,0
ppeneg_sh17_005586.jpg,0
ppeneg_sh17_004006.jpg,0
ppeneg_sh17_009683.jpg,0
ppeneg_sh17_003174.jpg,0
ppeneg_sh17_006943.jpg,0
ppeneg_sh17_008220.jpg,0
ppeneg_sh17_008317.jpg,0
ppeneg_sh17_012221.jpg,0
ppeneg_sh17_005460.jpg,0
ppeneg_sh17_013328.jpg,0
ppeneg_sh17_010489.jpg,0
ppeneg_sh17_002863.jpg,0
ppeneg_sh17_011064.jpg,0
ppeneg_sh17_010928.jpg,0
ppeneg_sh17_001180.jpg,0
ppeneg_sh17_003685.jpg,0
ppeneg_sh17_003496.jpg,0
ppeneg_sh17_007353.jpg,0
ppeneg_sh17_005267.jpg,0
ppeneg_sh17_001730.jpg,0
ppeneg_sh17_007777.jpg,0
ppeneg_sh17_000952.jpg,0
ppeneg_sh17_009053.jpg,0
ppeneg_sh17_012225.jpg,0
ppeneg_sh17_008144.jpg,0
ppeneg_sh17_013329.jpg,0
ppeneg_sh17_005011.jpg,0
ppeneg_sh17_006669.jpg,0
ppeneg_sh17_011944.jpg,0
ppeneg_sh17_005511.jpg,0
ppeneg_sh17_000250.jpg,0
ppeneg_sh17_008420.jpg,0
ppeneg_sh17_012424.jpg,0
ppeneg_sh17_010903.jpg,0
ppeneg_sh17_003548.jpg,0
ppeneg_sh17_003673.jpg,0
ppeneg_sh17_009849.jpg,0
ppeneg_sh17_003884.jpg,0
ppeneg_sh17_011980.jpg,0
ppeneg_sh17_000202.jpg,0
ppeneg_sh17_003070.jpg,0
ppeneg_sh17_005014.jpg,0
ppeneg_sh17_001766.jpg,0
ppeneg_sh17_002346.jpg,0
ppeneg_sh17_008429.jpg,0
ppeneg_sh17_000394.jpg,0
ppeneg_sh17_009307.jpg,0
ppeneg_sh17_004466.jpg,0
ppeneg_sh17_008704.jpg,0
ppeneg_sh17_011346.jpg,0
ppeneg_sh17_005456.jpg,0
ppeneg_sh17_011020.jpg,0
ppeneg_sh17_000383.jpg,0
ppeneg_sh17_008438.jpg,0
ppeneg_sh17_013089.jpg,0
ppeneg_sh17_009800.jpg,0
ppeneg_sh17_008182.jpg,0
ppeneg_sh17_002138.jpg,0
ppeneg_sh17_009665.jpg,0
ppeneg_sh17_006038.jpg,0
ppeneg_sh17_011323.jpg,0
ppeneg_sh17_013606.jpg,0
ppeneg_sh17_006999.jpg,0
ppeneg_sh17_011917.jpg,0
ppeneg_sh17_009339.jpg,0
ppeneg_sh17_003177.jpg,0
ppeneg_sh17_009416.jpg,0
ppeneg_sh17_003081.jpg,0
ppeneg_sh17_007817.jpg,0
ppeneg_sh17_009071.jpg,0
ppeneg_sh17_006114.jpg,0
ppeneg_sh17_007452.jpg,0
ppeneg_sh17_012433.jpg,0
ppeneg_sh17_012237.jpg,0
ppeneg_sh17_001995.jpg,0
ppeneg_sh17_013281.jpg,0
ppeneg_sh17_008133.jpg,0
ppeneg_sh17_004667.jpg,0
ppeneg_sh17_013239.jpg,0
ppeneg_sh17_002417.jpg,0
ppeneg_sh17_004367.jpg,0
ppeneg_sh17_012857.jpg,0
ppeneg_sh17_008602.jpg,0
ppeneg_sh17_006108.jpg,0
ppeneg_sh17_011233.jpg,0
ppeneg_sh17_002534.jpg,0
ppeneg_sh17_000456.jpg,0
ppeneg_sh17_007984.jpg,0
ppeneg_sh17_006346.jpg,0
ppeneg_sh17_013221.jpg,0
ppeneg_sh17_007933.jpg,0
ppeneg_sh17_006049.jpg,0
ppeneg_sh17_004305.jpg,0
ppeneg_sh17_004540.jpg,0
ppeneg_sh17_007687.jpg,0
ppeneg_sh17_003414.jpg,0
ppeneg_sh17_003278.jpg,0
ppeneg_sh17_011721.jpg,0
ppeneg_sh17_005528.jpg,0
ppeneg_sh17_005523.jpg,0
ppeneg_sh17_005877.jpg,0
ppeneg_sh17_010519.jpg,0
ppeneg_sh17_008961.jpg,0
ppeneg_sh17_012986.jpg,0
ppeneg_sh17_001276.jpg,0
ppeneg_sh17_000838.jpg,0
ppeneg_sh17_000414.jpg,0
ppeneg_sh17_006729.jpg,0
ppeneg_sh17_011813.jpg,0
ppeneg_sh17_005107.jpg,0
ppeneg_sh17_009302.jpg,0
ppeneg_sh17_004971.jpg,0
ppeneg_sh17_009003.jpg,0
ppeneg_sh17_008887.jpg,0
ppeneg_sh17_009638.jpg,0
ppeneg_sh17_004948.jpg,0
ppeneg_sh17_000936.jpg,0
ppeneg_sh17_007843.jpg,0
ppeneg_sh17_002836.jpg,0
ppeneg_sh17_000009.jpg,0
ppeneg_sh17_005466.jpg,0
ppeneg_sh17_000019.jpg,0
ppeneg_sh17_009173.jpg,0
ppeneg_sh17_011883.jpg,0
ppeneg_sh17_005706.jpg,0
ppeneg_sh17_001157.jpg,0
ppeneg_sh17_010169.jpg,0
ppeneg_sh17_011511.jpg,0
ppeneg_sh17_013208.jpg,0
ppeneg_sh17_003325.jpg,0
ppeneg_sh17_009555.jpg,0
ppeneg_sh17_002759.jpg,0
ppeneg_sh17_012519.jpg,0
ppeneg_sh17_012630.jpg,0
ppeneg_sh17_010754.jpg,0
ppeneg_sh17_005682.jpg,0
ppeneg_sh17_003512.jpg,0
ppeneg_sh17_008044.jpg,0
ppeneg_sh17_006234.jpg,0
ppeneg_sh17_008463.jpg,0
ppeneg_sh17_013576.jpg,0
ppeneg_sh17_010292.jpg,0
ppeneg_sh17_001413.jpg,0
ppeneg_sh17_012461.jpg,0
ppeneg_sh17_010393.jpg,0
ppeneg_sh17_007316.jpg,0
ppeneg_sh17_010651.jpg,0
ppeneg_sh17_012410.jpg,0
ppeneg_sh17_001838.jpg,0
ppeneg_sh17_004828.jpg,0
ppeneg_sh17_007016.jpg,0
ppeneg_sh17_011229.jpg,0
ppeneg_sh17_002922.jpg,0
ppeneg_sh17_012915.jpg,0
ppeneg_sh17_012938.jpg,0
ppeneg_sh17_012218.jpg,0
ppeneg_sh17_006179.jpg,0
ppeneg_sh17_009291.jpg,0
ppeneg_sh17_010576.jpg,0
ppeneg_sh17_002958.jpg,0
ppeneg_sh17_008623.jpg,0
ppeneg_sh17_007744.jpg,0
ppeneg_sh17_001326.jpg,0
ppeneg_sh17_009634.jpg,0
ppeneg_sh17_006155.jpg,0
ppeneg_sh17_005878.jpg,0
ppeneg_sh17_011970.jpg,0
ppeneg_sh17_004954.jpg,0
ppeneg_sh17_000341.jpg,0
ppeneg_sh17_000559.jpg,0
ppeneg_sh17_006725.jpg,0
ppeneg_sh17_009737.jpg,0
ppeneg_sh17_007176.jpg,0
ppeneg_sh17_006172.jpg,0
ppeneg_sh17_001545.jpg,0
ppeneg_sh17_011811.jpg,0
ppeneg_sh17_010632.jpg,0
ppeneg_sh17_008324.jpg,0
ppeneg_sh17_008781.jpg,0
ppeneg_sh17_005670.jpg,0
ppeneg_sh17_002598.jpg,0
ppeneg_sh17_006390.jpg,0
ppeneg_sh17_004470.jpg,0
ppeneg_sh17_013754.jpg,0
ppeneg_sh17_001097.jpg,0
ppeneg_sh17_011899.jpg,0
ppeneg_sh17_002083.jpg,0
ppeneg_sh17_005704.jpg,0
ppeneg_sh17_002545.jpg,0
ppeneg_sh17_003455.jpg,0
ppeneg_sh17_012666.jpg,0
ppeneg_sh17_011218.jpg,0
ppeneg_sh17_006901.jpg,0
ppeneg_sh17_003674.jpg,0
ppeneg_sh17_001080.jpg,0
ppeneg_sh17_009951.jpg,0
ppeneg_sh17_010034.jpg,0
ppeneg_sh17_002513.jpg,0
ppeneg_sh17_009943.jpg,0
ppeneg_sh17_013038.jpg,0
ppeneg_sh17_007668.jpg,0
ppeneg_sh17_010717.jpg,0
ppeneg_sh17_005796.jpg,0
ppeneg_sh17_013721.jpg,0
ppeneg_sh17_011370.jpg,0
ppeneg_sh17_010664.jpg,0
ppeneg_sh17_006029.jpg,0
ppeneg_sh17_005935.jpg,0
ppeneg_sh17_004620.jpg,0
ppeneg_sh17_009886.jpg,0
ppeneg_sh17_009120.jpg,0
ppeneg_sh17_008171.jpg,0
ppeneg_sh17_002355.jpg,0
ppeneg_sh17_010948.jpg,0
ppeneg_sh17_001570.jpg,0
ppeneg_sh17_005962.jpg,0
ppeneg_sh17_012911.jpg,0
ppeneg_sh17_010765.jpg,0
ppeneg_sh17_012371.jpg,0
ppeneg_sh17_005597.jpg,0
ppeneg_sh17_006808.jpg,0
ppeneg_sh17_000694.jpg,0
ppeneg_sh17_000769.jpg,0
ppeneg_sh17_007301.jpg,0
ppeneg_sh17_012333.jpg,0
ppeneg_sh17_003779.jpg,0
ppeneg_sh17_007624.jpg,0
ppeneg_sh17_010556.jpg,0
ppeneg_sh17_013086.jpg,0
ppeneg_sh17_005240.jpg,0
ppeneg_sh17_003186.jpg,0
ppeneg_sh17_003641.jpg,0
ppeneg_sh17_010406.jpg,0
ppeneg_sh17_004356.jpg,0
ppeneg_sh17_008786.jpg,0
ppeneg_sh17_003544.jpg,0
ppeneg_sh17_004436.jpg,0
ppeneg_sh17_008676.jpg,0
ppeneg_sh17_002768.jpg,0
ppeneg_sh17_010138.jpg,0
ppeneg_sh17_006589.jpg,0
ppeneg_sh17_002024.jpg,0
ppeneg_sh17_008588.jpg,0
ppeneg_sh17_008037.jpg,0
ppeneg_sh17_007714.jpg,0
ppeneg_sh17_002215.jpg,0
ppeneg_sh17_002752.jpg,0
ppeneg_sh17_001596.jpg,0
ppeneg_sh17_000817.jpg,0
ppeneg_sh17_013047.jpg,0
ppeneg_sh17_002140.jpg,0
ppeneg_sh17_002108.jpg,0
ppeneg_sh17_010686.jpg,0
ppeneg_sh17_006137.jpg,0
ppeneg_sh17_013537.jpg,0
ppeneg_sh17_001260.jpg,0
ppeneg_sh17_007959.jpg,0
ppeneg_sh17_010617.jpg,0
ppeneg_sh17_011812.jpg,0
ppeneg_sh17_009034.jpg,0
ppeneg_sh17_003324.jpg,0
ppeneg_sh17_008942.jpg,0
ppeneg_sh17_002698.jpg,0
ppeneg_sh17_012962.jpg,0
ppeneg_sh17_013724.jpg,0
ppeneg_sh17_005091.jpg,0
ppeneg_sh17_005321.jpg,0
ppeneg_sh17_000160.jpg,0
ppeneg_sh17_010461.jpg,0
ppeneg_sh17_011725.jpg,0
ppeneg_sh17_012871.jpg,0
ppeneg_sh17_006689.jpg,0
ppeneg_sh17_004506.jpg,0
ppeneg_sh17_009591.jpg,0
ppeneg_sh17_001165.jpg,0
ppeneg_sh17_005762.jpg,0
ppeneg_sh17_008075.jpg,0
ppeneg_sh17_005882.jpg,0
ppeneg_sh17_008681.jpg,0
ppeneg_sh17_005949.jpg,0
ppeneg_sh17_004566.jpg,0
ppeneg_sh17_013019.jpg,0
ppeneg_sh17_011824.jpg,0
ppeneg_sh17_009344.jpg,0
ppeneg_sh17_004109.jpg,0
ppeneg_sh17_002182.jpg,0
ppeneg_sh17_002158.jpg,0
ppeneg_sh17_000392.jpg,0
ppeneg_sh17_009287.jpg,0
ppeneg_sh17_004280.jpg,0
ppeneg_sh17_006464.jpg,0
ppeneg_sh17_006230.jpg,0
ppeneg_sh17_010505.jpg,0
ppeneg_sh17_007808.jpg,0
ppeneg_sh17_013186.jpg,0
ppeneg_sh17_009092.jpg,0
ppeneg_sh17_010188.jpg,0
ppeneg_sh17_007763.jpg,0
ppeneg_sh17_000006.jpg,0
ppeneg_sh17_003406.jpg,0
ppeneg_sh17_009850.jpg,0
ppeneg_sh17_004025.jpg,0
ppeneg_sh17_006414.jpg,0
ppeneg_sh17_000570.jpg,0
ppeneg_sh17_000605.jpg,0
ppeneg_sh17_008236.jpg,0
ppeneg_sh17_006740.jpg,0
ppeneg_sh17_001936.jpg,0
ppeneg_sh17_012798.jpg,0
ppeneg_sh17_007462.jpg,0
ppeneg_sh17_010481.jpg,0
ppeneg_sh17_011200.jpg,0
ppeneg_sh17_004737.jpg,0
ppeneg_sh17_002051.jpg,0
ppeneg_sh17_000324.jpg,0
ppeneg_sh17_007299.jpg,0
ppeneg_sh17_009669.jpg,0
ppeneg_sh17_007618.jpg,0
ppeneg_sh17_013483.jpg,0
ppeneg_sh17_005947.jpg,0
ppeneg_sh17_007651.jpg,0
ppeneg_sh17_009991.jpg,0
ppeneg_sh17_002048.jpg,0
ppeneg_sh17_006317.jpg,0
ppeneg_sh17_009328.jpg,0
ppeneg_sh17_001631.jpg,0
ppeneg_sh17_007057.jpg,0
ppeneg_sh17_005422.jpg,0
ppeneg_sh17_004353.jpg,0
ppeneg_sh17_009052.jpg,0
ppeneg_sh17_001201.jpg,0
ppeneg_sh17_003823.jpg,0
ppeneg_sh17_012711.jpg,0
ppeneg_sh17_001309.jpg,0
ppeneg_sh17_013616.jpg,0
ppeneg_sh17_006446.jpg,0
ppeneg_sh17_003859.jpg,0
ppeneg_sh17_007097.jpg,0
ppeneg_sh17_003409.jpg,0
ppeneg_sh17_009571.jpg,0
ppeneg_sh17_008372.jpg,0
ppeneg_sh17_008408.jpg,0
ppeneg_sh17_005797.jpg,0
ppeneg_sh17_010900.jpg,0
ppeneg_sh17_006610.jpg,0
ppeneg_sh17_008222.jpg,0
ppeneg_sh17_000666.jpg,0
ppeneg_sh17_013526.jpg,0
ppeneg_sh17_002075.jpg,0
ppeneg_sh17_008265.jpg,0
ppeneg_sh17_002455.jpg,0
ppeneg_sh17_012960.jpg,0
ppeneg_sh17_010078.jpg,0
ppeneg_sh17_001183.jpg,0
ppeneg_sh17_003040.jpg,0
ppeneg_sh17_001547.jpg,0
ppeneg_sh17_000498.jpg,0
ppeneg_sh17_008555.jpg,0
ppeneg_sh17_006549.jpg,0
ppeneg_sh17_010182.jpg,0
ppeneg_sh17_013742.jpg,0
ppeneg_sh17_002193.jpg,0
ppeneg_sh17_005923.jpg,0
ppeneg_sh17_003155.jpg,0
ppeneg_sh17_011255.jpg,0
ppeneg_sh17_002572.jpg,0
ppeneg_sh17_003497.jpg,0
ppeneg_sh17_006478.jpg,0
ppeneg_sh17_012527.jpg,0
ppeneg_sh17_004743.jpg,0
ppeneg_sh17_008470.jpg,0
ppeneg_sh17_013183.jpg,0
ppeneg_sh17_005723.jpg,0
ppeneg_sh17_005983.jpg,0
ppeneg_sh17_013143.jpg,0
ppeneg_sh17_010127.jpg,0
ppeneg_sh17_013300.jpg,0
ppeneg_sh17_010737.jpg,0
ppeneg_sh17_009143.jpg,0
ppeneg_sh17_000953.jpg,0
ppeneg_sh17_000710.jpg,0
ppeneg_sh17_010648.jpg,0
ppeneg_sh17_009784.jpg,0
ppeneg_sh17_003076.jpg,0
ppeneg_sh17_010098.jpg,0
ppeneg_sh17_012971.jpg,0
ppeneg_sh17_005953.jpg,0
ppeneg_sh17_011731.jpg,0
ppeneg_sh17_012343.jpg,0
ppeneg_sh17_001199.jpg,0
ppeneg_sh17_001925.jpg,0
ppeneg_sh17_005018.jpg,0
ppeneg_sh17_007492.jpg,0
ppeneg_sh17_001001.jpg,0
ppeneg_sh17_010331.jpg,0
ppeneg_sh17_005698.jpg,0
ppeneg_sh17_008823.jpg,0
ppeneg_sh17_001881.jpg,0
ppeneg_sh17_007473.jpg,0
ppeneg_sh17_012182.jpg,0
ppeneg_sh17_003311.jpg,0
ppeneg_sh17_003326.jpg,0
ppeneg_sh17_008679.jpg,0
ppeneg_sh17_004816.jpg,0
ppeneg_sh17_011711.jpg,0
ppeneg_sh17_010389.jpg,0
ppeneg_sh17_009422.jpg,0
ppeneg_sh17_009325.jpg,0
ppeneg_sh17_011522.jpg,0
ppeneg_sh17_002845.jpg,0
ppeneg_sh17_013718.jpg,0
ppeneg_sh17_003555.jpg,0
ppeneg_sh17_003521.jpg,0
ppeneg_sh17_013497.jpg,0
ppeneg_sh17_003437.jpg,0
ppeneg_sh17_004622.jpg,0
ppeneg_sh17_005768.jpg,0
ppeneg_sh17_007510.jpg,0
ppeneg_sh17_011525.jpg,0
ppeneg_sh17_008131.jpg,0
ppeneg_sh17_006710.jpg,0
ppeneg_sh17_002889.jpg,0
ppeneg_sh17_013745.jpg,0
ppeneg_sh17_004923.jpg,0
ppeneg_sh17_000574.jpg,0
ppeneg_sh17_006469.jpg,0
ppeneg_sh17_001378.jpg,0
ppeneg_sh17_004475.jpg,0
ppeneg_sh17_003826.jpg,0
ppeneg_sh17_013525.jpg,0
ppeneg_sh17_007957.jpg,0
ppeneg_sh17_007904.jpg,0
ppeneg_sh17_009535.jpg,0
ppeneg_sh17_003936.jpg,0
ppeneg_sh17_001637.jpg,0
ppeneg_sh17_002686.jpg,0
ppeneg_sh17_001584.jpg,0
ppeneg_sh17_001704.jpg,0
ppeneg_sh17_003365.jpg,0
ppeneg_sh17_005945.jpg,0
ppeneg_sh17_000213.jpg,0
ppeneg_sh17_005096.jpg,0
ppeneg_sh17_011619.jpg,0
ppeneg_sh17_001259.jpg,0
ppeneg_sh17_003943.jpg,0
ppeneg_sh17_009673.jpg,0
ppeneg_sh17_009948.jpg,0
ppeneg_sh17_008246.jpg,0
ppeneg_sh17_003423.jpg,0
ppeneg_sh17_012788.jpg,0
ppeneg_sh17_008913.jpg,0
ppeneg_sh17_008520.jpg,0
ppeneg_sh17_010012.jpg,0
ppeneg_sh17_010894.jpg,0
ppeneg_sh17_006412.jpg,0
ppeneg_sh17_003791.jpg,0
ppeneg_sh17_001060.jpg,0
ppeneg_sh17_003746.jpg,0
ppeneg_sh17_002120.jpg,0
ppeneg_sh17_012156.jpg,0
ppeneg_sh17_006899.jpg,0
ppeneg_sh17_012212.jpg,0
ppeneg_sh17_011855.jpg,0
ppeneg_sh17_006737.jpg,0
ppeneg_sh17_011354.jpg,0
ppeneg_sh17_004463.jpg,0
ppeneg_sh17_005265.jpg,0
ppeneg_sh17_001553.jpg,0
ppeneg_sh17_001158.jpg,0
ppeneg_sh17_011999.jpg,0
ppeneg_sh17_007209.jpg,0
ppeneg_sh17_011240.jpg,0
ppeneg_sh17_010419.jpg,0
ppeneg_sh17_013346.jpg,0
ppeneg_sh17_006005.jpg,0
ppeneg_sh17_002030.jpg,0
ppeneg_sh17_008057.jpg,0
ppeneg_sh17_006651.jpg,0
ppeneg_sh17_011627.jpg,0
ppeneg_sh17_004460.jpg,0
ppeneg_sh17_006575.jpg,0
ppeneg_sh17_005216.jpg,0
ppeneg_sh17_005662.jpg,0
ppeneg_sh17_005747.jpg,0
ppeneg_sh17_001950.jpg,0
ppeneg_sh17_001112.jpg,0
ppeneg_sh17_010274.jpg,0
ppeneg_sh17_004090.jpg,0
ppeneg_sh17_004462.jpg,0
ppeneg_sh17_004674.jpg,0
ppeneg_sh17_011185.jpg,0
ppeneg_sh17_000799.jpg,0
ppeneg_sh17_005606.jpg,0
ppeneg_sh17_000919.jpg,0
ppeneg_sh17_008376.jpg,0
ppeneg_sh17_007988.jpg,0
ppeneg_sh17_005132.jpg,0
ppeneg_sh17_010962.jpg,0
ppeneg_sh17_006965.jpg,0
ppeneg_sh17_002960.jpg,0
ppeneg_sh17_001836.jpg,0
ppeneg_sh17_005805.jpg,0
ppeneg_sh17_006394.jpg,0
ppeneg_sh17_011896.jpg,0
ppeneg_sh17_003730.jpg,0
ppeneg_sh17_011616.jpg,0
ppeneg_sh17_006396.jpg,0
ppeneg_sh17_007204.jpg,0
ppeneg_sh17_000781.jpg,0
ppeneg_sh17_002671.jpg,0
ppeneg_sh17_008817.jpg,0
ppeneg_sh17_011313.jpg,0
ppeneg_sh17_006522.jpg,0
ppeneg_sh17_003565.jpg,0
ppeneg_sh17_009657.jpg,0
ppeneg_sh17_005331.jpg,0
ppeneg_sh17_000198.jpg,0
ppeneg_sh17_002959.jpg,0
ppeneg_sh17_002137.jpg,0
ppeneg_sh17_013155.jpg,0
ppeneg_sh17_007912.jpg,0
ppeneg_sh17_002613.jpg,0
ppeneg_sh17_005417.jpg,0
ppeneg_sh17_005815.jpg,0
ppeneg_sh17_005015.jpg,0
ppeneg_sh17_003185.jpg,0
ppeneg_sh17_007196.jpg,0
ppeneg_sh17_001873.jpg,0
ppeneg_sh17_011119.jpg,0
ppeneg_sh17_001124.jpg,0
ppeneg_sh17_002555.jpg,0
ppeneg_sh17_009718.jpg,0
ppeneg_sh17_012084.jpg,0
ppeneg_sh17_008670.jpg,0
ppeneg_sh17_008319.jpg,0
ppeneg_sh17_003451.jpg,0
ppeneg_sh17_011993.jpg,0
ppeneg_sh17_005582.jpg,0
ppeneg_sh17_004020.jpg,0
ppeneg_sh17_000124.jpg,0
ppeneg_sh17_002302.jpg,0
ppeneg_sh17_007340.jpg,0
ppeneg_sh17_002857.jpg,0
ppeneg_sh17_002811.jpg,0
ppeneg_sh17_011940.jpg,0
ppeneg_sh17_006205.jpg,0
ppeneg_sh17_003130.jpg,0
ppeneg_sh17_011479.jpg,0
ppeneg_sh17_005989.jpg,0
ppeneg_sh17_004075.jpg,0
ppeneg_sh17_011797.jpg,0
ppeneg_sh17_000903.jpg,0
ppeneg_sh17_005342.jpg,0
ppeneg_sh17_012547.jpg,0
ppeneg_sh17_005757.jpg,0
ppeneg_sh17_004141.jpg,0
ppeneg_sh17_001264.jpg,0
ppeneg_sh17_003754.jpg,0
ppeneg_sh17_000949.jpg,0
ppeneg_sh17_002964.jpg,0
ppeneg_sh17_013701.jpg,0
ppeneg_sh17_004650.jpg,0
ppeneg_sh17_008484.jpg,0
ppeneg_sh17_011387.jpg,0
ppeneg_sh17_011859.jpg,0
ppeneg_sh17_012273.jpg,0
ppeneg_sh17_008566.jpg,0
ppeneg_sh17_010666.jpg,0
ppeneg_sh17_000323.jpg,0
ppeneg_sh17_007857.jpg,0
ppeneg_sh17_001542.jpg,0
ppeneg_sh17_008729.jpg,0
ppeneg_sh17_008088.jpg,0
ppeneg_sh17_013033.jpg,0
ppeneg_sh17_003283.jpg,0
ppeneg_sh17_005027.jpg,0
ppeneg_sh17_006739.jpg,0
ppeneg_sh17_012096.jpg,0
ppeneg_sh17_007134.jpg,0
ppeneg_sh17_012686.jpg,0
ppeneg_sh17_013325.jpg,0
ppeneg_sh17_002736.jpg,0
ppeneg_sh17_009480.jpg,0
ppeneg_sh17_008733.jpg,0
ppeneg_sh17_010589.jpg,0
ppeneg_sh17_006643.jpg,0
ppeneg_sh17_009771.jpg,0
ppeneg_sh17_003179.jpg,0
ppeneg_sh17_000333.jpg,0
ppeneg_sh17_003055.jpg,0
ppeneg_sh17_010223.jpg,0
ppeneg_sh17_006059.jpg,0
ppeneg_sh17_012346.jpg,0
ppeneg_sh17_007548.jpg,0
ppeneg_sh17_013662.jpg,0
ppeneg_sh17_003118.jpg,0
ppeneg_sh17_013568.jpg,0
ppeneg_sh17_000619.jpg,0
ppeneg_sh17_007907.jpg,0
ppeneg_sh17_003276.jpg,0
ppeneg_sh17_008233.jpg,0
ppeneg_sh17_011836.jpg,0
ppeneg_sh17_008295.jpg,0
ppeneg_sh17_003415.jpg,0
ppeneg_sh17_000645.jpg,0
ppeneg_sh17_011543.jpg,0
ppeneg_sh17_000193.jpg,0
ppeneg_sh17_009210.jpg,0
ppeneg_sh17_006566.jpg,0
ppeneg_sh17_009201.jpg,0
ppeneg_sh17_013097.jpg,0
ppeneg_sh17_002500.jpg,0
ppeneg_sh17_009233.jpg,0
ppeneg_sh17_005982.jpg,0
ppeneg_sh17_004229.jpg,0
ppeneg_sh17_002489.jpg,0
ppeneg_sh17_000739.jpg,0
ppeneg_sh17_001572.jpg,0
ppeneg_sh17_013304.jpg,0
ppeneg_sh17_011441.jpg,0
ppeneg_sh17_000531.jpg,0
ppeneg_sh17_010153.jpg,0
ppeneg_sh17_008042.jpg,0
ppeneg_sh17_012655.jpg,0
ppeneg_sh17_008242.jpg,0
ppeneg_sh17_011987.jpg,0
ppeneg_sh17_002684.jpg,0
ppeneg_sh17_012005.jpg,0
ppeneg_sh17_001053.jpg,0
ppeneg_sh17_005473.jpg,0
ppeneg_sh17_013266.jpg,0
ppeneg_sh17_003390.jpg,0
ppeneg_sh17_013700.jpg,0
ppeneg_sh17_004738.jpg,0
ppeneg_sh17_003279.jpg,0
ppeneg_sh17_011905.jpg,0
ppeneg_sh17_012296.jpg,0
ppeneg_sh17_002480.jpg,0
ppeneg_sh17_013487.jpg,0
ppeneg_sh17_004264.jpg,0
ppeneg_sh17_010772.jpg,0
ppeneg_sh17_012671.jpg,0
ppeneg_sh17_010743.jpg,0
ppeneg_sh17_010936.jpg,0
ppeneg_sh17_000750.jpg,0
ppeneg_sh17_006692.jpg,0
ppeneg_sh17_007145.jpg,0
ppeneg_sh17_001338.jpg,0
ppeneg_sh17_012321.jpg,0
ppeneg_sh17_012464.jpg,0
ppeneg_sh17_002484.jpg,0
ppeneg_sh17_002035.jpg,0
ppeneg_sh17_006455.jpg,0
ppeneg_sh17_006019.jpg,0
ppeneg_sh17_009400.jpg,0
ppeneg_sh17_008723.jpg,0
ppeneg_sh17_004756.jpg,0
ppeneg_sh17_001462.jpg,0
ppeneg_sh17_005714.jpg,0
ppeneg_sh17_010230.jpg,0
ppeneg_sh17_002695.jpg,0
ppeneg_sh17_008103.jpg,0
ppeneg_sh17_011290.jpg,0
ppeneg_sh17_006918.jpg,0
ppeneg_sh17_000116.jpg,0
ppeneg_sh17_002225.jpg,0
ppeneg_sh17_010727.jpg,0
ppeneg_sh17_002392.jpg,0
ppeneg_sh17_012132.jpg,0
ppeneg_sh17_004117.jpg,0
ppeneg_sh17_012211.jpg,0
ppeneg_sh17_006018.jpg,0
ppeneg_sh17_001092.jpg,0
ppeneg_sh17_000461.jpg,0
ppeneg_sh17_011121.jpg,0
ppeneg_sh17_002617.jpg,0
ppeneg_sh17_009224.jpg,0
ppeneg_sh17_001538.jpg,0
ppeneg_sh17_003628.jpg,0
ppeneg_sh17_000647.jpg,0
ppeneg_sh17_008497.jpg,0
ppeneg_sh17_005405.jpg,0
ppeneg_sh17_003087.jpg,0
ppeneg_sh17_004398.jpg,0
ppeneg_sh17_006853.jpg,0
ppeneg_sh17_007476.jpg,0
ppeneg_sh17_001160.jpg,0
ppeneg_sh17_007183.jpg,0
ppeneg_sh17_008401.jpg,0
ppeneg_sh17_004941.jpg,0
ppeneg_sh17_006981.jpg,0
ppeneg_sh17_007284.jpg,0
ppeneg_sh17_009404.jpg,0
ppeneg_sh17_012000.jpg,0
ppeneg_sh17_005776.jpg,0
ppeneg_sh17_001191.jpg,0
ppeneg_sh17_000090.jpg,0
ppeneg_sh17_007243.jpg,0
ppeneg_sh17_011643.jpg,0
ppeneg_sh17_002708.jpg,0
ppeneg_sh17_000504.jpg,0
ppeneg_sh17_007461.jpg,0
ppeneg_sh17_005842.jpg,0
ppeneg_sh17_004949.jpg,0
ppeneg_sh17_013071.jpg,0
ppeneg_sh17_007889.jpg,0
ppeneg_sh17_004593.jpg,0
ppeneg_sh17_012841.jpg,0
ppeneg_sh17_001367.jpg,0
ppeneg_sh17_013014.jpg,0
ppeneg_sh17_007572.jpg,0
ppeneg_sh17_011938.jpg,0
ppeneg_sh17_007168.jpg,0
ppeneg_sh17_006641.jpg,0
ppeneg_sh17_012545.jpg,0
ppeneg_sh17_007390.jpg,0
ppeneg_sh17_012299.jpg,0
ppeneg_sh17_008175.jpg,0
ppeneg_sh17_003602.jpg,0
ppeneg_sh17_007210.jpg,0
ppeneg_sh17_008444.jpg,0
ppeneg_sh17_007464.jpg,0
ppeneg_sh17_009414.jpg,0
ppeneg_sh17_004960.jpg,0
ppeneg_sh17_006713.jpg,0
ppeneg_sh17_004662.jpg,0
ppeneg_sh17_010991.jpg,0
ppeneg_sh17_002605.jpg,0
ppeneg_sh17_006014.jpg,0
ppeneg_sh17_005639.jpg,0
ppeneg_sh17_004739.jpg,0
ppeneg_sh17_007614.jpg,0
ppeneg_sh17_006090.jpg,0
ppeneg_sh17_002645.jpg,0
ppeneg_sh17_010140.jpg,0
ppeneg_sh17_000263.jpg,0
ppeneg_sh17_003336.jpg,0
ppeneg_sh17_012089.jpg,0
ppeneg_sh17_011524.jpg,0
ppeneg_sh17_006654.jpg,0
ppeneg_sh17_009727.jpg,0
ppeneg_sh17_004557.jpg,0
ppeneg_sh17_002461.jpg,0
ppeneg_sh17_008865.jpg,0
ppeneg_sh17_000403.jpg,0
ppeneg_sh17_005615.jpg,0
ppeneg_sh17_013274.jpg,0
ppeneg_sh17_005280.jpg,0
ppeneg_sh17_007425.jpg,0
ppeneg_sh17_001676.jpg,0
ppeneg_sh17_004967.jpg,0
ppeneg_sh17_002509.jpg,0
ppeneg_sh17_006858.jpg,0
ppeneg_sh17_009268.jpg,0
ppeneg_sh17_004806.jpg,0
ppeneg_sh17_008134.jpg,0
ppeneg_sh17_008699.jpg,0
ppeneg_sh17_001195.jpg,0
ppeneg_sh17_000896.jpg,0
ppeneg_sh17_010944.jpg,0
ppeneg_sh17_002114.jpg,0
ppeneg_sh17_012625.jpg,0
ppeneg_sh17_005591.jpg,0
ppeneg_sh17_011388.jpg,0
ppeneg_sh17_002704.jpg,0
ppeneg_sh17_013451.jpg,0
ppeneg_sh17_001359.jpg,0
ppeneg_sh17_003539.jpg,0
ppeneg_sh17_005986.jpg,0
ppeneg_sh17_005482.jpg,0
ppeneg_sh17_009813.jpg,0
ppeneg_sh17_004952.jpg,0
ppeneg_sh17_008399.jpg,0
ppeneg_sh17_004746.jpg,0
ppeneg_sh17_009464.jpg,0
ppeneg_sh17_003340.jpg,0
ppeneg_sh17_008908.jpg,0
ppeneg_sh17_013087.jpg,0
ppeneg_sh17_009618.jpg,0
ppeneg_sh17_001638.jpg,0
ppeneg_sh17_006274.jpg,0
ppeneg_sh17_001711.jpg,0
ppeneg_sh17_012528.jpg,0
ppeneg_sh17_001610.jpg,0
ppeneg_sh17_012078.jpg,0
ppeneg_sh17_001355.jpg,0
ppeneg_sh17_006152.jpg,0
ppeneg_sh17_002160.jpg,0
ppeneg_sh17_012145.jpg,0
ppeneg_sh17_006614.jpg,0
ppeneg_sh17_006106.jpg,0
ppeneg_sh17_005155.jpg,0
ppeneg_sh17_009925.jpg,0
ppeneg_sh17_006585.jpg,0
ppeneg_sh17_009240.jpg,0
ppeneg_sh17_005494.jpg,0
ppeneg_sh17_012293.jpg,0
ppeneg_sh17_000967.jpg,0
ppeneg_sh17_011973.jpg,0
ppeneg_sh17_001252.jpg,0
ppeneg_sh17_002003.jpg,0
ppeneg_sh17_005832.jpg,0
ppeneg_sh17_008228.jpg,0
ppeneg_sh17_008312.jpg,0
ppeneg_sh17_005269.jpg,0
ppeneg_sh17_005504.jpg,0
ppeneg_sh17_006655.jpg,0
ppeneg_sh17_008272.jpg,0
ppeneg_sh17_001451.jpg,0
ppeneg_sh17_009058.jpg,0
ppeneg_sh17_007736.jpg,0
ppeneg_sh17_001880.jpg,0
ppeneg_sh17_006544.jpg,0
ppeneg_sh17_011631.jpg,0
ppeneg_sh17_004749.jpg,0
ppeneg_sh17_010777.jpg,0
ppeneg_sh17_001307.jpg,0
ppeneg_sh17_007832.jpg,0
ppeneg_sh17_011145.jpg,0
ppeneg_sh17_000979.jpg,0
ppeneg_sh17_006413.jpg,0
ppeneg_sh17_000175.jpg,0
ppeneg_sh17_012042.jpg,0
ppeneg_sh17_009235.jpg,0
ppeneg_sh17_007417.jpg,0
ppeneg_sh17_013238.jpg,0
ppeneg_sh17_001262.jpg,0
ppeneg_sh17_009650.jpg,0
ppeneg_sh17_010639.jpg,0
ppeneg_sh17_011475.jpg,0
ppeneg_sh17_010226.jpg,0
ppeneg_sh17_007646.jpg,0
ppeneg_sh17_000038.jpg,0
ppeneg_sh17_006978.jpg,0
ppeneg_sh17_003175.jpg,0
ppeneg_sh17_001973.jpg,0
ppeneg_sh17_001831.jpg,0
ppeneg_sh17_001494.jpg,0
ppeneg_sh17_004396.jpg,0
ppeneg_sh17_012465.jpg,0
ppeneg_sh17_001185.jpg,0
ppeneg_sh17_003220.jpg,0
ppeneg_sh17_009049.jpg,0
ppeneg_sh17_008554.jpg,0
ppeneg_sh17_005221.jpg,0
ppeneg_sh17_003939.jpg,0
ppeneg_sh17_012688.jpg,0
ppeneg_sh17_002615.jpg,0
ppeneg_sh17_008648.jpg,0
ppeneg_sh17_013390.jpg,0
ppeneg_sh17_003585.jpg,0
ppeneg_sh17_005968.jpg,0
ppeneg_sh17_002446.jpg,0
ppeneg_sh17_008342.jpg,0
ppeneg_sh17_003187.jpg,0
ppeneg_sh17_000272.jpg,0
ppeneg_sh17_009047.jpg,0
ppeneg_sh17_013730.jpg,0
ppeneg_sh17_007982.jpg,0
ppeneg_sh17_007727.jpg,0
ppeneg_sh17_000418.jpg,0
ppeneg_sh17_006599.jpg,0
ppeneg_sh17_012815.jpg,0
ppeneg_sh17_002039.jpg,0
ppeneg_sh17_008740.jpg,0
ppeneg_sh17_013567.jpg,0
ppeneg_sh17_009797.jpg,0
ppeneg_sh17_006577.jpg,0
ppeneg_sh17_007277.jpg,0
ppeneg_sh17_009427.jpg,0
ppeneg_sh17_012199.jpg,0
ppeneg_sh17_004171.jpg,0
ppeneg_sh17_009316.jpg,0
ppeneg_sh17_012188.jpg,0
ppeneg_sh17_005919.jpg,0
ppeneg_sh17_005148.jpg,0
ppeneg_sh17_005610.jpg,0
ppeneg_sh17_009450.jpg,0
ppeneg_sh17_002174.jpg,0
ppeneg_sh17_011359.jpg,0
ppeneg_sh17_010026.jpg,0
ppeneg_sh17_005733.jpg,0
ppeneg_sh17_011009.jpg,0
ppeneg_sh17_008816.jpg,0
ppeneg_sh17_005051.jpg,0
ppeneg_sh17_008027.jpg,0
ppeneg_sh17_008153.jpg,0
ppeneg_sh17_005668.jpg,0
ppeneg_sh17_010183.jpg,0
ppeneg_sh17_003892.jpg,0
ppeneg_sh17_013062.jpg,0
ppeneg_sh17_002166.jpg,0
ppeneg_sh17_010554.jpg,0
ppeneg_sh17_007609.jpg,0
ppeneg_sh17_012849.jpg,0
ppeneg_sh17_005756.jpg,0
ppeneg_sh17_011131.jpg,0
ppeneg_sh17_002537.jpg,0
ppeneg_sh17_003524.jpg,0
ppeneg_sh17_000976.jpg,0
ppeneg_sh17_011554.jpg,0
ppeneg_sh17_011559.jpg,0
ppeneg_sh17_007739.jpg,0
ppeneg_sh17_002304.jpg,0
ppeneg_sh17_004235.jpg,0
ppeneg_sh17_005332.jpg,0
ppeneg_sh17_004936.jpg,0
ppeneg_sh17_010084.jpg,0
ppeneg_sh17_002656.jpg,0
ppeneg_sh17_010303.jpg,0
ppeneg_sh17_003960.jpg,0
ppeneg_sh17_000563.jpg,0
ppeneg_sh17_003797.jpg,0
ppeneg_sh17_002809.jpg,0
ppeneg_sh17_004546.jpg,0
ppeneg_sh17_009843.jpg,0
ppeneg_sh17_006163.jpg,0
ppeneg_sh17_001643.jpg,0
ppeneg_sh17_004147.jpg,0
ppeneg_sh17_000768.jpg,0
ppeneg_sh17_007475.jpg,0
ppeneg_sh17_000636.jpg,0
ppeneg_sh17_004605.jpg,0
ppeneg_sh17_013265.jpg,0
ppeneg_sh17_004851.jpg,0
ppeneg_sh17_001471.jpg,0
ppeneg_sh17_010961.jpg,0
ppeneg_sh17_003988.jpg,0
ppeneg_sh17_002317.jpg,0
ppeneg_sh17_009511.jpg,0
ppeneg_sh17_013725.jpg,0
ppeneg_sh17_001045.jpg,0
ppeneg_sh17_003911.jpg,0
ppeneg_sh17_001424.jpg,0
ppeneg_sh17_002320.jpg,0
ppeneg_sh17_004659.jpg,0
ppeneg_sh17_000480.jpg,0
ppeneg_sh17_008682.jpg,0
ppeneg_sh17_001630.jpg,0
ppeneg_sh17_010260.jpg,0
ppeneg_sh17_002681.jpg,0
ppeneg_sh17_004777.jpg,0
ppeneg_sh17_011344.jpg,0
ppeneg_sh17_012064.jpg,0
ppeneg_sh17_001956.jpg,0
ppeneg_sh17_008397.jpg,0
ppeneg_sh17_013614.jpg,0
ppeneg_sh17_005865.jpg,0
ppeneg_sh17_011687.jpg,0
ppeneg_sh17_003194.jpg,0
ppeneg_sh17_005227.jpg,0
ppeneg_sh17_012452.jpg,0
ppeneg_sh17_004661.jpg,0
ppeneg_sh17_009642.jpg,0
ppeneg_sh17_001491.jpg,0
ppeneg_sh17_006879.jpg,0
ppeneg_sh17_008141.jpg,0
ppeneg_sh17_007053.jpg,0
ppeneg_sh17_007520.jpg,0
ppeneg_sh17_012669.jpg,0
ppeneg_sh17_008149.jpg,0
ppeneg_sh17_001057.jpg,0
ppeneg_sh17_000028.jpg,0
ppeneg_sh17_012759.jpg,0
ppeneg_sh17_008009.jpg,0
ppeneg_sh17_008647.jpg,0
ppeneg_sh17_006596.jpg,0
ppeneg_sh17_013609.jpg,0
ppeneg_sh17_004189.jpg,0
ppeneg_sh17_011098.jpg,0
ppeneg_sh17_002582.jpg,0
ppeneg_sh17_005109.jpg,0
ppeneg_sh17_013578.jpg,0
ppeneg_sh17_000455.jpg,0
ppeneg_sh17_009939.jpg,0
ppeneg_sh17_001830.jpg,0
ppeneg_sh17_011003.jpg,0
ppeneg_sh17_000265.jpg,0
ppeneg_sh17_001343.jpg,0
ppeneg_sh17_007185.jpg,0
ppeneg_sh17_007855.jpg,0
ppeneg_sh17_010384.jpg,0
ppeneg_sh17_003110.jpg,0
ppeneg_sh17_004360.jpg,0
ppeneg_sh17_013246.jpg,0
ppeneg_sh17_011632.jpg,0
ppeneg_sh17_007888.jpg,0
ppeneg_sh17_011744.jpg,0
ppeneg_sh17_000871.jpg,0
ppeneg_sh17_006700.jpg,0
ppeneg_sh17_007517.jpg,0
ppeneg_sh17_012897.jpg,0
ppeneg_sh17_010184.jpg,0
ppeneg_sh17_007506.jpg,0
ppeneg_sh17_009655.jpg,0
ppeneg_sh17_013538.jpg,0
ppeneg_sh17_001074.jpg,0
ppeneg_sh17_012534.jpg,0
ppeneg_sh17_013426.jpg,0
ppeneg_sh17_010902.jpg,0
ppeneg_sh17_003705.jpg,0
ppeneg_sh17_011029.jpg,0
ppeneg_sh17_010720.jpg,0
ppeneg_sh17_003569.jpg,0
ppeneg_sh17_003257.jpg,0
ppeneg_sh17_001173.jpg,0
ppeneg_sh17_012467.jpg,0
ppeneg_sh17_011974.jpg,0
ppeneg_sh17_007689.jpg,0
ppeneg_sh17_005185.jpg,0
ppeneg_sh17_013620.jpg,0
ppeneg_sh17_000421.jpg,0
ppeneg_sh17_010464.jpg,0
ppeneg_sh17_009965.jpg,0
ppeneg_sh17_010254.jpg,0
ppeneg_sh17_010040.jpg,0
ppeneg_sh17_013283.jpg,0
ppeneg_sh17_010341.jpg,0
ppeneg_sh17_004845.jpg,0
ppeneg_sh17_010918.jpg,0
ppeneg_sh17_002343.jpg,0
ppeneg_sh17_002410.jpg,0
ppeneg_sh17_012327.jpg,0
ppeneg_sh17_011972.jpg,0
ppeneg_sh17_011572.jpg,0
ppeneg_sh17_013714.jpg,0
ppeneg_sh17_002450.jpg,0
ppeneg_sh17_013243.jpg,0
ppeneg_sh17_008359.jpg,0
ppeneg_sh17_013613.jpg,0
ppeneg_sh17_005764.jpg,0
ppeneg_sh17_010792.jpg,0
ppeneg_sh17_008036.jpg,0
ppeneg_sh17_010370.jpg,0
ppeneg_sh17_001820.jpg,0
ppeneg_sh17_001437.jpg,0
ppeneg_sh17_012852.jpg,0
ppeneg_sh17_013476.jpg,0
ppeneg_sh17_003111.jpg,0
ppeneg_sh17_012116.jpg,0
ppeneg_sh17_013502.jpg,0
ppeneg_sh17_009081.jpg,0
ppeneg_sh17_004848.jpg,0
ppeneg_sh17_004445.jpg,0
ppeneg_sh17_009456.jpg,0
ppeneg_sh17_006631.jpg,0
ppeneg_sh17_000320.jpg,0
ppeneg_sh17_011457.jpg,0
ppeneg_sh17_011452.jpg,0
ppeneg_sh17_011045.jpg,0
ppeneg_sh17_001294.jpg,0
ppeneg_sh17_011289.jpg,0
ppeneg_sh17_004740.jpg,0
ppeneg_sh17_003869.jpg,0
ppeneg_sh17_013430.jpg,0
ppeneg_sh17_007275.jpg,0
ppeneg_sh17_010525.jpg,0
ppeneg_sh17_003865.jpg,0
ppeneg_sh17_010523.jpg,0
ppeneg_sh17_012728.jpg,0
ppeneg_sh17_006672.jpg,0
ppeneg_sh17_008537.jpg,0
ppeneg_sh17_008099.jpg,0
ppeneg_sh17_008511.jpg,0
ppeneg_sh17_013327.jpg,0
ppeneg_sh17_002532.jpg,0
ppeneg_sh17_009710.jpg,0
ppeneg_sh17_005248.jpg,0
ppeneg_sh17_008677.jpg,0
ppeneg_sh17_009023.jpg,0
ppeneg_sh17_008624.jpg,0
ppeneg_sh17_010277.jpg,0
ppeneg_sh17_011846.jpg,0
ppeneg_sh17_009116.jpg,0
ppeneg_sh17_008998.jpg,0
ppeneg_sh17_009534.jpg,0
ppeneg_sh17_004907.jpg,0
ppeneg_sh17_002294.jpg,0
ppeneg_sh17_011840.jpg,0
ppeneg_sh17_011932.jpg,0
ppeneg_sh17_002231.jpg,0
ppeneg_sh17_000301.jpg,0
ppeneg_sh17_004390.jpg,0
ppeneg_sh17_002200.jpg,0
ppeneg_sh17_004725.jpg,0
ppeneg_sh17_005673.jpg,0
ppeneg_sh17_003968.jpg,0
ppeneg_sh17_003581.jpg,0
ppeneg_sh17_013321.jpg,0
ppeneg_sh17_008777.jpg,0
ppeneg_sh17_004437.jpg,0
ppeneg_sh17_001787.jpg,0
ppeneg_sh17_009013.jpg,0
ppeneg_sh17_008539.jpg,0
ppeneg_sh17_011247.jpg,0
ppeneg_sh17_003243.jpg,0
ppeneg_sh17_001358.jpg,0
ppeneg_sh17_008154.jpg,0
ppeneg_sh17_008163.jpg,0
ppeneg_sh17_002679.jpg,0
ppeneg_sh17_007746.jpg,0
ppeneg_sh17_002376.jpg,0
ppeneg_sh17_012698.jpg,0
ppeneg_sh17_012708.jpg,0
ppeneg_sh17_001328.jpg,0
ppeneg_sh17_000515.jpg,0
ppeneg_sh17_004831.jpg,0
ppeneg_sh17_003383.jpg,0
ppeneg_sh17_013650.jpg,0
ppeneg_sh17_012870.jpg,0
ppeneg_sh17_012906.jpg,0
ppeneg_sh17_000542.jpg,0
ppeneg_sh17_000840.jpg,0
ppeneg_sh17_003413.jpg,0
ppeneg_sh17_012384.jpg,0
ppeneg_sh17_004865.jpg,0
ppeneg_sh17_012075.jpg,0
ppeneg_sh17_000219.jpg,0
ppeneg_sh17_000547.jpg,0
ppeneg_sh17_008797.jpg,0
ppeneg_sh17_003265.jpg,0
ppeneg_sh17_009444.jpg,0
ppeneg_sh17_009745.jpg,0
ppeneg_sh17_003703.jpg,0
ppeneg_sh17_010408.jpg,0
ppeneg_sh17_006216.jpg,0
ppeneg_sh17_009839.jpg,0
ppeneg_sh17_010855.jpg,0
ppeneg_sh17_004804.jpg,0
ppeneg_sh17_004199.jpg,0
ppeneg_sh17_010769.jpg,0
ppeneg_sh17_006908.jpg,0
ppeneg_sh17_003714.jpg,0
ppeneg_sh17_013685.jpg,0
ppeneg_sh17_009022.jpg,0
ppeneg_sh17_011382.jpg,0
ppeneg_sh17_006686.jpg,0
ppeneg_sh17_001245.jpg,0
ppeneg_sh17_000655.jpg,0
ppeneg_sh17_001182.jpg,0
ppeneg_sh17_012329.jpg,0
ppeneg_sh17_012523.jpg,0
ppeneg_sh17_008935.jpg,0
ppeneg_sh17_012535.jpg,0
ppeneg_sh17_010018.jpg,0
ppeneg_sh17_011658.jpg,0
ppeneg_sh17_003588.jpg,0
ppeneg_sh17_000037.jpg,0
ppeneg_sh17_008599.jpg,0
ppeneg_sh17_009640.jpg,0
ppeneg_sh17_002281.jpg,0
ppeneg_sh17_010376.jpg,0
ppeneg_sh17_010719.jpg,0
ppeneg_sh17_009719.jpg,0
ppeneg_sh17_006344.jpg,0
ppeneg_sh17_000680.jpg,0
ppeneg_sh17_000082.jpg,0
ppeneg_sh17_006600.jpg,0
ppeneg_sh17_012773.jpg,0
ppeneg_sh17_004562.jpg,0
ppeneg_sh17_004874.jpg,0
ppeneg_sh17_002432.jpg,0
ppeneg_sh17_011795.jpg,0
ppeneg_sh17_009982.jpg,0
ppeneg_sh17_005171.jpg,0
ppeneg_sh17_009467.jpg,0
ppeneg_sh17_012369.jpg,0
ppeneg_sh17_002542.jpg,0
ppeneg_sh17_011086.jpg,0
ppeneg_sh17_001666.jpg,0
ppeneg_sh17_013079.jpg,0
ppeneg_sh17_002463.jpg,0
ppeneg_sh17_003591.jpg,0
ppeneg_sh17_002267.jpg,0
ppeneg_sh17_006514.jpg,0
ppeneg_sh17_006919.jpg,0
ppeneg_sh17_004455.jpg,0
ppeneg_sh17_008094.jpg,0
ppeneg_sh17_008168.jpg,0
ppeneg_sh17_000105.jpg,0
ppeneg_sh17_012428.jpg,0
ppeneg_sh17_002052.jpg,0
ppeneg_sh17_011012.jpg,0
ppeneg_sh17_011362.jpg,0
ppeneg_sh17_006551.jpg,0
ppeneg_sh17_003346.jpg,0
ppeneg_sh17_001799.jpg,0
ppeneg_sh17_013213.jpg,0
ppeneg_sh17_007992.jpg,0
ppeneg_sh17_004116.jpg,0
ppeneg_sh17_001793.jpg,0
ppeneg_sh17_011635.jpg,0
ppeneg_sh17_010598.jpg,0
ppeneg_sh17_003163.jpg,0
ppeneg_sh17_000429.jpg,0
ppeneg_sh17_007107.jpg,0
ppeneg_sh17_000404.jpg,0
ppeneg_sh17_010176.jpg,0
ppeneg_sh17_009028.jpg,0
ppeneg_sh17_012639.jpg,0
ppeneg_sh17_010142.jpg,0
ppeneg_sh17_006237.jpg,0
ppeneg_sh17_003749.jpg,0
ppeneg_sh17_010410.jpg,0
ppeneg_sh17_011276.jpg,0
ppeneg_sh17_010957.jpg,0
ppeneg_sh17_006849.jpg,0
ppeneg_sh17_006830.jpg,0
ppeneg_sh17_009151.jpg,0
ppeneg_sh17_001393.jpg,0
ppeneg_sh17_000869.jpg,0
ppeneg_sh17_001736.jpg,0
ppeneg_sh17_004421.jpg,0
ppeneg_sh17_003424.jpg,0
ppeneg_sh17_013706.jpg,0
ppeneg_sh17_012684.jpg,0
ppeneg_sh17_007717.jpg,0
ppeneg_sh17_005059.jpg,0
ppeneg_sh17_009864.jpg,0
ppeneg_sh17_004019.jpg,0
ppeneg_sh17_006690.jpg,0
ppeneg_sh17_013683.jpg,0
ppeneg_sh17_001306.jpg,0
ppeneg_sh17_010851.jpg,0
ppeneg_sh17_004947.jpg,0
ppeneg_sh17_005875.jpg,0
ppeneg_sh17_007314.jpg,0
ppeneg_sh17_008187.jpg,0
ppeneg_sh17_010774.jpg,0
ppeneg_sh17_007999.jpg,0
ppeneg_sh17_005851.jpg,0
ppeneg_sh17_009324.jpg,0
ppeneg_sh17_006290.jpg,0
ppeneg_sh17_006436.jpg,0
ppeneg_sh17_004425.jpg,0
ppeneg_sh17_011302.jpg,0
ppeneg_sh17_004728.jpg,0
ppeneg_sh17_009763.jpg,0
ppeneg_sh17_009006.jpg,0
ppeneg_sh17_005660.jpg,0
ppeneg_sh17_005703.jpg,0
ppeneg_sh17_011636.jpg,0
ppeneg_sh17_010822.jpg,0
ppeneg_sh17_009247.jpg,0
ppeneg_sh17_000065.jpg,0
ppeneg_sh17_013652.jpg,0
ppeneg_sh17_001189.jpg,0
ppeneg_sh17_003083.jpg,0
ppeneg_sh17_001944.jpg,0
ppeneg_sh17_001415.jpg,0
ppeneg_sh17_008475.jpg,0
ppeneg_sh17_004827.jpg,0
ppeneg_sh17_000337.jpg,0
ppeneg_sh17_008148.jpg,0
ppeneg_sh17_000521.jpg,0
ppeneg_sh17_009264.jpg,0
ppeneg_sh17_002938.jpg,0
ppeneg_sh17_000932.jpg,0
ppeneg_sh17_001958.jpg,0
ppeneg_sh17_011582.jpg,0
ppeneg_sh17_002562.jpg,0
ppeneg_sh17_007039.jpg,0
ppeneg_sh17_008338.jpg,0
ppeneg_sh17_009107.jpg,0
ppeneg_sh17_009204.jpg,0
ppeneg_sh17_012602.jpg,0
ppeneg_sh17_007437.jpg,0
ppeneg_sh17_005539.jpg,0
ppeneg_sh17_000126.jpg,0
ppeneg_sh17_008206.jpg,0
ppeneg_sh17_009096.jpg,0
ppeneg_sh17_010803.jpg,0
ppeneg_sh17_006028.jpg,0
ppeneg_sh17_012799.jpg,0
ppeneg_sh17_013610.jpg,0
ppeneg_sh17_005167.jpg,0
ppeneg_sh17_008162.jpg,0
ppeneg_sh17_000519.jpg,0
ppeneg_sh17_011102.jpg,0
ppeneg_sh17_013437.jpg,0
ppeneg_sh17_005684.jpg,0
ppeneg_sh17_003266.jpg,0
ppeneg_sh17_006907.jpg,0
ppeneg_sh17_000319.jpg,0
ppeneg_sh17_013468.jpg,0
ppeneg_sh17_009308.jpg,0
ppeneg_sh17_000290.jpg,0
ppeneg_sh17_010758.jpg,0
ppeneg_sh17_004534.jpg,0
ppeneg_sh17_005421.jpg,0
ppeneg_sh17_002469.jpg,0
ppeneg_sh17_013394.jpg,0
ppeneg_sh17_004037.jpg,0
ppeneg_sh17_001266.jpg,0
ppeneg_sh17_013121.jpg,0
ppeneg_sh17_006991.jpg,0
ppeneg_sh17_009891.jpg,0
ppeneg_sh17_002530.jpg,0
ppeneg_sh17_013073.jpg,0
ppeneg_sh17_001520.jpg,0
ppeneg_sh17_011700.jpg,0
ppeneg_sh17_000679.jpg,0
ppeneg_sh17_006165.jpg,0
ppeneg_sh17_008152.jpg,0
ppeneg_sh17_007248.jpg,0
ppeneg_sh17_002940.jpg,0
ppeneg_sh17_013507.jpg,0
ppeneg_sh17_010295.jpg,0
ppeneg_sh17_002965.jpg,0
ppeneg_sh17_007613.jpg,0
ppeneg_sh17_006112.jpg,0
ppeneg_sh17_001898.jpg,0
ppeneg_sh17_008479.jpg,0
ppeneg_sh17_007191.jpg,0
ppeneg_sh17_009440.jpg,0
ppeneg_sh17_007617.jpg,0
ppeneg_sh17_007571.jpg,0
ppeneg_sh17_003483.jpg,0
ppeneg_sh17_002192.jpg,0
ppeneg_sh17_001078.jpg,0
ppeneg_sh17_008275.jpg,0
ppeneg_sh17_005070.jpg,0
ppeneg_sh17_011608.jpg,0
ppeneg_sh17_009083.jpg,0
ppeneg_sh17_004615.jpg,0
ppeneg_sh17_012141.jpg,0
ppeneg_sh17_003753.jpg,0
ppeneg_sh17_013499.jpg,0
ppeneg_sh17_010434.jpg,0
ppeneg_sh17_001004.jpg,0
ppeneg_sh17_005648.jpg,0
ppeneg_sh17_012201.jpg,0
ppeneg_sh17_003558.jpg,0
ppeneg_sh17_004755.jpg,0
ppeneg_sh17_000264.jpg,0
ppeneg_sh17_005198.jpg,0
ppeneg_sh17_005960.jpg,0
ppeneg_sh17_013481.jpg,0
ppeneg_sh17_007034.jpg,0
ppeneg_sh17_004670.jpg,0
ppeneg_sh17_008651.jpg,0
ppeneg_sh17_001280.jpg,0
ppeneg_sh17_001376.jpg,0
ppeneg_sh17_011007.jpg,0
ppeneg_sh17_011810.jpg,0
ppeneg_sh17_007530.jpg,0
ppeneg_sh17_000591.jpg,0
ppeneg_sh17_011111.jpg,0
ppeneg_sh17_011706.jpg,0
ppeneg_sh17_012526.jpg,0
ppeneg_sh17_000129.jpg,0
ppeneg_sh17_013556.jpg,0
ppeneg_sh17_001150.jpg,0
ppeneg_sh17_007731.jpg,0
ppeneg_sh17_011966.jpg,0
ppeneg_sh17_009399.jpg,0
ppeneg_sh17_003298.jpg,0
ppeneg_sh17_005530.jpg,0
ppeneg_sh17_005058.jpg,0
ppeneg_sh17_010950.jpg,0
ppeneg_sh17_007238.jpg,0
ppeneg_sh17_006349.jpg,0
ppeneg_sh17_012925.jpg,0
ppeneg_sh17_007036.jpg,0
ppeneg_sh17_008587.jpg,0
ppeneg_sh17_009754.jpg,0
ppeneg_sh17_012922.jpg,0
ppeneg_sh17_006209.jpg,0
ppeneg_sh17_012431.jpg,0
ppeneg_sh17_012894.jpg,0
ppeneg_sh17_005863.jpg,0
ppeneg_sh17_012785.jpg,0
ppeneg_sh17_011822.jpg,0
ppeneg_sh17_005693.jpg,0
ppeneg_sh17_011318.jpg,0
ppeneg_sh17_009298.jpg,0
ppeneg_sh17_007011.jpg,0
ppeneg_sh17_013478.jpg,0
ppeneg_sh17_010416.jpg,0
ppeneg_sh17_001119.jpg,0
ppeneg_sh17_005420.jpg,0
ppeneg_sh17_007024.jpg,0
ppeneg_sh17_004259.jpg,0
ppeneg_sh17_003064.jpg,0
ppeneg_sh17_006838.jpg,0
ppeneg_sh17_010536.jpg,0
ppeneg_sh17_011224.jpg,0
ppeneg_sh17_010237.jpg,0
ppeneg_sh17_002557.jpg,0
ppeneg_sh17_004198.jpg,0
ppeneg_sh17_009077.jpg,0
ppeneg_sh17_003121.jpg,0
ppeneg_sh17_006166.jpg,0
ppeneg_sh17_007516.jpg,0
ppeneg_sh17_009590.jpg,0
ppeneg_sh17_011513.jpg,0
ppeneg_sh17_012678.jpg,0
ppeneg_sh17_009293.jpg,0
ppeneg_sh17_007523.jpg,0
ppeneg_sh17_006303.jpg,0
ppeneg_sh17_013539.jpg,0
ppeneg_sh17_010253.jpg,0
ppeneg_sh17_007305.jpg,0
ppeneg_sh17_001941.jpg,0
ppeneg_sh17_013203.jpg,0
ppeneg_sh17_003906.jpg,0
ppeneg_sh17_007505.jpg,0
ppeneg_sh17_000354.jpg,0
ppeneg_sh17_010679.jpg,0
ppeneg_sh17_005202.jpg,0
ppeneg_sh17_008046.jpg,0
ppeneg_sh17_004203.jpg,0
ppeneg_sh17_000998.jpg,0
ppeneg_sh17_009684.jpg,0
ppeneg_sh17_010703.jpg,0
ppeneg_sh17_005428.jpg,0
ppeneg_sh17_000350.jpg,0
ppeneg_sh17_013591.jpg,0
ppeneg_sh17_012126.jpg,0
ppeneg_sh17_001790.jpg,0
ppeneg_sh17_012917.jpg,0
ppeneg_sh17_006883.jpg,0
ppeneg_sh17_004067.jpg,0
ppeneg_sh17_002066.jpg,0
ppeneg_sh17_012733.jpg,0
ppeneg_sh17_010073.jpg,0
ppeneg_sh17_004339.jpg,0
ppeneg_sh17_003382.jpg,0
ppeneg_sh17_005017.jpg,0
ppeneg_sh17_008300.jpg,0
ppeneg_sh17_002413.jpg,0
ppeneg_sh17_010566.jpg,0
ppeneg_sh17_003648.jpg,0
ppeneg_sh17_010273.jpg,0
ppeneg_sh17_001395.jpg,0
ppeneg_sh17_007388.jpg,0
ppeneg_sh17_002850.jpg,0
ppeneg_sh17_006579.jpg,0
ppeneg_sh17_009205.jpg,0
ppeneg_sh17_012835.jpg,0
ppeneg_sh17_005189.jpg,0
ppeneg_sh17_012001.jpg,0
ppeneg_sh17_013235.jpg,0
ppeneg_sh17_013377.jpg,0
ppeneg_sh17_008077.jpg,0
ppeneg_sh17_006013.jpg,0
ppeneg_sh17_005073.jpg,0
ppeneg_sh17_002744.jpg,0
ppeneg_sh17_013534.jpg,0
ppeneg_sh17_010075.jpg,0
ppeneg_sh17_001256.jpg,0
ppeneg_sh17_013474.jpg,0
ppeneg_sh17_000171.jpg,0
ppeneg_sh17_005368.jpg,0
ppeneg_sh17_000308.jpg,0
ppeneg_sh17_012136.jpg,0
ppeneg_sh17_011084.jpg,0
ppeneg_sh17_005918.jpg,0
ppeneg_sh17_012502.jpg,0
ppeneg_sh17_009182.jpg,0
ppeneg_sh17_009005.jpg,0
ppeneg_sh17_007575.jpg,0
ppeneg_sh17_000791.jpg,0
ppeneg_sh17_008591.jpg,0
ppeneg_sh17_010600.jpg,0
ppeneg_sh17_000747.jpg,0
ppeneg_sh17_004519.jpg,0
ppeneg_sh17_000284.jpg,0
ppeneg_sh17_007738.jpg,0
ppeneg_sh17_011174.jpg,0
ppeneg_sh17_002614.jpg,0
ppeneg_sh17_000770.jpg,0
ppeneg_sh17_002351.jpg,0
ppeneg_sh17_006268.jpg,0
ppeneg_sh17_011285.jpg,0
ppeneg_sh17_013030.jpg,0
ppeneg_sh17_011674.jpg,0
ppeneg_sh17_011820.jpg,0
ppeneg_sh17_001316.jpg,0
ppeneg_sh17_007750.jpg,0
ppeneg_sh17_010850.jpg,0
ppeneg_sh17_010657.jpg,0
ppeneg_sh17_000992.jpg,0
ppeneg_sh17_002653.jpg,0
ppeneg_sh17_003604.jpg,0
ppeneg_sh17_012496.jpg,0
ppeneg_sh17_012750.jpg,0
ppeneg_sh17_001075.jpg,0
ppeneg_sh17_004542.jpg,0
ppeneg_sh17_009729.jpg,0
ppeneg_sh17_008252.jpg,0
ppeneg_sh17_006309.jpg,0
ppeneg_sh17_008819.jpg,0
ppeneg_sh17_013308.jpg,0
ppeneg_sh17_005552.jpg,0
ppeneg_sh17_009150.jpg,0
ppeneg_sh17_000657.jpg,0
ppeneg_sh17_002085.jpg,0
ppeneg_sh17_013431.jpg,0
ppeneg_sh17_012202.jpg,0
ppeneg_sh17_013580.jpg,0
ppeneg_sh17_012122.jpg,0
ppeneg_sh17_010448.jpg,0
ppeneg_sh17_011589.jpg,0
ppeneg_sh17_011682.jpg,0
ppeneg_sh17_005105.jpg,0
ppeneg_sh17_005656.jpg,0
ppeneg_sh17_013396.jpg,0
ppeneg_sh17_000183.jpg,0
ppeneg_sh17_011271.jpg,0
ppeneg_sh17_005893.jpg,0
ppeneg_sh17_007948.jpg,0
ppeneg_sh17_012100.jpg,0
ppeneg_sh17_005444.jpg,0
ppeneg_sh17_010848.jpg,0
ppeneg_sh17_008383.jpg,0
ppeneg_sh17_007648.jpg,0
ppeneg_sh17_001813.jpg,0
ppeneg_sh17_001887.jpg,0
ppeneg_sh17_004709.jpg,0
ppeneg_sh17_003347.jpg,0
ppeneg_sh17_006417.jpg,0
ppeneg_sh17_013427.jpg,0
ppeneg_sh17_010061.jpg,0
ppeneg_sh17_000471.jpg,0
ppeneg_sh17_007569.jpg,0
ppeneg_sh17_001431.jpg,0
ppeneg_sh17_003761.jpg,0
ppeneg_sh17_010934.jpg,0
ppeneg_sh17_003737.jpg,0
ppeneg_sh17_000302.jpg,0
ppeneg_sh17_003353.jpg,0
ppeneg_sh17_001048.jpg,0
ppeneg_sh17_011424.jpg,0
ppeneg_sh17_006818.jpg,0
ppeneg_sh17_003778.jpg,0
ppeneg_sh17_012128.jpg,0
ppeneg_sh17_002046.jpg,0
ppeneg_sh17_006141.jpg,0
ppeneg_sh17_008762.jpg,0
ppeneg_sh17_005375.jpg,0
ppeneg_sh17_009554.jpg,0
ppeneg_sh17_012653.jpg,0
ppeneg_sh17_009702.jpg,0
ppeneg_sh17_011509.jpg,0
ppeneg_sh17_012949.jpg,0
ppeneg_sh17_008028.jpg,0
ppeneg_sh17_010003.jpg,0
ppeneg_sh17_010940.jpg,0
ppeneg_sh17_007270.jpg,0
ppeneg_sh17_008877.jpg,0
ppeneg_sh17_009437.jpg,0
ppeneg_sh17_008315.jpg,0
ppeneg_sh17_003503.jpg,0
ppeneg_sh17_013188.jpg,0
ppeneg_sh17_000257.jpg,0
ppeneg_sh17_011085.jpg,0
ppeneg_sh17_012693.jpg,0
ppeneg_sh17_010374.jpg,0
ppeneg_sh17_003876.jpg,0
ppeneg_sh17_011850.jpg,0
ppeneg_sh17_009739.jpg,0
ppeneg_sh17_007678.jpg,0
ppeneg_sh17_005674.jpg,0
ppeneg_sh17_008160.jpg,0
ppeneg_sh17_010773.jpg,0
ppeneg_sh17_013473.jpg,0
ppeneg_sh17_010024.jpg,0
ppeneg_sh17_013640.jpg,0
ppeneg_sh17_008685.jpg,0
ppeneg_sh17_001174.jpg,0
ppeneg_sh17_005940.jpg,0
ppeneg_sh17_003576.jpg,0
ppeneg_sh17_004565.jpg,0
ppeneg_sh17_002929.jpg,0
ppeneg_sh17_010518.jpg,0
ppeneg_sh17_001317.jpg,0
ppeneg_sh17_000410.jpg,0
ppeneg_sh17_005406.jpg,0
ppeneg_sh17_007642.jpg,0
ppeneg_sh17_008564.jpg,0
ppeneg_sh17_000096.jpg,0
ppeneg_sh17_007180.jpg,0
ppeneg_sh17_003442.jpg,0
ppeneg_sh17_009664.jpg,0
ppeneg_sh17_013028.jpg,0
ppeneg_sh17_008392.jpg,0
ppeneg_sh17_010038.jpg,0
ppeneg_sh17_012807.jpg,0
ppeneg_sh17_006590.jpg,0
ppeneg_sh17_000384.jpg,0
ppeneg_sh17_013773.jpg,0
ppeneg_sh17_007928.jpg,0
ppeneg_sh17_007214.jpg,0
ppeneg_sh17_011291.jpg,0
ppeneg_sh17_007235.jpg,0
ppeneg_sh17_012707.jpg,0
ppeneg_sh17_008231.jpg,0
ppeneg_sh17_001436.jpg,0
ppeneg_sh17_007971.jpg,0
ppeneg_sh17_007226.jpg,0
ppeneg_sh17_012578.jpg,0
ppeneg_sh17_011462.jpg,0
ppeneg_sh17_002054.jpg,0
ppeneg_sh17_000012.jpg,0
ppeneg_sh17_008630.jpg,0
ppeneg_sh17_010770.jpg,0
ppeneg_sh17_005808.jpg,0
ppeneg_sh17_012551.jpg,0
ppeneg_sh17_008745.jpg,0
ppeneg_sh17_010414.jpg,0
ppeneg_sh17_010114.jpg,0
ppeneg_sh17_004677.jpg,0
ppeneg_sh17_013181.jpg,0
ppeneg_sh17_005846.jpg,0
ppeneg_sh17_005245.jpg,0
ppeneg_sh17_003267.jpg,0
ppeneg_sh17_001501.jpg,0
ppeneg_sh17_012929.jpg,0
ppeneg_sh17_008531.jpg,0
ppeneg_sh17_005338.jpg,0
ppeneg_sh17_011923.jpg,0
ppeneg_sh17_007264.jpg,0
ppeneg_sh17_007038.jpg,0
ppeneg_sh17_005777.jpg,0
ppeneg_sh17_007673.jpg,0
ppeneg_sh17_010492.jpg,0
ppeneg_sh17_002604.jpg,0
ppeneg_sh17_013618.jpg,0
ppeneg_sh17_011675.jpg,0
ppeneg_sh17_001843.jpg,0
ppeneg_sh17_006339.jpg,0
ppeneg_sh17_007549.jpg,0
ppeneg_sh17_003480.jpg,0
ppeneg_sh17_001214.jpg,0
ppeneg_sh17_011450.jpg,0
ppeneg_sh17_011515.jpg,0
ppeneg_sh17_010029.jpg,0
ppeneg_sh17_013444.jpg,0
ppeneg_sh17_001284.jpg,0
ppeneg_sh17_002210.jpg,0
ppeneg_sh17_004146.jpg,0
ppeneg_sh17_013375.jpg,0
ppeneg_sh17_013294.jpg,0
ppeneg_sh17_010626.jpg,0
ppeneg_sh17_006504.jpg,0
ppeneg_sh17_001356.jpg,0
ppeneg_sh17_006719.jpg,0
ppeneg_sh17_012619.jpg,0
ppeneg_sh17_002548.jpg,0
ppeneg_sh17_001064.jpg,0
ppeneg_sh17_011248.jpg,0
ppeneg_sh17_007188.jpg,0
ppeneg_sh17_012701.jpg,0
ppeneg_sh17_008124.jpg,0
ppeneg_sh17_003112.jpg,0
ppeneg_sh17_005287.jpg,0
ppeneg_sh17_006840.jpg,0
ppeneg_sh17_002525.jpg,0
ppeneg_sh17_008684.jpg,0
ppeneg_sh17_004962.jpg,0
ppeneg_sh17_005481.jpg,0
ppeneg_sh17_013045.jpg,0
ppeneg_sh17_011411.jpg,0
ppeneg_sh17_009637.jpg,0
ppeneg_sh17_012186.jpg,0
ppeneg_sh17_001167.jpg,0
ppeneg_sh17_009232.jpg,0
ppeneg_sh17_010417.jpg,0
ppeneg_sh17_003940.jpg,0
ppeneg_sh17_008994.jpg,0
ppeneg_sh17_002518.jpg,0
ppeneg_sh17_006503.jpg,0
ppeneg_sh17_007430.jpg,0
ppeneg_sh17_011830.jpg,0
ppeneg_sh17_004754.jpg,0
ppeneg_sh17_000195.jpg,0
ppeneg_sh17_011606.jpg,0
ppeneg_sh17_011659.jpg,0
ppeneg_sh17_001135.jpg,0
ppeneg_sh17_001942.jpg,0
ppeneg_sh17_008253.jpg,0
ppeneg_sh17_010339.jpg,0
ppeneg_sh17_000931.jpg,0
ppeneg_sh17_010028.jpg,0
ppeneg_sh17_010045.jpg,0
ppeneg_sh17_006947.jpg,0
ppeneg_sh17_003561.jpg,0
ppeneg_sh17_001467.jpg,0
ppeneg_sh17_009847.jpg,0
ppeneg_sh17_012933.jpg,0
ppeneg_sh17_008572.jpg,0
ppeneg_sh17_004532.jpg,0
ppeneg_sh17_004612.jpg,0
ppeneg_sh17_003722.jpg,0
ppeneg_sh17_005856.jpg,0
ppeneg_sh17_010561.jpg,0
ppeneg_sh17_010100.jpg,0
ppeneg_sh17_001741.jpg,0
ppeneg_sh17_004732.jpg,0
ppeneg_sh17_009820.jpg,0
ppeneg_sh17_007703.jpg,0
ppeneg_sh17_007216.jpg,0
ppeneg_sh17_010783.jpg,0
ppeneg_sh17_008501.jpg,0
ppeneg_sh17_000912.jpg,0
ppeneg_sh17_000390.jpg,0
ppeneg_sh17_007993.jpg,0
ppeneg_sh17_005791.jpg,0
ppeneg_sh17_011780.jpg,0
ppeneg_sh17_002125.jpg,0
ppeneg_sh17_006467.jpg,0
ppeneg_sh17_012397.jpg,0
ppeneg_sh17_003014.jpg,0
ppeneg_sh17_008957.jpg,0
ppeneg_sh17_008085.jpg,0
ppeneg_sh17_006144.jpg,0
ppeneg_sh17_007908.jpg,0
ppeneg_sh17_009969.jpg,0
ppeneg_sh17_011701.jpg,0
ppeneg_sh17_002631.jpg,0
ppeneg_sh17_004410.jpg,0
ppeneg_sh17_009731.jpg,0
ppeneg_sh17_006976.jpg,0
ppeneg_sh17_003820.jpg,0
ppeneg_sh17_008794.jpg,0
ppeneg_sh17_002236.jpg,0
ppeneg_sh17_002714.jpg,0
ppeneg_sh17_002531.jpg,0
ppeneg_sh17_000980.jpg,0
ppeneg_sh17_013488.jpg,0
ppeneg_sh17_001563.jpg,0
ppeneg_sh17_012877.jpg,0
ppeneg_sh17_003983.jpg,0
ppeneg_sh17_008546.jpg,0
ppeneg_sh17_008439.jpg,0
ppeneg_sh17_012109.jpg,0
ppeneg_sh17_001347.jpg,0
ppeneg_sh17_001591.jpg,0
ppeneg_sh17_001988.jpg,0
ppeneg_sh17_001677.jpg,0
ppeneg_sh17_009197.jpg,0
ppeneg_sh17_010111.jpg,0
ppeneg_sh17_001346.jpg,0
ppeneg_sh17_006909.jpg,0
ppeneg_sh17_003299.jpg,0
ppeneg_sh17_012070.jpg,0
ppeneg_sh17_002425.jpg,0
ppeneg_sh17_000996.jpg,0
ppeneg_sh17_006582.jpg,0
ppeneg_sh17_002872.jpg,0
ppeneg_sh17_011986.jpg,0
ppeneg_sh17_010382.jpg,0
ppeneg_sh17_002609.jpg,0
ppeneg_sh17_005507.jpg,0
ppeneg_sh17_006597.jpg,0
ppeneg_sh17_012622.jpg,0
ppeneg_sh17_000469.jpg,0
ppeneg_sh17_010109.jpg,0
ppeneg_sh17_003513.jpg,0
ppeneg_sh17_013645.jpg,0
ppeneg_sh17_009238.jpg,0
ppeneg_sh17_000606.jpg,0
ppeneg_sh17_000684.jpg,0
ppeneg_sh17_001006.jpg,0
ppeneg_sh17_013335.jpg,0
ppeneg_sh17_013515.jpg,0
ppeneg_sh17_009950.jpg,0
ppeneg_sh17_009459.jpg,0
ppeneg_sh17_008280.jpg,0
ppeneg_sh17_007401.jpg,0
ppeneg_sh17_000756.jpg,0
ppeneg_sh17_005391.jpg,0
ppeneg_sh17_009415.jpg,0
ppeneg_sh17_013013.jpg,0
ppeneg_sh17_003305.jpg,0
ppeneg_sh17_000575.jpg,0
ppeneg_sh17_010553.jpg,0
ppeneg_sh17_013225.jpg,0
ppeneg_sh17_012934.jpg,0
ppeneg_sh17_009089.jpg,0
ppeneg_sh17_005799.jpg,0
ppeneg_sh17_008018.jpg,0
ppeneg_sh17_013552.jpg,0
ppeneg_sh17_012289.jpg,0
ppeneg_sh17_002447.jpg,0
ppeneg_sh17_009708.jpg,0
ppeneg_sh17_012306.jpg,0
ppeneg_sh17_009492.jpg,0
ppeneg_sh17_001877.jpg,0
ppeneg_sh17_002290.jpg,0
ppeneg_sh17_001767.jpg,0
ppeneg_sh17_008820.jpg,0
ppeneg_sh17_006759.jpg,0
ppeneg_sh17_004636.jpg,0
ppeneg_sh17_012774.jpg,0
ppeneg_sh17_004861.jpg,0
ppeneg_sh17_009732.jpg,0
ppeneg_sh17_000558.jpg,0
ppeneg_sh17_000266.jpg,0
ppeneg_sh17_009312.jpg,0
ppeneg_sh17_012057.jpg,0
ppeneg_sh17_008089.jpg,0
ppeneg_sh17_002949.jpg,0
ppeneg_sh17_006850.jpg,0
ppeneg_sh17_001731.jpg,0
ppeneg_sh17_001919.jpg,0
ppeneg_sh17_001721.jpg,0
ppeneg_sh17_011601.jpg,0
ppeneg_sh17_004377.jpg,0
ppeneg_sh17_011791.jpg,0
ppeneg_sh17_002031.jpg,0
ppeneg_sh17_011316.jpg,0
ppeneg_sh17_008721.jpg,0
ppeneg_sh17_003239.jpg,0
ppeneg_sh17_009734.jpg,0
ppeneg_sh17_001410.jpg,0
ppeneg_sh17_001273.jpg,0
ppeneg_sh17_005811.jpg,0
ppeneg_sh17_009762.jpg,0
ppeneg_sh17_002813.jpg,0
ppeneg_sh17_009114.jpg,0
ppeneg_sh17_010200.jpg,0
ppeneg_sh17_012609.jpg,0
ppeneg_sh17_007693.jpg,0
ppeneg_sh17_006889.jpg,0
ppeneg_sh17_003487.jpg,0
ppeneg_sh17_000801.jpg,0
ppeneg_sh17_001760.jpg,0
ppeneg_sh17_002187.jpg,0
ppeneg_sh17_002286.jpg,0
ppeneg_sh17_004177.jpg,0
ppeneg_sh17_011193.jpg,0
ppeneg_sh17_000883.jpg,0
ppeneg_sh17_001668.jpg,0
ppeneg_sh17_011155.jpg,0
ppeneg_sh17_006405.jpg,0
ppeneg_sh17_001121.jpg,0
ppeneg_sh17_005742.jpg,0
ppeneg_sh17_004426.jpg,0
ppeneg_sh17_002493.jpg,0
ppeneg_sh17_001036.jpg,0
ppeneg_sh17_003399.jpg,0
ppeneg_sh17_001352.jpg,0
ppeneg_sh17_006218.jpg,0
ppeneg_sh17_001398.jpg,0
ppeneg_sh17_004656.jpg,0
ppeneg_sh17_001421.jpg,0
ppeneg_sh17_009726.jpg,0
ppeneg_sh17_003255.jpg,0
ppeneg_sh17_013665.jpg,0
ppeneg_sh17_002100.jpg,0
ppeneg_sh17_007463.jpg,0
ppeneg_sh17_005489.jpg,0
ppeneg_sh17_012385.jpg,0
ppeneg_sh17_004029.jpg,0
ppeneg_sh17_001332.jpg,0
ppeneg_sh17_000635.jpg,0
ppeneg_sh17_011135.jpg,0
ppeneg_sh17_012026.jpg,0
ppeneg_sh17_004011.jpg,0
ppeneg_sh17_003458.jpg,0
ppeneg_sh17_010763.jpg,0
ppeneg_sh17_000565.jpg,0
ppeneg_sh17_002567.jpg,0
ppeneg_sh17_011386.jpg,0
ppeneg_sh17_000755.jpg,0
ppeneg_sh17_008464.jpg,0
ppeneg_sh17_007812.jpg,0
ppeneg_sh17_002738.jpg,0
ppeneg_sh17_008250.jpg,0
ppeneg_sh17_008229.jpg,0
ppeneg_sh17_005503.jpg,0
ppeneg_sh17_005106.jpg,0
ppeneg_sh17_013422.jpg,0
ppeneg_sh17_010852.jpg,0
ppeneg_sh17_012314.jpg,0
ppeneg_sh17_001816.jpg,0
ppeneg_sh17_002145.jpg,0
ppeneg_sh17_005912.jpg,0
ppeneg_sh17_004730.jpg,0
ppeneg_sh17_007504.jpg,0
ppeneg_sh17_001163.jpg,0
ppeneg_sh17_000162.jpg,0
ppeneg_sh17_012260.jpg,0
ppeneg_sh17_008190.jpg,0
ppeneg_sh17_001810.jpg,0
ppeneg_sh17_008749.jpg,0
ppeneg_sh17_007009.jpg,0
ppeneg_sh17_006558.jpg,0
ppeneg_sh17_013332.jpg,0
ppeneg_sh17_013463.jpg,0
ppeneg_sh17_005041.jpg,0
ppeneg_sh17_009439.jpg,0
ppeneg_sh17_000808.jpg,0
ppeneg_sh17_006442.jpg,0
ppeneg_sh17_004785.jpg,0
ppeneg_sh17_010544.jpg,0
ppeneg_sh17_010819.jpg,0
ppeneg_sh17_012354.jpg,0
ppeneg_sh17_000866.jpg,0
ppeneg_sh17_006963.jpg,0
ppeneg_sh17_013778.jpg,0
ppeneg_sh17_011979.jpg,0
ppeneg_sh17_010889.jpg,0
ppeneg_sh17_006642.jpg,0
ppeneg_sh17_005608.jpg,0
ppeneg_sh17_004914.jpg,0
ppeneg_sh17_009139.jpg,0
ppeneg_sh17_006785.jpg,0
ppeneg_sh17_006789.jpg,0
ppeneg_sh17_002852.jpg,0
ppeneg_sh17_008155.jpg,0
ppeneg_sh17_005178.jpg,0
ppeneg_sh17_010906.jpg,0
ppeneg_sh17_003821.jpg,0
ppeneg_sh17_002144.jpg,0
ppeneg_sh17_012348.jpg,0
ppeneg_sh17_012586.jpg,0
ppeneg_sh17_009248.jpg,0
ppeneg_sh17_011865.jpg,0
ppeneg_sh17_007420.jpg,0
ppeneg_sh17_012023.jpg,0
ppeneg_sh17_007848.jpg,0
ppeneg_sh17_003316.jpg,0
ppeneg_sh17_010053.jpg,0
ppeneg_sh17_005035.jpg,0
ppeneg_sh17_012341.jpg,0
ppeneg_sh17_001221.jpg,0
ppeneg_sh17_000298.jpg,0
ppeneg_sh17_008606.jpg,0
ppeneg_sh17_007789.jpg,0
ppeneg_sh17_012099.jpg,0
ppeneg_sh17_004553.jpg,0
ppeneg_sh17_005071.jpg,0
ppeneg_sh17_005144.jpg,0
ppeneg_sh17_008500.jpg,0
ppeneg_sh17_001938.jpg,0
ppeneg_sh17_010435.jpg,0
ppeneg_sh17_011244.jpg,0
ppeneg_sh17_007976.jpg,0
ppeneg_sh17_006961.jpg,0
ppeneg_sh17_013232.jpg,0
ppeneg_sh17_012903.jpg,0
ppeneg_sh17_000255.jpg,0
ppeneg_sh17_009927.jpg,0
ppeneg_sh17_001487.jpg,0
ppeneg_sh17_013731.jpg,0
ppeneg_sh17_001696.jpg,0
ppeneg_sh17_010787.jpg,0
ppeneg_sh17_012251.jpg,0
ppeneg_sh17_006593.jpg,0
ppeneg_sh17_011591.jpg,0
ppeneg_sh17_013460.jpg,0
ppeneg_sh17_011679.jpg,0
ppeneg_sh17_005914.jpg,0
ppeneg_sh17_006415.jpg,0
ppeneg_sh17_010476.jpg,0
ppeneg_sh17_003136.jpg,0
ppeneg_sh17_005432.jpg,0
ppeneg_sh17_004591.jpg,0
ppeneg_sh17_006807.jpg,0
ppeneg_sh17_010831.jpg,0
ppeneg_sh17_012980.jpg,0
ppeneg_sh17_011080.jpg,0
ppeneg_sh17_004722.jpg,0
ppeneg_sh17_005874.jpg,0
ppeneg_sh17_000846.jpg,0
ppeneg_sh17_004887.jpg,0
ppeneg_sh17_005621.jpg,0
ppeneg_sh17_002882.jpg,0
ppeneg_sh17_000225.jpg,0
ppeneg_sh17_003613.jpg,0
ppeneg_sh17_002629.jpg,0
ppeneg_sh17_006318.jpg,0
ppeneg_sh17_007875.jpg,0
ppeneg_sh17_000611.jpg,0
ppeneg_sh17_004183.jpg,0
ppeneg_sh17_011469.jpg,0
ppeneg_sh17_000386.jpg,0
ppeneg_sh17_002818.jpg,0
ppeneg_sh17_013628.jpg,0
ppeneg_sh17_002287.jpg,0
ppeneg_sh17_000849.jpg,0
ppeneg_sh17_006644.jpg,0
ppeneg_sh17_001528.jpg,0
ppeneg_sh17_004216.jpg,0
ppeneg_sh17_012717.jpg,0
ppeneg_sh17_013558.jpg,0
ppeneg_sh17_010504.jpg,0
ppeneg_sh17_013007.jpg,0
ppeneg_sh17_010043.jpg,0
ppeneg_sh17_003308.jpg,0
ppeneg_sh17_009773.jpg,0
ppeneg_sh17_005060.jpg,0
ppeneg_sh17_005168.jpg,0
ppeneg_sh17_009390.jpg,0
ppeneg_sh17_006140.jpg,0
ppeneg_sh17_008586.jpg,0
ppeneg_sh17_010144.jpg,0
ppeneg_sh17_007620.jpg,0
ppeneg_sh17_006037.jpg,0
ppeneg_sh17_009907.jpg,0
ppeneg_sh17_006134.jpg,0
ppeneg_sh17_003860.jpg,0
ppeneg_sh17_008827.jpg,0
ppeneg_sh17_006509.jpg,0
ppeneg_sh17_002055.jpg,0
ppeneg_sh17_011339.jpg,0
ppeneg_sh17_008473.jpg,0
ppeneg_sh17_002575.jpg,0
ppeneg_sh17_000873.jpg,0
ppeneg_sh17_004380.jpg,0
ppeneg_sh17_000433.jpg,0
ppeneg_sh17_000795.jpg,0
ppeneg_sh17_003054.jpg,0
ppeneg_sh17_011564.jpg,0
ppeneg_sh17_002194.jpg,0
ppeneg_sh17_001964.jpg,0
ppeneg_sh17_005885.jpg,0
ppeneg_sh17_005476.jpg,0
ppeneg_sh17_011707.jpg,0
ppeneg_sh17_003766.jpg,0
ppeneg_sh17_010839.jpg,0
ppeneg_sh17_000794.jpg,0
ppeneg_sh17_002176.jpg,0
ppeneg_sh17_012668.jpg,0
ppeneg_sh17_013582.jpg,0
ppeneg_sh17_007101.jpg,0
ppeneg_sh17_008802.jpg,0
ppeneg_sh17_003801.jpg,0
ppeneg_sh17_012160.jpg,0
ppeneg_sh17_006294.jpg,0
ppeneg_sh17_011251.jpg,0
ppeneg_sh17_007040.jpg,0
ppeneg_sh17_010828.jpg,0
ppeneg_sh17_000818.jpg,0
ppeneg_sh17_011952.jpg,0
ppeneg_sh17_004640.jpg,0
ppeneg_sh17_011107.jpg,0
ppeneg_sh17_007896.jpg,0
ppeneg_sh17_013259.jpg,0
ppeneg_sh17_009854.jpg,0
ppeneg_sh17_009429.jpg,0
ppeneg_sh17_012223.jpg,0
ppeneg_sh17_006227.jpg,0
ppeneg_sh17_004859.jpg,0
ppeneg_sh17_007942.jpg,0
ppeneg_sh17_011512.jpg,0
ppeneg_sh17_008696.jpg,0
ppeneg_sh17_001577.jpg,0
ppeneg_sh17_001419.jpg,0
ppeneg_sh17_003397.jpg,0
ppeneg_sh17_010453.jpg,0
ppeneg_sh17_005795.jpg,0
ppeneg_sh17_005050.jpg,0
ppeneg_sh17_011300.jpg,0
ppeneg_sh17_010959.jpg,0
ppeneg_sh17_009103.jpg,0
ppeneg_sh17_010201.jpg,0
ppeneg_sh17_009470.jpg,0
ppeneg_sh17_010925.jpg,0
ppeneg_sh17_007352.jpg,0
ppeneg_sh17_007365.jpg,0
ppeneg_sh17_006040.jpg,0
ppeneg_sh17_005772.jpg,0
ppeneg_sh17_008521.jpg,0
ppeneg_sh17_010835.jpg,0
ppeneg_sh17_010678.jpg,0
ppeneg_sh17_004577.jpg,0
ppeneg_sh17_005243.jpg,0
ppeneg_sh17_009691.jpg,0
ppeneg_sh17_005471.jpg,0
ppeneg_sh17_005348.jpg,0
ppeneg_sh17_006147.jpg,0
ppeneg_sh17_011534.jpg,0
ppeneg_sh17_008736.jpg,0
ppeneg_sh17_005169.jpg,0
ppeneg_sh17_004980.jpg,0
ppeneg_sh17_001351.jpg,0
ppeneg_sh17_005290.jpg,0
ppeneg_sh17_009342.jpg,0
ppeneg_sh17_010087.jpg,0
ppeneg_sh17_002333.jpg,0
ppeneg_sh17_011911.jpg,0
ppeneg_sh17_007900.jpg,0
ppeneg_sh17_005115.jpg,0
ppeneg_sh17_008462.jpg,0
ppeneg_sh17_005320.jpg,0
ppeneg_sh17_009239.jpg,0
ppeneg_sh17_002939.jpg,0
ppeneg_sh17_011207.jpg,0
ppeneg_sh17_008302.jpg,0
ppeneg_sh17_012976.jpg,0
ppeneg_sh17_000053.jpg,0
ppeneg_sh17_000779.jpg,0
ppeneg_sh17_007110.jpg,0
ppeneg_sh17_007169.jpg,0
ppeneg_sh17_008983.jpg,0
ppeneg_sh17_010624.jpg,0
ppeneg_sh17_004212.jpg,0
ppeneg_sh17_009283.jpg,0
ppeneg_sh17_013774.jpg,0
ppeneg_sh17_007262.jpg,0
ppeneg_sh17_008047.jpg,0
ppeneg_sh17_009956.jpg,0
ppeneg_sh17_007440.jpg,0
ppeneg_sh17_012088.jpg,0
ppeneg_sh17_000640.jpg,0
ppeneg_sh17_006438.jpg,0
ppeneg_sh17_000020.jpg,0
ppeneg_sh17_005587.jpg,0
ppeneg_sh17_002902.jpg,0
ppeneg_sh17_003162.jpg,0
ppeneg_sh17_001975.jpg,0
ppeneg_sh17_000001.jpg,0
ppeneg_sh17_002748.jpg,0
ppeneg_sh17_010683.jpg,0
ppeneg_sh17_000317.jpg,0
ppeneg_sh17_004641.jpg,0
ppeneg_sh17_007619.jpg,0
ppeneg_sh17_002783.jpg,0
ppeneg_sh17_007075.jpg,0
ppeneg_sh17_006246.jpg,0
ppeneg_sh17_003554.jpg,0
ppeneg_sh17_010358.jpg,0
ppeneg_sh17_009376.jpg,0
ppeneg_sh17_006443.jpg,0
ppeneg_sh17_004639.jpg,0
ppeneg_sh17_006924.jpg,0
ppeneg_sh17_004089.jpg,0
ppeneg_sh17_012342.jpg,0
ppeneg_sh17_010238.jpg,0
ppeneg_sh17_007150.jpg,0
ppeneg_sh17_011118.jpg,0
ppeneg_sh17_007981.jpg,0
ppeneg_sh17_002019.jpg,0
ppeneg_sh17_013748.jpg,0
ppeneg_sh17_006254.jpg,0
ppeneg_sh17_005431.jpg,0
ppeneg_sh17_006421.jpg,0
ppeneg_sh17_005622.jpg,0
ppeneg_sh17_007658.jpg,0
ppeneg_sh17_008545.jpg,0
ppeneg_sh17_012771.jpg,0
ppeneg_sh17_005021.jpg,0
ppeneg_sh17_008844.jpg,0
ppeneg_sh17_013413.jpg,0
ppeneg_sh17_012219.jpg,0
ppeneg_sh17_004993.jpg,0
ppeneg_sh17_005174.jpg,0
ppeneg_sh17_003772.jpg,0
ppeneg_sh17_004182.jpg,0
ppeneg_sh17_007222.jpg,0
ppeneg_sh17_003835.jpg,0
ppeneg_sh17_007522.jpg,0
ppeneg_sh17_008748.jpg,0
ppeneg_sh17_011782.jpg,0
ppeneg_sh17_005236.jpg,0
ppeneg_sh17_001366.jpg,0
ppeneg_sh17_011767.jpg,0
ppeneg_sh17_012077.jpg,0
ppeneg_sh17_010849.jpg,0
ppeneg_sh17_005605.jpg,0
ppeneg_sh17_000133.jpg,0
ppeneg_sh17_011950.jpg,0
ppeneg_sh17_004771.jpg,0
ppeneg_sh17_013755.jpg,0
ppeneg_sh17_012607.jpg,0
ppeneg_sh17_009476.jpg,0
ppeneg_sh17_012574.jpg,0
ppeneg_sh17_002864.jpg,0
ppeneg_sh17_011381.jpg,0
ppeneg_sh17_011628.jpg,0
ppeneg_sh17_009277.jpg,0
ppeneg_sh17_009783.jpg,0
ppeneg_sh17_010379.jpg,0
ppeneg_sh17_013204.jpg,0
ppeneg_sh17_003711.jpg,0
ppeneg_sh17_011676.jpg,0
ppeneg_sh17_006922.jpg,0
ppeneg_sh17_003664.jpg,0
ppeneg_sh17_001039.jpg,0
ppeneg_sh17_004085.jpg,0
ppeneg_sh17_011904.jpg,0
ppeneg_sh17_001099.jpg,0
ppeneg_sh17_000223.jpg,0
ppeneg_sh17_000623.jpg,0
ppeneg_sh17_008912.jpg,0
ppeneg_sh17_010054.jpg,0
ppeneg_sh17_000492.jpg,0
ppeneg_sh17_002234.jpg,0
ppeneg_sh17_009386.jpg,0
ppeneg_sh17_008664.jpg,0
ppeneg_sh17_011697.jpg,0
ppeneg_sh17_007315.jpg,0
ppeneg_sh17_012245.jpg,0
ppeneg_sh17_005129.jpg,0
ppeneg_sh17_011967.jpg,0
ppeneg_sh17_012242.jpg,0
ppeneg_sh17_003094.jpg,0
ppeneg_sh17_001469.jpg,0
ppeneg_sh17_010537.jpg,0
ppeneg_sh17_013763.jpg,0
ppeneg_sh17_011536.jpg,0
ppeneg_sh17_011138.jpg,0
ppeneg_sh17_009050.jpg,0
ppeneg_sh17_008652.jpg,0
ppeneg_sh17_006282.jpg,0
ppeneg_sh17_012034.jpg,0
ppeneg_sh17_000905.jpg,0
ppeneg_sh17_012721.jpg,0
ppeneg_sh17_009183.jpg,0
ppeneg_sh17_011063.jpg,0
ppeneg_sh17_001921.jpg,0
ppeneg_sh17_003168.jpg,0
ppeneg_sh17_004095.jpg,0
ppeneg_sh17_005884.jpg,0
ppeneg_sh17_010733.jpg,0
ppeneg_sh17_006409.jpg,0
ppeneg_sh17_007699.jpg,0
ppeneg_sh17_002982.jpg,0
ppeneg_sh17_000211.jpg,0
ppeneg_sh17_000602.jpg,0
ppeneg_sh17_001559.jpg,0
ppeneg_sh17_005834.jpg,0
ppeneg_sh17_003788.jpg,0
ppeneg_sh17_007381.jpg,0
ppeneg_sh17_008579.jpg,0
ppeneg_sh17_012114.jpg,0
ppeneg_sh17_004902.jpg,0
ppeneg_sh17_005371.jpg,0
ppeneg_sh17_004274.jpg,0
ppeneg_sh17_003824.jpg,0
ppeneg_sh17_004824.jpg,0
ppeneg_sh17_005140.jpg,0
ppeneg_sh17_010336.jpg,0
ppeneg_sh17_001305.jpg,0
ppeneg_sh17_005973.jpg,0
ppeneg_sh17_000412.jpg,0
ppeneg_sh17_004870.jpg,0
ppeneg_sh17_009161.jpg,0
ppeneg_sh17_009095.jpg,0
ppeneg_sh17_006224.jpg,0
ppeneg_sh17_011853.jpg,0
ppeneg_sh17_003969.jpg,0
ppeneg_sh17_009929.jpg,0
ppeneg_sh17_002306.jpg,0
ppeneg_sh17_007951.jpg,0
ppeneg_sh17_006517.jpg,0
ppeneg_sh17_002414.jpg,0
ppeneg_sh17_007022.jpg,0
ppeneg_sh17_008773.jpg,0
ppeneg_sh17_004145.jpg,0
ppeneg_sh17_001845.jpg,0
ppeneg_sh17_007557.jpg,0
ppeneg_sh17_003547.jpg,0
ppeneg_sh17_002352.jpg,0
ppeneg_sh17_008876.jpg,0
ppeneg_sh17_000449.jpg,0
ppeneg_sh17_011126.jpg,0
ppeneg_sh17_003693.jpg,0
ppeneg_sh17_002719.jpg,0
ppeneg_sh17_005931.jpg,0
ppeneg_sh17_010480.jpg,0
ppeneg_sh17_000960.jpg,0
ppeneg_sh17_007774.jpg,0
ppeneg_sh17_002907.jpg,0
ppeneg_sh17_002550.jpg,0
ppeneg_sh17_013162.jpg,0
ppeneg_sh17_007515.jpg,0
ppeneg_sh17_007375.jpg,0
ppeneg_sh17_011581.jpg,0
ppeneg_sh17_011749.jpg,0
ppeneg_sh17_004713.jpg,0
ppeneg_sh17_005054.jpg,0
ppeneg_sh17_001484.jpg,0
ppeneg_sh17_012110.jpg,0
ppeneg_sh17_002834.jpg,0
ppeneg_sh17_001525.jpg,0
ppeneg_sh17_012472.jpg,0
ppeneg_sh17_013268.jpg,0
ppeneg_sh17_007611.jpg,0
ppeneg_sh17_003226.jpg,0
ppeneg_sh17_000258.jpg,0
ppeneg_sh17_008108.jpg,0
ppeneg_sh17_001803.jpg,0
ppeneg_sh17_009603.jpg,0
ppeneg_sh17_009985.jpg,0
ppeneg_sh17_003165.jpg,0
ppeneg_sh17_009244.jpg,0
ppeneg_sh17_012692.jpg,0
ppeneg_sh17_007114.jpg,0
ppeneg_sh17_010191.jpg,0
ppeneg_sh17_012442.jpg,0
ppeneg_sh17_004710.jpg,0
ppeneg_sh17_005993.jpg,0
ppeneg_sh17_012520.jpg,0
ppeneg_sh17_000539.jpg,0
ppeneg_sh17_010923.jpg,0
ppeneg_sh17_000600.jpg,0
ppeneg_sh17_010517.jpg,0
ppeneg_sh17_003127.jpg,0
ppeneg_sh17_009723.jpg,0
ppeneg_sh17_007015.jpg,0
ppeneg_sh17_013674.jpg,0
ppeneg_sh17_000217.jpg,0
ppeneg_sh17_011480.jpg,0
ppeneg_sh17_001768.jpg,0
ppeneg_sh17_008760.jpg,0
ppeneg_sh17_011652.jpg,0
ppeneg_sh17_006608.jpg,0
ppeneg_sh17_002916.jpg,0
ppeneg_sh17_006624.jpg,0
ppeneg_sh17_003978.jpg,0
ppeneg_sh17_008642.jpg,0
ppeneg_sh17_010789.jpg,0
ppeneg_sh17_012439.jpg,0
ppeneg_sh17_007590.jpg,0
ppeneg_sh17_003787.jpg,0
ppeneg_sh17_008675.jpg,0
ppeneg_sh17_005068.jpg,0
ppeneg_sh17_009368.jpg,0
ppeneg_sh17_011160.jpg,0
ppeneg_sh17_003419.jpg,0
ppeneg_sh17_008791.jpg,0
ppeneg_sh17_001464.jpg,0
ppeneg_sh17_002667.jpg,0
ppeneg_sh17_008883.jpg,0
ppeneg_sh17_009844.jpg,0
ppeneg_sh17_008848.jpg,0
ppeneg_sh17_002995.jpg,0
ppeneg_sh17_010591.jpg,0
ppeneg_sh17_008926.jpg,0
ppeneg_sh17_010369.jpg,0
ppeneg_sh17_005896.jpg,0
ppeneg_sh17_010487.jpg,0
ppeneg_sh17_005175.jpg,0
ppeneg_sh17_007359.jpg,0
ppeneg_sh17_008377.jpg,0
ppeneg_sh17_010707.jpg,0
ppeneg_sh17_005139.jpg,0
ppeneg_sh17_011961.jpg,0
ppeneg_sh17_011350.jpg,0
ppeneg_sh17_011574.jpg,0
ppeneg_sh17_010016.jpg,0
ppeneg_sh17_003157.jpg,0
ppeneg_sh17_002912.jpg,0
ppeneg_sh17_004030.jpg,0
ppeneg_sh17_012563.jpg,0
ppeneg_sh17_006238.jpg,0
ppeneg_sh17_010873.jpg,0
ppeneg_sh17_006203.jpg,0
ppeneg_sh17_004139.jpg,0
ppeneg_sh17_000963.jpg,0
ppeneg_sh17_005007.jpg,0
ppeneg_sh17_008248.jpg,0
ppeneg_sh17_002318.jpg,0
ppeneg_sh17_001311.jpg,0
ppeneg_sh17_006356.jpg,0
ppeneg_sh17_013407.jpg,0
ppeneg_sh17_010193.jpg,0
ppeneg_sh17_011408.jpg,0
ppeneg_sh17_012740.jpg,0
ppeneg_sh17_010748.jpg,0
ppeneg_sh17_008441.jpg,0
ppeneg_sh17_011751.jpg,0
ppeneg_sh17_000751.jpg,0
ppeneg_sh17_013493.jpg,0
ppeneg_sh17_000554.jpg,0
ppeneg_sh17_006852.jpg,0
ppeneg_sh17_003024.jpg,0
ppeneg_sh17_012095.jpg,0
ppeneg_sh17_006620.jpg,0
ppeneg_sh17_005217.jpg,0
ppeneg_sh17_011109.jpg,0
ppeneg_sh17_007307.jpg,0
ppeneg_sh17_001878.jpg,0
ppeneg_sh17_001486.jpg,0
ppeneg_sh17_010172.jpg,0
ppeneg_sh17_004495.jpg,0
ppeneg_sh17_000378.jpg,0
ppeneg_sh17_005076.jpg,0
ppeneg_sh17_005193.jpg,0
ppeneg_sh17_003741.jpg,0
ppeneg_sh17_004378.jpg,0
ppeneg_sh17_000830.jpg,0
ppeneg_sh17_009672.jpg,0
ppeneg_sh17_007184.jpg,0
ppeneg_sh17_003540.jpg,0
ppeneg_sh17_008770.jpg,0
ppeneg_sh17_002434.jpg,0
ppeneg_sh17_010115.jpg,0
ppeneg_sh17_012930.jpg,0
ppeneg_sh17_010082.jpg,0
ppeneg_sh17_012313.jpg,0
ppeneg_sh17_007846.jpg,0
ppeneg_sh17_010258.jpg,0
ppeneg_sh17_003825.jpg,0
ppeneg_sh17_003264.jpg,0
ppeneg_sh17_003468.jpg,0
ppeneg_sh17_008904.jpg,0
ppeneg_sh17_011378.jpg,0
ppeneg_sh17_009432.jpg,0
ppeneg_sh17_000644.jpg,0
ppeneg_sh17_000804.jpg,0
ppeneg_sh17_002460.jpg,0
ppeneg_sh17_003331.jpg,0
ppeneg_sh17_004338.jpg,0
ppeneg_sh17_000373.jpg,0
ppeneg_sh17_012230.jpg,0
ppeneg_sh17_000409.jpg,0
ppeneg_sh17_009348.jpg,0
ppeneg_sh17_008988.jpg,0
ppeneg_sh17_008294.jpg,0
ppeneg_sh17_002401.jpg,0
ppeneg_sh17_006920.jpg,0
ppeneg_sh17_004912.jpg,0
ppeneg_sh17_009177.jpg,0
ppeneg_sh17_007890.jpg,0
ppeneg_sh17_001012.jpg,0
ppeneg_sh17_010372.jpg,0
ppeneg_sh17_007795.jpg,0
ppeneg_sh17_003462.jpg,0
ppeneg_sh17_007610.jpg,0
ppeneg_sh17_012869.jpg,0
ppeneg_sh17_003062.jpg,0
ppeneg_sh17_012946.jpg,0
ppeneg_sh17_012167.jpg,0
ppeneg_sh17_009620.jpg,0
ppeneg_sh17_006266.jpg,0
ppeneg_sh17_004111.jpg,0
ppeneg_sh17_002441.jpg,0
ppeneg_sh17_002370.jpg,0
ppeneg_sh17_000366.jpg,0
ppeneg_sh17_000622.jpg,0
ppeneg_sh17_012804.jpg,0
ppeneg_sh17_007629.jpg,0
ppeneg_sh17_004263.jpg,0
ppeneg_sh17_008413.jpg,0
ppeneg_sh17_011752.jpg,0
ppeneg_sh17_008638.jpg,0
ppeneg_sh17_007433.jpg,0
ppeneg_sh17_007996.jpg,0
ppeneg_sh17_005415.jpg,0
ppeneg_sh17_004835.jpg,0
ppeneg_sh17_012317.jpg,0
ppeneg_sh17_009994.jpg,0
ppeneg_sh17_004643.jpg,0
ppeneg_sh17_008990.jpg,0
ppeneg_sh17_003401.jpg,0
ppeneg_sh17_004991.jpg,0
ppeneg_sh17_011611.jpg,0
ppeneg_sh17_012880.jpg,0
ppeneg_sh17_003955.jpg,0
ppeneg_sh17_005451.jpg,0
ppeneg_sh17_012579.jpg,0
ppeneg_sh17_007867.jpg,0
ppeneg_sh17_012244.jpg,0
ppeneg_sh17_000525.jpg,0
ppeneg_sh17_005411.jpg,0
ppeneg_sh17_001118.jpg,0
ppeneg_sh17_010425.jpg,0
ppeneg_sh17_000173.jpg,0
ppeneg_sh17_009184.jpg,0
ppeneg_sh17_002438.jpg,0
ppeneg_sh17_002953.jpg,0
ppeneg_sh17_009455.jpg,0
ppeneg_sh17_001050.jpg,0
ppeneg_sh17_006061.jpg,0
ppeneg_sh17_007707.jpg,0
ppeneg_sh17_006289.jpg,0
ppeneg_sh17_007801.jpg,0
ppeneg_sh17_010891.jpg,0
ppeneg_sh17_011575.jpg,0
ppeneg_sh17_011417.jpg,0
ppeneg_sh17_000783.jpg,0
ppeneg_sh17_004582.jpg,0
ppeneg_sh17_005480.jpg,0
ppeneg_sh17_000789.jpg,0
ppeneg_sh17_009966.jpg,0
ppeneg_sh17_000445.jpg,0
ppeneg_sh17_004735.jpg,0
ppeneg_sh17_010885.jpg,0
ppeneg_sh17_003488.jpg,0
ppeneg_sh17_005939.jpg,0
ppeneg_sh17_008486.jpg,0
ppeneg_sh17_012303.jpg,0
ppeneg_sh17_007502.jpg,0
ppeneg_sh17_006508.jpg,0
ppeneg_sh17_009449.jpg,0
ppeneg_sh17_002634.jpg,0
ppeneg_sh17_011578.jpg,0
ppeneg_sh17_005617.jpg,0
ppeneg_sh17_005152.jpg,0
ppeneg_sh17_007322.jpg,0
ppeneg_sh17_011036.jpg,0
ppeneg_sh17_000706.jpg,0
ppeneg_sh17_006601.jpg,0
ppeneg_sh17_001917.jpg,0
ppeneg_sh17_000114.jpg,0
ppeneg_sh17_011737.jpg,0
ppeneg_sh17_008530.jpg,0
ppeneg_sh17_012104.jpg,0
ppeneg_sh17_001466.jpg,0
ppeneg_sh17_010326.jpg,0
ppeneg_sh17_008716.jpg,0
ppeneg_sh17_001624.jpg,0
ppeneg_sh17_001217.jpg,0
ppeneg_sh17_001783.jpg,0
ppeneg_sh17_001862.jpg,0
ppeneg_sh17_011690.jpg,0
ppeneg_sh17_008090.jpg,0
ppeneg_sh17_003242.jpg,0
ppeneg_sh17_013551.jpg,0
ppeneg_sh17_006283.jpg,0
ppeneg_sh17_007873.jpg,0
ppeneg_sh17_007350.jpg,0
ppeneg_sh17_004389.jpg,0
ppeneg_sh17_009826.jpg,0
ppeneg_sh17_007747.jpg,0
ppeneg_sh17_010345.jpg,0
ppeneg_sh17_007987.jpg,0
ppeneg_sh17_008273.jpg,0
ppeneg_sh17_011112.jpg,0
ppeneg_sh17_001645.jpg,0
ppeneg_sh17_009652.jpg,0
ppeneg_sh17_001041.jpg,0
ppeneg_sh17_005837.jpg,0
ppeneg_sh17_012481.jpg,0
ppeneg_sh17_012881.jpg,0
ppeneg_sh17_012998.jpg,0
ppeneg_sh17_000942.jpg,0
ppeneg_sh17_006392.jpg,0
ppeneg_sh17_001870.jpg,0
ppeneg_sh17_011783.jpg,0
ppeneg_sh17_009433.jpg,0
ppeneg_sh17_007447.jpg,0
ppeneg_sh17_012718.jpg,0
ppeneg_sh17_006389.jpg,0
ppeneg_sh17_005479.jpg,0
ppeneg_sh17_003467.jpg,0
ppeneg_sh17_006041.jpg,0
ppeneg_sh17_008442.jpg,0
ppeneg_sh17_008654.jpg,0
ppeneg_sh17_004326.jpg,0
ppeneg_sh17_009845.jpg,0
ppeneg_sh17_010116.jpg,0
ppeneg_sh17_001109.jpg,0
ppeneg_sh17_012652.jpg,0
ppeneg_sh17_013454.jpg,0
ppeneg_sh17_007829.jpg,0
ppeneg_sh17_011720.jpg,0
ppeneg_sh17_004275.jpg,0
ppeneg_sh17_006265.jpg,0
ppeneg_sh17_012072.jpg,0
ppeneg_sh17_004581.jpg,0
ppeneg_sh17_006843.jpg,0
ppeneg_sh17_008969.jpg,0
ppeneg_sh17_012055.jpg,0
ppeneg_sh17_004359.jpg,0
ppeneg_sh17_004452.jpg,0
ppeneg_sh17_004982.jpg,0
ppeneg_sh17_009267.jpg,0
ppeneg_sh17_003871.jpg,0
ppeneg_sh17_004946.jpg,0
ppeneg_sh17_003780.jpg,0
ppeneg_sh17_000226.jpg,0
ppeneg_sh17_009457.jpg,0
ppeneg_sh17_006761.jpg,0
ppeneg_sh17_003367.jpg,0
ppeneg_sh17_013353.jpg,0
ppeneg_sh17_008573.jpg,0
ppeneg_sh17_009803.jpg,0
ppeneg_sh17_013471.jpg,0
ppeneg_sh17_004994.jpg,0
ppeneg_sh17_009361.jpg,0
ppeneg_sh17_003843.jpg,0
ppeneg_sh17_006300.jpg,0
ppeneg_sh17_009370.jpg,0
ppeneg_sh17_002589.jpg,0
ppeneg_sh17_002746.jpg,0
ppeneg_sh17_005408.jpg,0
ppeneg_sh17_012200.jpg,0
ppeneg_sh17_013034.jpg,0
ppeneg_sh17_003735.jpg,0
ppeneg_sh17_007436.jpg,0
ppeneg_sh17_005030.jpg,0
ppeneg_sh17_002365.jpg,0
ppeneg_sh17_003750.jpg,0
ppeneg_sh17_012679.jpg,0
ppeneg_sh17_003292.jpg,0
ppeneg_sh17_004002.jpg,0
ppeneg_sh17_002362.jpg,0
ppeneg_sh17_007580.jpg,0
ppeneg_sh17_007059.jpg,0
ppeneg_sh17_008872.jpg,0
ppeneg_sh17_004681.jpg,0
ppeneg_sh17_011748.jpg,0
ppeneg_sh17_010675.jpg,0
ppeneg_sh17_010592.jpg,0
ppeneg_sh17_009918.jpg,0
ppeneg_sh17_011391.jpg,0
ppeneg_sh17_004000.jpg,0
ppeneg_sh17_012091.jpg,0
ppeneg_sh17_008593.jpg,0
ppeneg_sh17_008795.jpg,0
ppeneg_sh17_004076.jpg,0
ppeneg_sh17_000137.jpg,0
ppeneg_sh17_013199.jpg,0
ppeneg_sh17_013289.jpg,0
ppeneg_sh17_011546.jpg,0
ppeneg_sh17_013229.jpg,0
ppeneg_sh17_002172.jpg,0
ppeneg_sh17_003475.jpg,0
ppeneg_sh17_000788.jpg,0
ppeneg_sh17_007198.jpg,0
ppeneg_sh17_003907.jpg,0
ppeneg_sh17_003169.jpg,0
ppeneg_sh17_011615.jpg,0
ppeneg_sh17_010824.jpg,0
ppeneg_sh17_006079.jpg,0
ppeneg_sh17_011639.jpg,0
ppeneg_sh17_009557.jpg,0
ppeneg_sh17_001267.jpg,0
ppeneg_sh17_013362.jpg,0
ppeneg_sh17_009776.jpg,0
ppeneg_sh17_007806.jpg,0
ppeneg_sh17_007395.jpg,0
ppeneg_sh17_012205.jpg,0
ppeneg_sh17_013349.jpg,0
ppeneg_sh17_007229.jpg,0
ppeneg_sh17_003152.jpg,0
ppeneg_sh17_009074.jpg,0
ppeneg_sh17_009136.jpg,0
ppeneg_sh17_004340.jpg,0
ppeneg_sh17_012836.jpg,0
ppeneg_sh17_001407.jpg,0
ppeneg_sh17_011500.jpg,0
ppeneg_sh17_008734.jpg,0
ppeneg_sh17_013553.jpg,0
ppeneg_sh17_013490.jpg,0
ppeneg_sh17_013108.jpg,0
ppeneg_sh17_006261.jpg,0
ppeneg_sh17_001678.jpg,0
ppeneg_sh17_012866.jpg,0
ppeneg_sh17_007220.jpg,0
ppeneg_sh17_013220.jpg,0
ppeneg_sh17_002920.jpg,0
ppeneg_sh17_012973.jpg,0
ppeneg_sh17_006958.jpg,0
ppeneg_sh17_009870.jpg,0
ppeneg_sh17_009922.jpg,0
ppeneg_sh17_003595.jpg,0
ppeneg_sh17_007446.jpg,0
ppeneg_sh17_008261.jpg,0
ppeneg_sh17_013165.jpg,0
ppeneg_sh17_007125.jpg,0
ppeneg_sh17_006705.jpg,0
ppeneg_sh17_011459.jpg,0
ppeneg_sh17_008303.jpg,0
ppeneg_sh17_009805.jpg,0
ppeneg_sh17_003743.jpg,0
ppeneg_sh17_005862.jpg,0
ppeneg_sh17_012258.jpg,0
ppeneg_sh17_000022.jpg,0
ppeneg_sh17_004038.jpg,0
ppeneg_sh17_006219.jpg,0
ppeneg_sh17_000598.jpg,0
ppeneg_sh17_009761.jpg,0
ppeneg_sh17_011397.jpg,0
ppeneg_sh17_000282.jpg,0
ppeneg_sh17_011195.jpg,0
ppeneg_sh17_004863.jpg,0
ppeneg_sh17_013184.jpg,0
ppeneg_sh17_006802.jpg,0
ppeneg_sh17_002197.jpg,0
ppeneg_sh17_010650.jpg,0
ppeneg_sh17_012065.jpg,0
ppeneg_sh17_004137.jpg,0
ppeneg_sh17_001516.jpg,0
ppeneg_sh17_013081.jpg,0
ppeneg_sh17_004181.jpg,0
ppeneg_sh17_012691.jpg,0
ppeneg_sh17_013068.jpg,0
ppeneg_sh17_003328.jpg,0
ppeneg_sh17_007956.jpg,0
ppeneg_sh17_002552.jpg,0
ppeneg_sh17_008661.jpg,0
ppeneg_sh17_000877.jpg,0
ppeneg_sh17_006335.jpg,0
ppeneg_sh17_004402.jpg,0
ppeneg_sh17_010232.jpg,0
ppeneg_sh17_000720.jpg,0
ppeneg_sh17_002227.jpg,0
ppeneg_sh17_001859.jpg,0
ppeneg_sh17_013720.jpg,0
ppeneg_sh17_012561.jpg,0
ppeneg_sh17_004992.jpg,0
ppeneg_sh17_007594.jpg,0
ppeneg_sh17_008031.jpg,0
ppeneg_sh17_004269.jpg,0
ppeneg_sh17_008519.jpg,0
ppeneg_sh17_006914.jpg,0
ppeneg_sh17_002136.jpg,0
ppeneg_sh17_005127.jpg,0
ppeneg_sh17_003666.jpg,0
ppeneg_sh17_011506.jpg,0
ppeneg_sh17_013669.jpg,0
ppeneg_sh17_002674.jpg,0
ppeneg_sh17_012739.jpg,0
ppeneg_sh17_000382.jpg,0
ppeneg_sh17_010508.jpg,0
ppeneg_sh17_004035.jpg,0
ppeneg_sh17_008230.jpg,0
ppeneg_sh17_010350.jpg,0
ppeneg_sh17_008336.jpg,0
ppeneg_sh17_008627.jpg,0
ppeneg_sh17_002945.jpg,0
ppeneg_sh17_004830.jpg,0
ppeneg_sh17_001227.jpg,0
ppeneg_sh17_001493.jpg,0
ppeneg_sh17_004214.jpg,0
ppeneg_sh17_008254.jpg,0
ppeneg_sh17_005210.jpg,0
ppeneg_sh17_011997.jpg,0
ppeneg_sh17_007895.jpg,0
ppeneg_sh17_001254.jpg,0
ppeneg_sh17_009327.jpg,0
ppeneg_sh17_005093.jpg,0
ppeneg_sh17_010205.jpg,0
ppeneg_sh17_012398.jpg,0
ppeneg_sh17_008692.jpg,0
ppeneg_sh17_005032.jpg,0
ppeneg_sh17_002409.jpg,0
ppeneg_sh17_007355.jpg,0
ppeneg_sh17_002018.jpg,0
ppeneg_sh17_006452.jpg,0
ppeneg_sh17_003647.jpg,0
ppeneg_sh17_009431.jpg,0
ppeneg_sh17_008533.jpg,0
ppeneg_sh17_010759.jpg,0
ppeneg_sh17_003930.jpg,0
ppeneg_sh17_007899.jpg,0
ppeneg_sh17_012142.jpg,0
ppeneg_sh17_004687.jpg,0
ppeneg_sh17_012999.jpg,0
ppeneg_sh17_007998.jpg,0
ppeneg_sh17_002716.jpg,0
ppeneg_sh17_013198.jpg,0
ppeneg_sh17_002105.jpg,0
ppeneg_sh17_007232.jpg,0
ppeneg_sh17_009402.jpg,0
ppeneg_sh17_003191.jpg,0
ppeneg_sh17_011804.jpg,0
ppeneg_sh17_011468.jpg,0
ppeneg_sh17_009663.jpg,0
ppeneg_sh17_010901.jpg,0
ppeneg_sh17_003036.jpg,0
ppeneg_sh17_010346.jpg,0
ppeneg_sh17_001605.jpg,0
ppeneg_sh17_013100.jpg,0
ppeneg_sh17_012585.jpg,0
ppeneg_sh17_007566.jpg,0
ppeneg_sh17_005560.jpg,0
ppeneg_sh17_007700.jpg,0
ppeneg_sh17_013247.jpg,0
ppeneg_sh17_007562.jpg,0
ppeneg_sh17_004614.jpg,0
ppeneg_sh17_008972.jpg,0
ppeneg_sh17_012709.jpg,0
ppeneg_sh17_011503.jpg,0
ppeneg_sh17_000151.jpg,0
ppeneg_sh17_013682.jpg,0
ppeneg_sh17_004159.jpg,0
ppeneg_sh17_008305.jpg,0
ppeneg_sh17_005725.jpg,0
ppeneg_sh17_002257.jpg,0
ppeneg_sh17_013531.jpg,0
ppeneg_sh17_007100.jpg,0
ppeneg_sh17_002431.jpg,0
ppeneg_sh17_012396.jpg,0
ppeneg_sh17_000186.jpg,0
ppeneg_sh17_009144.jpg,0
ppeneg_sh17_003818.jpg,0
ppeneg_sh17_008435.jpg,0
ppeneg_sh17_008789.jpg,0
ppeneg_sh17_001782.jpg,0
ppeneg_sh17_001250.jpg,0
ppeneg_sh17_001246.jpg,0
ppeneg_sh17_010261.jpg,0
ppeneg_sh17_005233.jpg,0
ppeneg_sh17_002861.jpg,0
ppeneg_sh17_011413.jpg,0
ppeneg_sh17_004221.jpg,0
ppeneg_sh17_005716.jpg,0
ppeneg_sh17_008732.jpg,0
ppeneg_sh17_009862.jpg,0
ppeneg_sh17_012232.jpg,0
ppeneg_sh17_008595.jpg,0
ppeneg_sh17_008333.jpg,0
ppeneg_sh17_006387.jpg,0
ppeneg_sh17_008831.jpg,0
ppeneg_sh17_008730.jpg,0
ppeneg_sh17_002096.jpg,0
ppeneg_sh17_004122.jpg,0
ppeneg_sh17_003093.jpg,0
ppeneg_sh17_004357.jpg,0
ppeneg_sh17_006953.jpg,0
ppeneg_sh17_012865.jpg,0
ppeneg_sh17_009014.jpg,0
ppeneg_sh17_003566.jpg,0
ppeneg_sh17_003500.jpg,0
ppeneg_sh17_013545.jpg,0
ppeneg_sh17_009242.jpg,0
ppeneg_sh17_002415.jpg,0
ppeneg_sh17_006741.jpg,0
ppeneg_sh17_011071.jpg,0
ppeneg_sh17_004024.jpg,0
ppeneg_sh17_012469.jpg,0
ppeneg_sh17_011709.jpg,0
ppeneg_sh17_012610.jpg,0
ppeneg_sh17_012054.jpg,0
ppeneg_sh17_006656.jpg,0
ppeneg_sh17_008019.jpg,0
ppeneg_sh17_001291.jpg,0
ppeneg_sh17_003633.jpg,0
ppeneg_sh17_007923.jpg,0
ppeneg_sh17_012386.jpg,0
ppeneg_sh17_012016.jpg,0
ppeneg_sh17_002128.jpg,0
ppeneg_sh17_003953.jpg,0
ppeneg_sh17_010958.jpg,0
ppeneg_sh17_009234.jpg,0
ppeneg_sh17_012206.jpg,0
ppeneg_sh17_002806.jpg,0
ppeneg_sh17_000303.jpg,0
ppeneg_sh17_004734.jpg,0
ppeneg_sh17_011356.jpg,0
ppeneg_sh17_007170.jpg,0
ppeneg_sh17_013583.jpg,0
ppeneg_sh17_010978.jpg,0
ppeneg_sh17_009403.jpg,0
ppeneg_sh17_004772.jpg,0
ppeneg_sh17_011184.jpg,0
ppeneg_sh17_003117.jpg,0
ppeneg_sh17_011685.jpg,0
ppeneg_sh17_011604.jpg,0
ppeneg_sh17_011070.jpg,0
ppeneg_sh17_007527.jpg,0
ppeneg_sh17_007404.jpg,0
ppeneg_sh17_011689.jpg,0
ppeneg_sh17_012540.jpg,0
ppeneg_sh17_004290.jpg,0
ppeneg_sh17_007330.jpg,0
ppeneg_sh17_006837.jpg,0
ppeneg_sh17_003446.jpg,0
ppeneg_sh17_006969.jpg,0
ppeneg_sh17_000526.jpg,0
ppeneg_sh17_007563.jpg,0
ppeneg_sh17_010036.jpg,0
ppeneg_sh17_008738.jpg,0
ppeneg_sh17_009694.jpg,0
ppeneg_sh17_000915.jpg,0
ppeneg_sh17_007391.jpg,0
ppeneg_sh17_002221.jpg,0
ppeneg_sh17_004897.jpg,0
ppeneg_sh17_011046.jpg,0
ppeneg_sh17_001456.jpg,0
ppeneg_sh17_000062.jpg,0
ppeneg_sh17_010284.jpg,0
ppeneg_sh17_013075.jpg,0
ppeneg_sh17_004500.jpg,0
ppeneg_sh17_000639.jpg,0
ppeneg_sh17_002762.jpg,0
ppeneg_sh17_010189.jpg,0
ppeneg_sh17_010310.jpg,0
ppeneg_sh17_007508.jpg,0
ppeneg_sh17_008919.jpg,0
ppeneg_sh17_006867.jpg,0
ppeneg_sh17_004051.jpg,0
ppeneg_sh17_012444.jpg,0
ppeneg_sh17_001512.jpg,0
ppeneg_sh17_002764.jpg,0
ppeneg_sh17_004321.jpg,0
ppeneg_sh17_006086.jpg,0
ppeneg_sh17_011491.jpg,0
ppeneg_sh17_013517.jpg,0
ppeneg_sh17_003499.jpg,0
ppeneg_sh17_011903.jpg,0
ppeneg_sh17_003893.jpg,0
ppeneg_sh17_001177.jpg,0
ppeneg_sh17_001895.jpg,0
ppeneg_sh17_008283.jpg,0
ppeneg_sh17_006485.jpg,0
ppeneg_sh17_010357.jpg,0
ppeneg_sh17_006975.jpg,0
ppeneg_sh17_007366.jpg,0
ppeneg_sh17_000589.jpg,0
ppeneg_sh17_006400.jpg,0
ppeneg_sh17_004423.jpg,0
ppeneg_sh17_005274.jpg,0
ppeneg_sh17_013307.jpg,0
ppeneg_sh17_005600.jpg,0
ppeneg_sh17_003001.jpg,0
ppeneg_sh17_006810.jpg,0
ppeneg_sh17_010832.jpg,0
ppeneg_sh17_013401.jpg,0
ppeneg_sh17_006937.jpg,0
ppeneg_sh17_001123.jpg,0
ppeneg_sh17_012475.jpg,0
ppeneg_sh17_007428.jpg,0
ppeneg_sh17_002240.jpg,0
ppeneg_sh17_007291.jpg,0
ppeneg_sh17_011561.jpg,0
ppeneg_sh17_009222.jpg,0
ppeneg_sh17_008172.jpg,0
ppeneg_sh17_001417.jpg,0
ppeneg_sh17_010687.jpg,0
ppeneg_sh17_004447.jpg,0
ppeneg_sh17_006532.jpg,0
ppeneg_sh17_011723.jpg,0
ppeneg_sh17_007743.jpg,0
ppeneg_sh17_005602.jpg,0
ppeneg_sh17_011115.jpg,0
ppeneg_sh17_002898.jpg,0
ppeneg_sh17_007844.jpg,0
ppeneg_sh17_007807.jpg,0
ppeneg_sh17_003855.jpg,0
ppeneg_sh17_000346.jpg,0
ppeneg_sh17_010428.jpg,0
ppeneg_sh17_008260.jpg,0
ppeneg_sh17_005898.jpg,0
ppeneg_sh17_001193.jpg,0
ppeneg_sh17_005282.jpg,0
ppeneg_sh17_006941.jpg,0
ppeneg_sh17_010013.jpg,0
ppeneg_sh17_013448.jpg,0
ppeneg_sh17_006060.jpg,0
ppeneg_sh17_009921.jpg,0
ppeneg_sh17_013190.jpg,0
ppeneg_sh17_009545.jpg,0
ppeneg_sh17_011272.jpg,0
ppeneg_sh17_012954.jpg,0
ppeneg_sh17_001270.jpg,0
ppeneg_sh17_012514.jpg,0
ppeneg_sh17_001108.jpg,0
ppeneg_sh17_006062.jpg,0
ppeneg_sh17_007455.jpg,0
ppeneg_sh17_007587.jpg,0
ppeneg_sh17_010381.jpg,0
ppeneg_sh17_012950.jpg,0
ppeneg_sh17_006128.jpg,0
ppeneg_sh17_005749.jpg,0
ppeneg_sh17_004655.jpg,0
ppeneg_sh17_012810.jpg,0
ppeneg_sh17_000540.jpg,0
ppeneg_sh17_006306.jpg,0
ppeneg_sh17_004938.jpg,0
ppeneg_sh17_000616.jpg,0
ppeneg_sh17_002201.jpg,0
ppeneg_sh17_009900.jpg,0
ppeneg_sh17_011945.jpg,0
ppeneg_sh17_001087.jpg,0
ppeneg_sh17_003261.jpg,0
ppeneg_sh17_011535.jpg,0
ppeneg_sh17_001018.jpg,0
ppeneg_sh17_001154.jpg,0
ppeneg_sh17_011326.jpg,0
ppeneg_sh17_013301.jpg,0
ppeneg_sh17_004727.jpg,0
ppeneg_sh17_005438.jpg,0
ppeneg_sh17_002419.jpg,0
ppeneg_sh17_011267.jpg,0
ppeneg_sh17_012588.jpg,0
ppeneg_sh17_002600.jpg,0
ppeneg_sh17_007550.jpg,0
ppeneg_sh17_000093.jpg,0
ppeneg_sh17_011320.jpg,0
ppeneg_sh17_009409.jpg,0
ppeneg_sh17_009815.jpg,0
ppeneg_sh17_006799.jpg,0
ppeneg_sh17_008683.jpg,0
ppeneg_sh17_006207.jpg,0
ppeneg_sh17_004101.jpg,0
ppeneg_sh17_012641.jpg,0
ppeneg_sh17_010975.jpg,0
ppeneg_sh17_013535.jpg,0
ppeneg_sh17_000342.jpg,0
ppeneg_sh17_010973.jpg,0
ppeneg_sh17_001025.jpg,0
ppeneg_sh17_004140.jpg,0
ppeneg_sh17_011446.jpg,0
ppeneg_sh17_012952.jpg,0
ppeneg_sh17_000427.jpg,0
ppeneg_sh17_004373.jpg,0
ppeneg_sh17_010607.jpg,0
ppeneg_sh17_008209.jpg,0
ppeneg_sh17_001091.jpg,0
ppeneg_sh17_011430.jpg,0
ppeneg_sh17_001198.jpg,0
ppeneg_sh17_004270.jpg,0
ppeneg_sh17_003592.jpg,0
ppeneg_sh17_012966.jpg,0
ppeneg_sh17_000388.jpg,0
ppeneg_sh17_011047.jpg,0
ppeneg_sh17_002779.jpg,0
ppeneg_sh17_013743.jpg,0
ppeneg_sh17_006683.jpg,0
ppeneg_sh17_004669.jpg,0
ppeneg_sh17_009024.jpg,0
ppeneg_sh17_006605.jpg,0
ppeneg_sh17_002795.jpg,0
ppeneg_sh17_012749.jpg,0
ppeneg_sh17_003990.jpg,0
ppeneg_sh17_005907.jpg,0
ppeneg_sh17_009587.jpg,0
ppeneg_sh17_012730.jpg,0
ppeneg_sh17_002633.jpg,0
ppeneg_sh17_004368.jpg,0
ppeneg_sh17_001502.jpg,0
ppeneg_sh17_003065.jpg,0
ppeneg_sh17_013122.jpg,0
ppeneg_sh17_002260.jpg,0
ppeneg_sh17_009681.jpg,0
ppeneg_sh17_003202.jpg,0
ppeneg_sh17_001152.jpg,0
ppeneg_sh17_000104.jpg,0
ppeneg_sh17_002314.jpg,0
ppeneg_sh17_004387.jpg,0
ppeneg_sh17_000047.jpg,0
ppeneg_sh17_009913.jpg,0
ppeneg_sh17_010000.jpg,0
ppeneg_sh17_009722.jpg,0
ppeneg_sh17_001313.jpg,0
ppeneg_sh17_013164.jpg,0
ppeneg_sh17_003241.jpg,0
ppeneg_sh17_007496.jpg,0
ppeneg_sh17_001432.jpg,0
ppeneg_sh17_001680.jpg,0
ppeneg_sh17_011844.jpg,0
ppeneg_sh17_001440.jpg,0
ppeneg_sh17_009781.jpg,0
ppeneg_sh17_011426.jpg,0
ppeneg_sh17_007047.jpg,0
ppeneg_sh17_010069.jpg,0
ppeneg_sh17_009112.jpg,0
ppeneg_sh17_009866.jpg,0
ppeneg_sh17_010405.jpg,0
ppeneg_sh17_009152.jpg,0
ppeneg_sh17_005301.jpg,0
ppeneg_sh17_004538.jpg,0
ppeneg_sh17_007206.jpg,0
ppeneg_sh17_008379.jpg,0
ppeneg_sh17_010168.jpg,0
ppeneg_sh17_013514.jpg,0
ppeneg_sh17_009752.jpg,0
ppeneg_sh17_011288.jpg,0
ppeneg_sh17_004151.jpg,0
ppeneg_sh17_007666.jpg,0
ppeneg_sh17_011566.jpg,0
ppeneg_sh17_004999.jpg,0
ppeneg_sh17_010914.jpg,0
ppeneg_sh17_006902.jpg,0
ppeneg_sh17_001673.jpg,0
ppeneg_sh17_012153.jpg,0
ppeneg_sh17_005659.jpg,0
ppeneg_sh17_007685.jpg,0
ppeneg_sh17_008488.jpg,0
ppeneg_sh17_012171.jpg,0
ppeneg_sh17_008096.jpg,0
ppeneg_sh17_004087.jpg,0
ppeneg_sh17_012039.jpg,0
ppeneg_sh17_001480.jpg,0
ppeneg_sh17_008944.jpg,0
ppeneg_sh17_013361.jpg,0
ppeneg_sh17_003744.jpg,0
ppeneg_sh17_006080.jpg,0
ppeneg_sh17_013094.jpg,0
ppeneg_sh17_011379.jpg,0
ppeneg_sh17_000178.jpg,0
ppeneg_sh17_009223.jpg,0
ppeneg_sh17_002323.jpg,0
ppeneg_sh17_003882.jpg,0
ppeneg_sh17_004080.jpg,0
ppeneg_sh17_003984.jpg,0
ppeneg_sh17_004325.jpg,0
ppeneg_sh17_003343.jpg,0
ppeneg_sh17_010163.jpg,0
ppeneg_sh17_013630.jpg,0
ppeneg_sh17_005427.jpg,0
ppeneg_sh17_013252.jpg,0
ppeneg_sh17_007472.jpg,0
ppeneg_sh17_002283.jpg,0
ppeneg_sh17_004624.jpg,0
ppeneg_sh17_006460.jpg,0
ppeneg_sh17_008569.jpg,0
ppeneg_sh17_003090.jpg,0
ppeneg_sh17_004812.jpg,0
ppeneg_sh17_011755.jpg,0
ppeneg_sh17_003956.jpg,0
ppeneg_sh17_011931.jpg,0
ppeneg_sh17_006386.jpg,0
ppeneg_sh17_004328.jpg,0
ppeneg_sh17_010391.jpg,0
ppeneg_sh17_007465.jpg,0
ppeneg_sh17_011158.jpg,0
ppeneg_sh17_002112.jpg,0
ppeneg_sh17_009987.jpg,0
ppeneg_sh17_003950.jpg,0
ppeneg_sh17_009252.jpg,0
ppeneg_sh17_008234.jpg,0
ppeneg_sh17_001902.jpg,0
ppeneg_sh17_002440.jpg,0
ppeneg_sh17_008937.jpg,0
ppeneg_sh17_007376.jpg,0
ppeneg_sh17_007000.jpg,0
ppeneg_sh17_000472.jpg,0
ppeneg_sh17_002743.jpg,0
ppeneg_sh17_006291.jpg,0
ppeneg_sh17_002676.jpg,0
ppeneg_sh17_003649.jpg,0
ppeneg_sh17_003536.jpg,0
ppeneg_sh17_000391.jpg,0
ppeneg_sh17_001814.jpg,0
ppeneg_sh17_007335.jpg,0
ppeneg_sh17_012662.jpg,0
ppeneg_sh17_007012.jpg,0
ppeneg_sh17_006078.jpg,0
ppeneg_sh17_000785.jpg,0
ppeneg_sh17_003688.jpg,0
ppeneg_sh17_000969.jpg,0
ppeneg_sh17_008878.jpg,0
ppeneg_sh17_009760.jpg,0
ppeneg_sh17_009928.jpg,0
ppeneg_sh17_002456.jpg,0
ppeneg_sh17_004442.jpg,0
ppeneg_sh17_004372.jpg,0
ppeneg_sh17_011834.jpg,0
ppeneg_sh17_000072.jpg,0
ppeneg_sh17_009284.jpg,0
ppeneg_sh17_006487.jpg,0
ppeneg_sh17_011237.jpg,0
ppeneg_sh17_006370.jpg,0
ppeneg_sh17_001755.jpg,0
ppeneg_sh17_005569.jpg,0
ppeneg_sh17_001188.jpg,0
ppeneg_sh17_002726.jpg,0
ppeneg_sh17_004621.jpg,0
ppeneg_sh17_004411.jpg,0
ppeneg_sh17_004525.jpg,0
ppeneg_sh17_008104.jpg,0
ppeneg_sh17_006097.jpg,0
ppeneg_sh17_000190.jpg,0
ppeneg_sh17_010874.jpg,0
ppeneg_sh17_011568.jpg,0
ppeneg_sh17_009483.jpg,0
ppeneg_sh17_006142.jpg,0
ppeneg_sh17_013711.jpg,0
ppeneg_sh17_006272.jpg,0
ppeneg_sh17_005887.jpg,0
ppeneg_sh17_012801.jpg,0
ppeneg_sh17_011962.jpg,0
ppeneg_sh17_003323.jpg,0
ppeneg_sh17_012990.jpg,0
ppeneg_sh17_011504.jpg,0
ppeneg_sh17_006472.jpg,0
ppeneg_sh17_003935.jpg,0
ppeneg_sh17_007373.jpg,0
ppeneg_sh17_009546.jpg,0
ppeneg_sh17_002930.jpg,0
ppeneg_sh17_011866.jpg,0
ppeneg_sh17_012820.jpg,0
ppeneg_sh17_004278.jpg,0
ppeneg_sh17_011137.jpg,0
ppeneg_sh17_010778.jpg,0
ppeneg_sh17_012748.jpg,0
ppeneg_sh17_009749.jpg,0
ppeneg_sh17_004438.jpg,0
ppeneg_sh17_013492.jpg,0
ppeneg_sh17_011425.jpg,0
ppeneg_sh17_013334.jpg,0
ppeneg_sh17_007561.jpg,0
ppeneg_sh17_012121.jpg,0
ppeneg_sh17_000880.jpg,0
ppeneg_sh17_010478.jpg,0
ppeneg_sh17_010151.jpg,0
ppeneg_sh17_007177.jpg,0
ppeneg_sh17_005628.jpg,0
ppeneg_sh17_004981.jpg,0
ppeneg_sh17_005343.jpg,0
ppeneg_sh17_009249.jpg,0
ppeneg_sh17_010597.jpg,0
ppeneg_sh17_007483.jpg,0
ppeneg_sh17_004895.jpg,0
ppeneg_sh17_003924.jpg,0
ppeneg_sh17_005739.jpg,0
ppeneg_sh17_000181.jpg,0
ppeneg_sh17_004188.jpg,0
ppeneg_sh17_003006.jpg,0
ppeneg_sh17_004896.jpg,0
ppeneg_sh17_007640.jpg,0
ppeneg_sh17_003522.jpg,0
ppeneg_sh17_009873.jpg,0
ppeneg_sh17_010665.jpg,0
ppeneg_sh17_007612.jpg,0
ppeneg_sh17_012228.jpg,0
ppeneg_sh17_008098.jpg,0
ppeneg_sh17_002784.jpg,0
ppeneg_sh17_008382.jpg,0
ppeneg_sh17_007069.jpg,0
ppeneg_sh17_007374.jpg,0
ppeneg_sh17_007045.jpg,0
ppeneg_sh17_004383.jpg,0
ppeneg_sh17_010403.jpg,0
ppeneg_sh17_010146.jpg,0
ppeneg_sh17_008076.jpg,0
ppeneg_sh17_012134.jpg,0
ppeneg_sh17_002494.jpg,0
ppeneg_sh17_003748.jpg,0
ppeneg_sh17_010102.jpg,0
ppeneg_sh17_004374.jpg,0
ppeneg_sh17_011495.jpg,0
ppeneg_sh17_013406.jpg,0
ppeneg_sh17_009552.jpg,0
ppeneg_sh17_010841.jpg,0
ppeneg_sh17_000945.jpg,0
ppeneg_sh17_009128.jpg,0
ppeneg_sh17_000374.jpg,0
ppeneg_sh17_011017.jpg,0
ppeneg_sh17_000268.jpg,0
ppeneg_sh17_003675.jpg,0
ppeneg_sh17_010067.jpg,0
ppeneg_sh17_005283.jpg,0
ppeneg_sh17_001483.jpg,0
ppeneg_sh17_000134.jpg,0
ppeneg_sh17_008612.jpg,0
ppeneg_sh17_008657.jpg,0
ppeneg_sh17_006337.jpg,0
ppeneg_sh17_001341.jpg,0
ppeneg_sh17_003774.jpg,0
ppeneg_sh17_004133.jpg,0
ppeneg_sh17_004050.jpg,0
ppeneg_sh17_005502.jpg,0
ppeneg_sh17_001869.jpg,0
ppeneg_sh17_009852.jpg,0
ppeneg_sh17_011981.jpg,0
ppeneg_sh17_008218.jpg,0
ppeneg_sh17_004082.jpg,0
ppeneg_sh17_005009.jpg,0
ppeneg_sh17_013025.jpg,0
ppeneg_sh17_008291.jpg,0
ppeneg_sh17_004833.jpg,0
ppeneg_sh17_010557.jpg,0
ppeneg_sh17_011948.jpg,0
ppeneg_sh17_008318.jpg,0
ppeneg_sh17_006635.jpg,0
ppeneg_sh17_011104.jpg,0
ppeneg_sh17_001013.jpg,0
ppeneg_sh17_009446.jpg,0
ppeneg_sh17_008058.jpg,0
ppeneg_sh17_013363.jpg,0
ppeneg_sh17_011868.jpg,0
ppeneg_sh17_011716.jpg,0
ppeneg_sh17_003405.jpg,0
ppeneg_sh17_003160.jpg,0
ppeneg_sh17_008701.jpg,0
ppeneg_sh17_000157.jpg,0
ppeneg_sh17_005088.jpg,0
ppeneg_sh17_008271.jpg,0
ppeneg_sh17_008487.jpg,0
ppeneg_sh17_005370.jpg,0
ppeneg_sh17_001705.jpg,0
ppeneg_sh17_001331.jpg,0
ppeneg_sh17_009101.jpg,0
ppeneg_sh17_009730.jpg,0
ppeneg_sh17_009542.jpg,0
ppeneg_sh17_006225.jpg,0
ppeneg_sh17_000513.jpg,0
ppeneg_sh17_008259.jpg,0
ppeneg_sh17_004023.jpg,0
ppeneg_sh17_006531.jpg,0
ppeneg_sh17_002895.jpg,0
ppeneg_sh17_002326.jpg,0
ppeneg_sh17_008828.jpg,0
ppeneg_sh17_009317.jpg,0
ppeneg_sh17_000101.jpg,0
ppeneg_sh17_006533.jpg,0
ppeneg_sh17_002506.jpg,0
ppeneg_sh17_000099.jpg,0
ppeneg_sh17_007408.jpg,0
ppeneg_sh17_008474.jpg,0
ppeneg_sh17_012316.jpg,0
ppeneg_sh17_009292.jpg,0
ppeneg_sh17_012549.jpg,0
ppeneg_sh17_009062.jpg,0
ppeneg_sh17_002990.jpg,0
ppeneg_sh17_003694.jpg,0
ppeneg_sh17_013777.jpg,0
ppeneg_sh17_001111.jpg,0
ppeneg_sh17_007725.jpg,0
ppeneg_sh17_005792.jpg,0
ppeneg_sh17_005551.jpg,0
ppeneg_sh17_010458.jpg,0
ppeneg_sh17_012892.jpg,0
ppeneg_sh17_002191.jpg,0
ppeneg_sh17_013509.jpg,0
ppeneg_sh17_007546.jpg,0
ppeneg_sh17_001652.jpg,0
ppeneg_sh17_012115.jpg,0
ppeneg_sh17_006001.jpg,0
ppeneg_sh17_013447.jpg,0
ppeneg_sh17_004989.jpg,0
ppeneg_sh17_013051.jpg,0
ppeneg_sh17_013348.jpg,0
ppeneg_sh17_002073.jpg,0
ppeneg_sh17_003873.jpg,0
ppeneg_sh17_013093.jpg,0
ppeneg_sh17_008422.jpg,0
ppeneg_sh17_001416.jpg,0
ppeneg_sh17_012651.jpg,0
ppeneg_sh17_004228.jpg,0
ppeneg_sh17_004464.jpg,0
ppeneg_sh17_002168.jpg,0
ppeneg_sh17_002535.jpg,0
ppeneg_sh17_002110.jpg,0
ppeneg_sh17_011265.jpg,0
ppeneg_sh17_012507.jpg,0
ppeneg_sh17_008240.jpg,0
ppeneg_sh17_003012.jpg,0
ppeneg_sh17_006752.jpg,0
ppeneg_sh17_005987.jpg,0
ppeneg_sh17_006678.jpg,0
ppeneg_sh17_001826.jpg,0
ppeneg_sh17_002280.jpg,0
ppeneg_sh17_012487.jpg,0
ppeneg_sh17_004510.jpg,0
ppeneg_sh17_001244.jpg,0
ppeneg_sh17_008963.jpg,0
ppeneg_sh17_000728.jpg,0
ppeneg_sh17_008754.jpg,0
ppeneg_sh17_006324.jpg,0
ppeneg_sh17_002266.jpg,0
ppeneg_sh17_000962.jpg,0
ppeneg_sh17_012581.jpg,0
ppeneg_sh17_011991.jpg,0
ppeneg_sh17_004149.jpg,0
ppeneg_sh17_010496.jpg,0
ppeneg_sh17_005346.jpg,0
ppeneg_sh17_000815.jpg,0
ppeneg_sh17_004586.jpg,0
ppeneg_sh17_004778.jpg,0
ppeneg_sh17_002147.jpg,0
ppeneg_sh17_013420.jpg,0
ppeneg_sh17_006119.jpg,0
ppeneg_sh17_005353.jpg,0
ppeneg_sh17_002978.jpg,0
ppeneg_sh17_010272.jpg,0
ppeneg_sh17_001249.jpg,0
ppeneg_sh17_000497.jpg,0
ppeneg_sh17_012896.jpg,0
ppeneg_sh17_004601.jpg,0
ppeneg_sh17_005425.jpg,0
ppeneg_sh17_006945.jpg,0
ppeneg_sh17_006897.jpg,0
ppeneg_sh17_006492.jpg,0
ppeneg_sh17_012648.jpg,0
ppeneg_sh17_000495.jpg,0
ppeneg_sh17_006444.jpg,0
ppeneg_sh17_003448.jpg,0
ppeneg_sh17_001703.jpg,0
ppeneg_sh17_001345.jpg,0
ppeneg_sh17_013489.jpg,0
ppeneg_sh17_002307.jpg,0
ppeneg_sh17_011545.jpg,0
ppeneg_sh17_006541.jpg,0
ppeneg_sh17_013384.jpg,0
ppeneg_sh17_010401.jpg,0
ppeneg_sh17_000467.jpg,0
ppeneg_sh17_012056.jpg,0
ppeneg_sh17_002778.jpg,0
ppeneg_sh17_008851.jpg,0
ppeneg_sh17_002544.jpg,0
ppeneg_sh17_003149.jpg,0
ppeneg_sh17_011531.jpg,0
ppeneg_sh17_001068.jpg,0
ppeneg_sh17_011173.jpg,0
ppeneg_sh17_003662.jpg,0
ppeneg_sh17_008050.jpg,0
ppeneg_sh17_012256.jpg,0
ppeneg_sh17_001088.jpg,0
ppeneg_sh17_005101.jpg,0
ppeneg_sh17_005424.jpg,0
ppeneg_sh17_011088.jpg,0
ppeneg_sh17_005276.jpg,0
ppeneg_sh17_009424.jpg,0
ppeneg_sh17_007635.jpg,0
ppeneg_sh17_004061.jpg,0
ppeneg_sh17_007426.jpg,0
ppeneg_sh17_000775.jpg,0
ppeneg_sh17_008424.jpg,0
ppeneg_sh17_005407.jpg,0
ppeneg_sh17_005345.jpg,0
ppeneg_sh17_005123.jpg,0
ppeneg_sh17_003407.jpg,0
ppeneg_sh17_013726.jpg,0
ppeneg_sh17_011015.jpg,0
ppeneg_sh17_003099.jpg,0
ppeneg_sh17_008869.jpg,0
ppeneg_sh17_005443.jpg,0
ppeneg_sh17_006518.jpg,0
ppeneg_sh17_005279.jpg,0
ppeneg_sh17_005903.jpg,0
ppeneg_sh17_007577.jpg,0
ppeneg_sh17_008367.jpg,0
ppeneg_sh17_010349.jpg,0
ppeneg_sh17_012378.jpg,0
ppeneg_sh17_001533.jpg,0
ppeneg_sh17_006926.jpg,0
ppeneg_sh17_004224.jpg,0
ppeneg_sh17_005782.jpg,0
ppeneg_sh17_000621.jpg,0
ppeneg_sh17_003926.jpg,0
ppeneg_sh17_010988.jpg,0
ppeneg_sh17_006077.jpg,0
ppeneg_sh17_008608.jpg,0
ppeneg_sh17_000834.jpg,0
ppeneg_sh17_005655.jpg,0
ppeneg_sh17_005860.jpg,0
ppeneg_sh17_002517.jpg,0
ppeneg_sh17_009323.jpg,0
ppeneg_sh17_006305.jpg,0
ppeneg_sh17_009098.jpg,0
ppeneg_sh17_012323.jpg,0
ppeneg_sh17_001438.jpg,0
ppeneg_sh17_008176.jpg,0
ppeneg_sh17_010185.jpg,0
ppeneg_sh17_001364.jpg,0
ppeneg_sh17_006787.jpg,0
ppeneg_sh17_008433.jpg,0
ppeneg_sh17_007212.jpg,0
ppeneg_sh17_009011.jpg,0
ppeneg_sh17_002973.jpg,0
ppeneg_sh17_001213.jpg,0
ppeneg_sh17_008880.jpg,0
ppeneg_sh17_010251.jpg,0
ppeneg_sh17_010136.jpg,0
ppeneg_sh17_004837.jpg,0
ppeneg_sh17_001146.jpg,0
ppeneg_sh17_008427.jpg,0
ppeneg_sh17_008062.jpg,0
ppeneg_sh17_001353.jpg,0
ppeneg_sh17_007925.jpg,0
ppeneg_sh17_004489.jpg,0
ppeneg_sh17_002883.jpg,0
ppeneg_sh17_002766.jpg,0
ppeneg_sh17_005493.jpg,0
ppeneg_sh17_006253.jpg,0
ppeneg_sh17_007343.jpg,0
ppeneg_sh17_001728.jpg,0
ppeneg_sh17_001876.jpg,0
ppeneg_sh17_003747.jpg,0
ppeneg_sh17_006009.jpg,0
ppeneg_sh17_007898.jpg,0
ppeneg_sh17_009824.jpg,0
ppeneg_sh17_004303.jpg,0
ppeneg_sh17_002462.jpg,0
ppeneg_sh17_008093.jpg,0
ppeneg_sh17_011753.jpg,0
ppeneg_sh17_011863.jpg,0
ppeneg_sh17_001422.jpg,0
ppeneg_sh17_001722.jpg,0
ppeneg_sh17_010298.jpg,0
ppeneg_sh17_003704.jpg,0
ppeneg_sh17_003021.jpg,0
ppeneg_sh17_008022.jpg,0
ppeneg_sh17_009261.jpg,0
ppeneg_sh17_003476.jpg,0
ppeneg_sh17_002211.jpg,0
ppeneg_sh17_003494.jpg,0
ppeneg_sh17_004955.jpg,0
ppeneg_sh17_008195.jpg,0
ppeneg_sh17_007021.jpg,0
ppeneg_sh17_012676.jpg,0
ppeneg_sh17_008631.jpg,0
ppeneg_sh17_003781.jpg,0
ppeneg_sh17_010785.jpg,0
ppeneg_sh17_006708.jpg,0
ppeneg_sh17_012294.jpg,0
ppeneg_sh17_010990.jpg,0
ppeneg_sh17_002439.jpg,0
ppeneg_sh17_013408.jpg,0
ppeneg_sh17_010420.jpg,0
ppeneg_sh17_011734.jpg,0
ppeneg_sh17_012775.jpg,0
ppeneg_sh17_008552.jpg,0
ppeneg_sh17_009696.jpg,0
ppeneg_sh17_007078.jpg,0
ppeneg_sh17_011100.jpg,0
ppeneg_sh17_003505.jpg,0
ppeneg_sh17_007556.jpg,0
ppeneg_sh17_007716.jpg,0
ppeneg_sh17_013236.jpg,0
ppeneg_sh17_000244.jpg,0
ppeneg_sh17_008956.jpg,0
ppeneg_sh17_012964.jpg,0
ppeneg_sh17_004354.jpg,0
ppeneg_sh17_001125.jpg,0
ppeneg_sh17_008049.jpg,0
ppeneg_sh17_008617.jpg,0
ppeneg_sh17_005025.jpg,0
ppeneg_sh17_012542.jpg,0
ppeneg_sh17_005275.jpg,0
ppeneg_sh17_003777.jpg,0
ppeneg_sh17_003132.jpg,0
ppeneg_sh17_004759.jpg,0
ppeneg_sh17_009946.jpg,0
ppeneg_sh17_000275.jpg,0
ppeneg_sh17_000946.jpg,0
ppeneg_sh17_008958.jpg,0
ppeneg_sh17_004807.jpg,0
ppeneg_sh17_012144.jpg,0
ppeneg_sh17_013078.jpg,0
ppeneg_sh17_012533.jpg,0
ppeneg_sh17_012111.jpg,0
ppeneg_sh17_003027.jpg,0
ppeneg_sh17_010947.jpg,0
ppeneg_sh17_001978.jpg,0
ppeneg_sh17_003800.jpg,0
ppeneg_sh17_011105.jpg,0
ppeneg_sh17_004784.jpg,0
ppeneg_sh17_002118.jpg,0
ppeneg_sh17_001014.jpg,0
ppeneg_sh17_009764.jpg,0
ppeneg_sh17_012501.jpg,0
ppeneg_sh17_002700.jpg,0
ppeneg_sh17_005308.jpg,0
ppeneg_sh17_000782.jpg,0
ppeneg_sh17_002944.jpg,0
ppeneg_sh17_007697.jpg,0
ppeneg_sh17_003866.jpg,0
ppeneg_sh17_002178.jpg,0
ppeneg_sh17_012758.jpg,0
ppeneg_sh17_006833.jpg,0
ppeneg_sh17_011633.jpg,0
ppeneg_sh17_002777.jpg,0
ppeneg_sh17_000362.jpg,0
ppeneg_sh17_007730.jpg,0
ppeneg_sh17_004826.jpg,0
ppeneg_sh17_006480.jpg,0
ppeneg_sh17_000588.jpg,0
ppeneg_sh17_013424.jpg,0
ppeneg_sh17_008443.jpg,0
ppeneg_sh17_013115.jpg,0
ppeneg_sh17_003858.jpg,0
ppeneg_sh17_005546.jpg,0
ppeneg_sh17_002540.jpg,0
ppeneg_sh17_008879.jpg,0
ppeneg_sh17_011196.jpg,0
ppeneg_sh17_008157.jpg,0
ppeneg_sh17_004801.jpg,0
ppeneg_sh17_007405.jpg,0
ppeneg_sh17_002433.jpg,0
ppeneg_sh17_002060.jpg,0
ppeneg_sh17_011227.jpg,0
ppeneg_sh17_009861.jpg,0
ppeneg_sh17_010340.jpg,0
ppeneg_sh17_006326.jpg,0
ppeneg_sh17_013690.jpg,0
ppeneg_sh17_005636.jpg,0
ppeneg_sh17_005598.jpg,0
ppeneg_sh17_004877.jpg,0
ppeneg_sh17_006371.jpg,0
ppeneg_sh17_002256.jpg,0
ppeneg_sh17_002412.jpg,0
ppeneg_sh17_007088.jpg,0
ppeneg_sh17_003498.jpg,0
ppeneg_sh17_006665.jpg,0
ppeneg_sh17_005652.jpg,0
ppeneg_sh17_008279.jpg,0
ppeneg_sh17_007521.jpg,0
ppeneg_sh17_005738.jpg,0
ppeneg_sh17_008434.jpg,0
ppeneg_sh17_006043.jpg,0
ppeneg_sh17_011352.jpg,0
ppeneg_sh17_001812.jpg,0
ppeneg_sh17_004161.jpg,0
ppeneg_sh17_009140.jpg,0
ppeneg_sh17_010670.jpg,0
ppeneg_sh17_011502.jpg,0
ppeneg_sh17_008314.jpg,0
ppeneg_sh17_000381.jpg,0
ppeneg_sh17_001069.jpg,0
ppeneg_sh17_003428.jpg,0
ppeneg_sh17_006882.jpg,0
ppeneg_sh17_000205.jpg,0
ppeneg_sh17_003828.jpg,0
ppeneg_sh17_003296.jpg,0
ppeneg_sh17_011266.jpg,0
ppeneg_sh17_008671.jpg,0
ppeneg_sh17_000586.jpg,0
ppeneg_sh17_007413.jpg,0
ppeneg_sh17_002608.jpg,0
ppeneg_sh17_004005.jpg,0
ppeneg_sh17_007014.jpg,0
ppeneg_sh17_007665.jpg,0
ppeneg_sh17_002207.jpg,0
ppeneg_sh17_011898.jpg,0
ppeneg_sh17_006784.jpg,0
ppeneg_sh17_006659.jpg,0
ppeneg_sh17_010052.jpg,0
ppeneg_sh17_000454.jpg,0
ppeneg_sh17_008362.jpg,0
ppeneg_sh17_003891.jpg,0
ppeneg_sh17_003562.jpg,0
ppeneg_sh17_010912.jpg,0
ppeneg_sh17_001095.jpg,0
ppeneg_sh17_009940.jpg,0
ppeneg_sh17_012179.jpg,0
ppeneg_sh17_011625.jpg,0
ppeneg_sh17_008221.jpg,0
ppeneg_sh17_010002.jpg,0
ppeneg_sh17_000077.jpg,0
ppeneg_sh17_005844.jpg,0
ppeneg_sh17_013315.jpg,0
ppeneg_sh17_010080.jpg,0
ppeneg_sh17_006860.jpg,0
ppeneg_sh17_012863.jpg,0
ppeneg_sh17_011837.jpg,0
ppeneg_sh17_007004.jpg,0
ppeneg_sh17_012261.jpg,0
ppeneg_sh17_001186.jpg,0
ppeneg_sh17_003301.jpg,0
ppeneg_sh17_011778.jpg,0
ppeneg_sh17_007760.jpg,0
ppeneg_sh17_003549.jpg,0
ppeneg_sh17_004899.jpg,0
ppeneg_sh17_011577.jpg,0
ppeneg_sh17_010482.jpg,0
ppeneg_sh17_005262.jpg,0
ppeneg_sh17_001794.jpg,0
ppeneg_sh17_010367.jpg,0
ppeneg_sh17_000267.jpg,0
ppeneg_sh17_000585.jpg,0
ppeneg_sh17_000765.jpg,0
ppeneg_sh17_004289.jpg,0
ppeneg_sh17_008508.jpg,0
ppeneg_sh17_000702.jpg,0
ppeneg_sh17_002574.jpg,0
ppeneg_sh17_004448.jpg,0
ppeneg_sh17_001314.jpg,0
ppeneg_sh17_004856.jpg,0
ppeneg_sh17_000087.jpg,0
ppeneg_sh17_001278.jpg,0
ppeneg_sh17_000027.jpg,0
ppeneg_sh17_011596.jpg,0
ppeneg_sh17_004346.jpg,0
ppeneg_sh17_013172.jpg,0
ppeneg_sh17_004491.jpg,0
ppeneg_sh17_013641.jpg,0
ppeneg_sh17_007099.jpg,0
ppeneg_sh17_007733.jpg,0
ppeneg_sh17_005136.jpg,0
ppeneg_sh17_012338.jpg,0
ppeneg_sh17_001242.jpg,0
ppeneg_sh17_004957.jpg,0
ppeneg_sh17_012375.jpg,0
ppeneg_sh17_002195.jpg,0
ppeneg_sh17_012860.jpg,0
ppeneg_sh17_003531.jpg,0
ppeneg_sh17_010093.jpg,0
ppeneg_sh17_002162.jpg,0
ppeneg_sh17_009632.jpg,0
ppeneg_sh17_005562.jpg,0
ppeneg_sh17_000453.jpg,0
ppeneg_sh17_005678.jpg,0
ppeneg_sh17_000180.jpg,0
ppeneg_sh17_006345.jpg,0
ppeneg_sh17_004118.jpg,0
ppeneg_sh17_009462.jpg,0
ppeneg_sh17_004706.jpg,0
ppeneg_sh17_000494.jpg,0
ppeneg_sh17_013692.jpg,0
ppeneg_sh17_003247.jpg,0
ppeneg_sh17_007064.jpg,0
ppeneg_sh17_004671.jpg,0
ppeneg_sh17_003335.jpg,0
ppeneg_sh17_003928.jpg,0
ppeneg_sh17_008814.jpg,0
ppeneg_sh17_001679.jpg,0
ppeneg_sh17_009473.jpg,0
ppeneg_sh17_007813.jpg,0
ppeneg_sh17_007303.jpg,0
ppeneg_sh17_008832.jpg,0
ppeneg_sh17_010782.jpg,0
ppeneg_sh17_003913.jpg,0
ppeneg_sh17_007645.jpg,0
ppeneg_sh17_008335.jpg,0
ppeneg_sh17_007062.jpg,0
ppeneg_sh17_004587.jpg,0
ppeneg_sh17_008266.jpg,0
ppeneg_sh17_012151.jpg,0
ppeneg_sh17_009668.jpg,0
ppeneg_sh17_009194.jpg,0
ppeneg_sh17_008507.jpg,0
ppeneg_sh17_003059.jpg,0
ppeneg_sh17_008987.jpg,0
ppeneg_sh17_004468.jpg,0
ppeneg_sh17_001718.jpg,0
ppeneg_sh17_006073.jpg,0
ppeneg_sh17_003395.jpg,0
ppeneg_sh17_010869.jpg,0
ppeneg_sh17_000073.jpg,0
ppeneg_sh17_001206.jpg,0
ppeneg_sh17_005707.jpg,0
ppeneg_sh17_004058.jpg,0
ppeneg_sh17_011373.jpg,0
ppeneg_sh17_007221.jpg,0
ppeneg_sh17_003386.jpg,0
ppeneg_sh17_011854.jpg,0
ppeneg_sh17_012113.jpg,0
ppeneg_sh17_005179.jpg,0
ppeneg_sh17_011234.jpg,0
ppeneg_sh17_009671.jpg,0
ppeneg_sh17_013273.jpg,0
ppeneg_sh17_010463.jpg,0
ppeneg_sh17_011423.jpg,0
ppeneg_sh17_010725.jpg,0
ppeneg_sh17_006627.jpg,0
ppeneg_sh17_007954.jpg,0
ppeneg_sh17_001503.jpg,0
ppeneg_sh17_012813.jpg,0
ppeneg_sh17_010415.jpg,0
ppeneg_sh17_009838.jpg,0
ppeneg_sh17_013142.jpg,0
ppeneg_sh17_013005.jpg,0
ppeneg_sh17_000425.jpg,0
ppeneg_sh17_000784.jpg,0
ppeneg_sh17_011763.jpg,0
ppeneg_sh17_013635.jpg,0
ppeneg_sh17_013065.jpg,0
ppeneg_sh17_002251.jpg,0
ppeneg_sh17_011376.jpg,0
ppeneg_sh17_008506.jpg,0
ppeneg_sh17_010110.jpg,0
ppeneg_sh17_001713.jpg,0
ppeneg_sh17_003631.jpg,0
ppeneg_sh17_006350.jpg,0
ppeneg_sh17_000023.jpg,0
ppeneg_sh17_002006.jpg,0
ppeneg_sh17_001399.jpg,0
ppeneg_sh17_010829.jpg,0
ppeneg_sh17_011815.jpg,0
ppeneg_sh17_010764.jpg,0
ppeneg_sh17_013607.jpg,0
ppeneg_sh17_001634.jpg,0
ppeneg_sh17_011965.jpg,0
ppeneg_sh17_002770.jpg,0
ppeneg_sh17_013678.jpg,0
ppeneg_sh17_012754.jpg,0
ppeneg_sh17_005160.jpg,0
ppeneg_sh17_006935.jpg,0
ppeneg_sh17_012130.jpg,0
ppeneg_sh17_008890.jpg,0
ppeneg_sh17_011895.jpg,0
ppeneg_sh17_006625.jpg,0
ppeneg_sh17_004310.jpg,0
ppeneg_sh17_008345.jpg,0
ppeneg_sh17_006709.jpg,0
ppeneg_sh17_000615.jpg,0
ppeneg_sh17_006439.jpg,0
ppeneg_sh17_012301.jpg,0
ppeneg_sh17_006130.jpg,0
ppeneg_sh17_004700.jpg,0
ppeneg_sh17_002335.jpg,0
ppeneg_sh17_009326.jpg,0
ppeneg_sh17_012565.jpg,0
ppeneg_sh17_004097.jpg,0
ppeneg_sh17_007802.jpg,0
ppeneg_sh17_013072.jpg,0
ppeneg_sh17_001544.jpg,0
ppeneg_sh17_009570.jpg,0
ppeneg_sh17_007905.jpg,0
ppeneg_sh17_005746.jpg,0
ppeneg_sh17_005876.jpg,0
ppeneg_sh17_009704.jpg,0
ppeneg_sh17_000428.jpg,0
ppeneg_sh17_010411.jpg,0
ppeneg_sh17_010567.jpg,0
ppeneg_sh17_001374.jpg,0
ppeneg_sh17_010302.jpg,0
ppeneg_sh17_008938.jpg,0
ppeneg_sh17_003600.jpg,0
ppeneg_sh17_005654.jpg,0
ppeneg_sh17_011439.jpg,0
ppeneg_sh17_007211.jpg,0
ppeneg_sh17_005039.jpg,0
ppeneg_sh17_011765.jpg,0
ppeneg_sh17_013631.jpg,0
ppeneg_sh17_005517.jpg,0
ppeneg_sh17_008693.jpg,0
ppeneg_sh17_006777.jpg,0
ppeneg_sh17_003874.jpg,0
ppeneg_sh17_011216.jpg,0
ppeneg_sh17_000051.jpg,0
ppeneg_sh17_001442.jpg,0
ppeneg_sh17_000003.jpg,0
ppeneg_sh17_010152.jpg,0
ppeneg_sh17_011136.jpg,0
ppeneg_sh17_010625.jpg,0
ppeneg_sh17_009623.jpg,0
ppeneg_sh17_010827.jpg,0
ppeneg_sh17_012339.jpg,0
ppeneg_sh17_008116.jpg,0
ppeneg_sh17_007631.jpg,0
ppeneg_sh17_006794.jpg,0
ppeneg_sh17_006545.jpg,0
ppeneg_sh17_004836.jpg,0
ppeneg_sh17_007811.jpg,0
ppeneg_sh17_012400.jpg,0
ppeneg_sh17_000507.jpg,0
ppeneg_sh17_011600.jpg,0
ppeneg_sh17_005568.jpg,0
ppeneg_sh17_003661.jpg,0
ppeneg_sh17_004868.jpg,0
ppeneg_sh17_010681.jpg,0
ppeneg_sh17_004766.jpg,0
ppeneg_sh17_010671.jpg,0
ppeneg_sh17_007755.jpg,0
ppeneg_sh17_002250.jpg,0
ppeneg_sh17_007341.jpg,0
ppeneg_sh17_001453.jpg,0
ppeneg_sh17_005271.jpg,0
ppeneg_sh17_012723.jpg,0
ppeneg_sh17_009685.jpg,0
ppeneg_sh17_000999.jpg,0
ppeneg_sh17_005292.jpg,0
ppeneg_sh17_013319.jpg,0
ppeneg_sh17_001861.jpg,0
ppeneg_sh17_006660.jpg,0
ppeneg_sh17_005191.jpg,0
ppeneg_sh17_002817.jpg,0
ppeneg_sh17_007601.jpg,0
ppeneg_sh17_000893.jpg,0
ppeneg_sh17_008212.jpg,0
ppeneg_sh17_009599.jpg,0
ppeneg_sh17_003218.jpg,0
ppeneg_sh17_013584.jpg,0
ppeneg_sh17_002001.jpg,0
ppeneg_sh17_012665.jpg,0
ppeneg_sh17_009541.jpg,0
ppeneg_sh17_012138.jpg,0
ppeneg_sh17_009309.jpg,0
ppeneg_sh17_004590.jpg,0
ppeneg_sh17_007151.jpg,0
ppeneg_sh17_002772.jpg,0
ppeneg_sh17_003017.jpg,0
ppeneg_sh17_007109.jpg,0
ppeneg_sh17_012806.jpg,0
ppeneg_sh17_010652.jpg,0
ppeneg_sh17_010233.jpg,0
ppeneg_sh17_005394.jpg,0
ppeneg_sh17_003212.jpg,0
ppeneg_sh17_008132.jpg,0
ppeneg_sh17_005044.jpg,0
ppeneg_sh17_004721.jpg,0
ppeneg_sh17_000522.jpg,0
ppeneg_sh17_010011.jpg,0
ppeneg_sh17_005572.jpg,0
ppeneg_sh17_007379.jpg,0
ppeneg_sh17_011394.jpg,0
ppeneg_sh17_000843.jpg,0
ppeneg_sh17_001239.jpg,0
ppeneg_sh17_006511.jpg,0
ppeneg_sh17_003838.jpg,0
ppeneg_sh17_003577.jpg,0
ppeneg_sh17_008897.jpg,0
ppeneg_sh17_001000.jpg,0
ppeneg_sh17_007501.jpg,0
ppeneg_sh17_004352.jpg,0
ppeneg_sh17_005990.jpg,0
ppeneg_sh17_001780.jpg,0
ppeneg_sh17_002976.jpg,0
ppeneg_sh17_006321.jpg,0
ppeneg_sh17_000596.jpg,0
ppeneg_sh17_013053.jpg,0
ppeneg_sh17_001865.jpg,0
ppeneg_sh17_003916.jpg,0
ppeneg_sh17_011756.jpg,0
ppeneg_sh17_000545.jpg,0
ppeneg_sh17_010466.jpg,0
ppeneg_sh17_013267.jpg,0
ppeneg_sh17_008437.jpg,0
ppeneg_sh17_002465.jpg,0
ppeneg_sh17_009659.jpg,0
ppeneg_sh17_012675.jpg,0
ppeneg_sh17_007934.jpg,0
ppeneg_sh17_007607.jpg,0
ppeneg_sh17_006124.jpg,0
ppeneg_sh17_000675.jpg,0
ppeneg_sh17_007471.jpg,0
ppeneg_sh17_006021.jpg,0
ppeneg_sh17_002322.jpg,0
ppeneg_sh17_006972.jpg,0
ppeneg_sh17_000100.jpg,0
ppeneg_sh17_011845.jpg,0
ppeneg_sh17_003802.jpg,0
ppeneg_sh17_009653.jpg,0
ppeneg_sh17_005899.jpg,0
ppeneg_sh17_010282.jpg,0
ppeneg_sh17_004096.jpg,0
ppeneg_sh17_009519.jpg,0
ppeneg_sh17_006613.jpg,0
ppeneg_sh17_006267.jpg,0
ppeneg_sh17_011419.jpg,0
ppeneg_sh17_005711.jpg,0
ppeneg_sh17_003650.jpg,0
ppeneg_sh17_012809.jpg,0
ppeneg_sh17_012864.jpg,0
ppeneg_sh17_011172.jpg,0
ppeneg_sh17_007327.jpg,0
ppeneg_sh17_008839.jpg,0
ppeneg_sh17_004311.jpg,0
ppeneg_sh17_007032.jpg,0
ppeneg_sh17_006474.jpg,0
ppeneg_sh17_011230.jpg,0
ppeneg_sh17_002357.jpg,0
ppeneg_sh17_003102.jpg,0
ppeneg_sh17_011729.jpg,0
ppeneg_sh17_009410.jpg,0
ppeneg_sh17_007528.jpg,0
ppeneg_sh17_001989.jpg,0
ppeneg_sh17_012814.jpg,0
ppeneg_sh17_005975.jpg,0
ppeneg_sh17_008105.jpg,0
ppeneg_sh17_005061.jpg,0
ppeneg_sh17_000440.jpg,0
ppeneg_sh17_013732.jpg,0
ppeneg_sh17_001608.jpg,0
ppeneg_sh17_007710.jpg,0
ppeneg_sh17_010694.jpg,0
ppeneg_sh17_009619.jpg,0
ppeneg_sh17_011319.jpg,0
ppeneg_sh17_002926.jpg,0
ppeneg_sh17_013391.jpg,0
ppeneg_sh17_001592.jpg,0
ppeneg_sh17_001232.jpg,0
ppeneg_sh17_005250.jpg,0
ppeneg_sh17_004408.jpg,0
ppeneg_sh17_001751.jpg,0
ppeneg_sh17_003249.jpg,0
ppeneg_sh17_006646.jpg,0
ppeneg_sh17_013257.jpg,0
ppeneg_sh17_008503.jpg,0
ppeneg_sh17_009933.jpg,0
ppeneg_sh17_001892.jpg,0
ppeneg_sh17_003211.jpg,0
ppeneg_sh17_002309.jpg,0
ppeneg_sh17_011134.jpg,0
ppeneg_sh17_002324.jpg,0
ppeneg_sh17_007519.jpg,0
ppeneg_sh17_009157.jpg,0
ppeneg_sh17_000326.jpg,0
ppeneg_sh17_007312.jpg,0
ppeneg_sh17_010877.jpg,0
ppeneg_sh17_010866.jpg,0
ppeneg_sh17_005056.jpg,0
ppeneg_sh17_013761.jpg,0
ppeneg_sh17_012157.jpg,0
ppeneg_sh17_013214.jpg,0
ppeneg_sh17_001505.jpg,0
ppeneg_sh17_010337.jpg,0
ppeneg_sh17_008846.jpg,0
ppeneg_sh17_005382.jpg,0
ppeneg_sh17_002084.jpg,0
ppeneg_sh17_004665.jpg,0
ppeneg_sh17_007139.jpg,0
ppeneg_sh17_006711.jpg,0
ppeneg_sh17_002511.jpg,0
ppeneg_sh17_001215.jpg,0
ppeneg_sh17_007179.jpg,0
ppeneg_sh17_009884.jpg,0
ppeneg_sh17_012325.jpg,0
ppeneg_sh17_003221.jpg,0
ppeneg_sh17_011400.jpg,0
ppeneg_sh17_002932.jpg,0
ppeneg_sh17_012555.jpg,0
ppeneg_sh17_000464.jpg,0
ppeneg_sh17_012884.jpg,0
ppeneg_sh17_008981.jpg,0
ppeneg_sh17_007192.jpg,0
ppeneg_sh17_002646.jpg,0
ppeneg_sh17_005273.jpg,0
ppeneg_sh17_005869.jpg,0
ppeneg_sh17_004480.jpg,0
ppeneg_sh17_010974.jpg,0
ppeneg_sh17_009881.jpg,0
ppeneg_sh17_007154.jpg,0
ppeneg_sh17_011728.jpg,0
ppeneg_sh17_005601.jpg,0
ppeneg_sh17_005194.jpg,0
ppeneg_sh17_008947.jpg,0
ppeneg_sh17_012539.jpg,0
ppeneg_sh17_001277.jpg,0
ppeneg_sh17_001871.jpg,0
ppeneg_sh17_012053.jpg,0
ppeneg_sh17_012888.jpg,0
ppeneg_sh17_007467.jpg,0
ppeneg_sh17_003752.jpg,0
ppeneg_sh17_007400.jpg,0
ppeneg_sh17_007319.jpg,0
ppeneg_sh17_002002.jpg,0
ppeneg_sh17_009715.jpg,0
ppeneg_sh17_006228.jpg,0
ppeneg_sh17_013092.jpg,0
ppeneg_sh17_011644.jpg,0
ppeneg_sh17_004839.jpg,0
ppeneg_sh17_008991.jpg,0
ppeneg_sh17_002515.jpg,0
ppeneg_sh17_002559.jpg,0
ppeneg_sh17_008875.jpg,0
ppeneg_sh17_006327.jpg,0
ppeneg_sh17_000543.jpg,0
ppeneg_sh17_005826.jpg,0
ppeneg_sh17_000479.jpg,0
ppeneg_sh17_003812.jpg,0
ppeneg_sh17_010104.jpg,0
ppeneg_sh17_003717.jpg,0
ppeneg_sh17_001370.jpg,0
ppeneg_sh17_013018.jpg,0
ppeneg_sh17_002233.jpg,0
ppeneg_sh17_010668.jpg,0
ppeneg_sh17_010797.jpg,0
ppeneg_sh17_007194.jpg,0
ppeneg_sh17_012304.jpg,0
ppeneg_sh17_007534.jpg,0
ppeneg_sh17_000726.jpg,0
ppeneg_sh17_002951.jpg,0
ppeneg_sh17_000117.jpg,0
ppeneg_sh17_006497.jpg,0
ppeneg_sh17_002952.jpg,0
ppeneg_sh17_000907.jpg,0
ppeneg_sh17_008243.jpg,0
ppeneg_sh17_007865.jpg,0
ppeneg_sh17_008214.jpg,0
ppeneg_sh17_005679.jpg,0
ppeneg_sh17_010077.jpg,0
ppeneg_sh17_003364.jpg,0
ppeneg_sh17_000405.jpg,0
ppeneg_sh17_000832.jpg,0
ppeneg_sh17_008923.jpg,0
ppeneg_sh17_002442.jpg,0
ppeneg_sh17_012358.jpg,0
ppeneg_sh17_006162.jpg,0
ppeneg_sh17_009123.jpg,0
ppeneg_sh17_009175.jpg,0
ppeneg_sh17_011746.jpg,0
ppeneg_sh17_012320.jpg,0
ppeneg_sh17_007588.jpg,0
ppeneg_sh17_012406.jpg,0
ppeneg_sh17_011407.jpg,0
ppeneg_sh17_000964.jpg,0
ppeneg_sh17_007306.jpg,0
ppeneg_sh17_003759.jpg,0
ppeneg_sh17_006034.jpg,0
ppeneg_sh17_003464.jpg,0
ppeneg_sh17_005117.jpg,0
ppeneg_sh17_000194.jpg,0
ppeneg_sh17_002968.jpg,0
ppeneg_sh17_011487.jpg,0
ppeneg_sh17_002549.jpg,0
ppeneg_sh17_009221.jpg,0
ppeneg_sh17_000552.jpg,0
ppeneg_sh17_004977.jpg,0
ppeneg_sh17_007950.jpg,0
ppeneg_sh17_007339.jpg,0
ppeneg_sh17_012710.jpg,0
ppeneg_sh17_007537.jpg,0
ppeneg_sh17_002091.jpg,0
ppeneg_sh17_012250.jpg,0
ppeneg_sh17_001655.jpg,0
ppeneg_sh17_004808.jpg,0
ppeneg_sh17_008641.jpg,0
ppeneg_sh17_000865.jpg,0
ppeneg_sh17_009099.jpg,0
ppeneg_sh17_005255.jpg,0
ppeneg_sh17_010402.jpg,0
ppeneg_sh17_001458.jpg,0
ppeneg_sh17_012447.jpg,0
ppeneg_sh17_004187.jpg,0
ppeneg_sh17_006314.jpg,0
ppeneg_sh17_005627.jpg,0
ppeneg_sh17_004260.jpg,0
ppeneg_sh17_006368.jpg,0
ppeneg_sh17_003164.jpg,0
ppeneg_sh17_001300.jpg,0
ppeneg_sh17_011150.jpg,0
ppeneg_sh17_008750.jpg,0
ppeneg_sh17_010378.jpg,0
ppeneg_sh17_002473.jpg,0
ppeneg_sh17_010735.jpg,0
ppeneg_sh17_004864.jpg,0
ppeneg_sh17_002805.jpg,0
ppeneg_sh17_002388.jpg,0
ppeneg_sh17_008112.jpg,0
ppeneg_sh17_009915.jpg,0
ppeneg_sh17_009593.jpg,0
ppeneg_sh17_002647.jpg,0
ppeneg_sh17_002595.jpg,0
ppeneg_sh17_007542.jpg,0
ppeneg_sh17_005966.jpg,0
ppeneg_sh17_000693.jpg,0
ppeneg_sh17_000970.jpg,0
ppeneg_sh17_012073.jpg,0
ppeneg_sh17_005222.jpg,0
ppeneg_sh17_012568.jpg,0
ppeneg_sh17_006770.jpg,0
ppeneg_sh17_003684.jpg,0
ppeneg_sh17_010214.jpg,0
ppeneg_sh17_007854.jpg,0
ppeneg_sh17_002601.jpg,0
ppeneg_sh17_004284.jpg,0
ppeneg_sh17_004518.jpg,0
ppeneg_sh17_004627.jpg,0
ppeneg_sh17_001293.jpg,0
ppeneg_sh17_009583.jpg,0
ppeneg_sh17_005619.jpg,0
ppeneg_sh17_011908.jpg,0
ppeneg_sh17_007579.jpg,0
ppeneg_sh17_006714.jpg,0
ppeneg_sh17_004607.jpg,0
ppeneg_sh17_004413.jpg,0
ppeneg_sh17_009679.jpg,0
ppeneg_sh17_001848.jpg,0
ppeneg_sh17_001103.jpg,0
ppeneg_sh17_002543.jpg,0
ppeneg_sh17_008384.jpg,0
ppeneg_sh17_004335.jpg,0
ppeneg_sh17_004834.jpg,0
ppeneg_sh17_008353.jpg,0
ppeneg_sh17_012570.jpg,0
ppeneg_sh17_012434.jpg,0
ppeneg_sh17_006338.jpg,0
ppeneg_sh17_006542.jpg,0
ppeneg_sh17_008885.jpg,0
ppeneg_sh17_009825.jpg,0
ppeneg_sh17_001361.jpg,0
ppeneg_sh17_005264.jpg,0
ppeneg_sh17_012283.jpg,0
ppeneg_sh17_011051.jpg,0
ppeneg_sh17_007836.jpg,0
ppeneg_sh17_012302.jpg,0
ppeneg_sh17_001428.jpg,0
ppeneg_sh17_009971.jpg,0
ppeneg_sh17_000546.jpg,0
ppeneg_sh17_002794.jpg,0
ppeneg_sh17_008714.jpg,0
ppeneg_sh17_007963.jpg,0
ppeneg_sh17_010228.jpg,0
ppeneg_sh17_005999.jpg,0
ppeneg_sh17_008366.jpg,0
ppeneg_sh17_003570.jpg,0
ppeneg_sh17_010637.jpg,0
ppeneg_sh17_003769.jpg,0
ppeneg_sh17_000918.jpg,0
ppeneg_sh17_010609.jpg,0
ppeneg_sh17_001405.jpg,0
ppeneg_sh17_001265.jpg,0
ppeneg_sh17_008742.jpg,0
ppeneg_sh17_003846.jpg,0
ppeneg_sh17_007702.jpg,0
ppeneg_sh17_011583.jpg,0
ppeneg_sh17_006157.jpg,0
ppeneg_sh17_007513.jpg,0
ppeneg_sh17_008765.jpg,0
ppeneg_sh17_009700.jpg,0
ppeneg_sh17_012276.jpg,0
ppeneg_sh17_003146.jpg,0
ppeneg_sh17_007578.jpg,0
ppeneg_sh17_006856.jpg,0
ppeneg_sh17_003621.jpg,0
ppeneg_sh17_012093.jpg,0
ppeneg_sh17_002436.jpg,0
ppeneg_sh17_008609.jpg,0
ppeneg_sh17_008752.jpg,0
ppeneg_sh17_001853.jpg,0
ppeneg_sh17_007121.jpg,0
ppeneg_sh17_012912.jpg,0
ppeneg_sh17_007721.jpg,0
ppeneg_sh17_010335.jpg,0
ppeneg_sh17_010165.jpg,0
ppeneg_sh17_002971.jpg,0
ppeneg_sh17_006766.jpg,0
ppeneg_sh17_013503.jpg,0
ppeneg_sh17_011634.jpg,0
ppeneg_sh17_009898.jpg,0
ppeneg_sh17_005462.jpg,0
ppeneg_sh17_006859.jpg,0
ppeneg_sh17_006202.jpg,0
ppeneg_sh17_003933.jpg,0
ppeneg_sh17_012916.jpg,0
ppeneg_sh17_006851.jpg,0
ppeneg_sh17_009791.jpg,0
ppeneg_sh17_011132.jpg,0
ppeneg_sh17_004242.jpg,0
ppeneg_sh17_008224.jpg,0
ppeneg_sh17_008071.jpg,0
ppeneg_sh17_004633.jpg,0
ppeneg_sh17_001094.jpg,0
ppeneg_sh17_000762.jpg,0
ppeneg_sh17_009425.jpg,0
ppeneg_sh17_003003.jpg,0
ppeneg_sh17_003653.jpg,0
ppeneg_sh17_013746.jpg,0
ppeneg_sh17_005848.jpg,0
ppeneg_sh17_013696.jpg,0
ppeneg_sh17_007664.jpg,0
ppeneg_sh17_003757.jpg,0
ppeneg_sh17_009231.jpg,0
ppeneg_sh17_010097.jpg,0
ppeneg_sh17_000612.jpg,0
ppeneg_sh17_009392.jpg,0
ppeneg_sh17_000868.jpg,0
ppeneg_sh17_007166.jpg,0
ppeneg_sh17_013189.jpg,0
ppeneg_sh17_005272.jpg,0
ppeneg_sh17_007490.jpg,0
ppeneg_sh17_006529.jpg,0
ppeneg_sh17_011476.jpg,0
ppeneg_sh17_012505.jpg,0
ppeneg_sh17_008035.jpg,0
ppeneg_sh17_001684.jpg,0
ppeneg_sh17_009133.jpg,0
ppeneg_sh17_013216.jpg,0
ppeneg_sh17_004616.jpg,0
ppeneg_sh17_001202.jpg,0
ppeneg_sh17_005312.jpg,0
ppeneg_sh17_000924.jpg,0
ppeneg_sh17_006193.jpg,0
ppeneg_sh17_012886.jpg,0
ppeneg_sh17_008178.jpg,0
ppeneg_sh17_000191.jpg,0
ppeneg_sh17_011331.jpg,0
ppeneg_sh17_003080.jpg,0
ppeneg_sh17_012238.jpg,0
ppeneg_sh17_003391.jpg,0
ppeneg_sh17_006910.jpg,0
ppeneg_sh17_003599.jpg,0
ppeneg_sh17_006636.jpg,0
ppeneg_sh17_010522.jpg,0
ppeneg_sh17_006855.jpg,0
ppeneg_sh17_008894.jpg,0
ppeneg_sh17_004184.jpg,0
ppeneg_sh17_004773.jpg,0
ppeneg_sh17_000695.jpg,0
ppeneg_sh17_010413.jpg,0
ppeneg_sh17_010490.jpg,0
ppeneg_sh17_011406.jpg,0
ppeneg_sh17_012279.jpg,0
ppeneg_sh17_001583.jpg,0
ppeneg_sh17_005008.jpg,0
ppeneg_sh17_000863.jpg,0
ppeneg_sh17_011998.jpg,0
ppeneg_sh17_002282.jpg,0
ppeneg_sh17_008284.jpg,0
ppeneg_sh17_000743.jpg,0
ppeneg_sh17_008199.jpg,0
ppeneg_sh17_011049.jpg,0
ppeneg_sh17_009189.jpg,0
ppeneg_sh17_004742.jpg,0
ppeneg_sh17_007915.jpg,0
ppeneg_sh17_008298.jpg,0
ppeneg_sh17_008053.jpg,0
ppeneg_sh17_008512.jpg,0
ppeneg_sh17_005570.jpg,0
ppeneg_sh17_005780.jpg,0
ppeneg_sh17_004128.jpg,0
ppeneg_sh17_008601.jpg,0
ppeneg_sh17_003192.jpg,0
ppeneg_sh17_003805.jpg,0
ppeneg_sh17_008256.jpg,0
ppeneg_sh17_001056.jpg,0
ppeneg_sh17_004618.jpg,0
ppeneg_sh17_004148.jpg,0
ppeneg_sh17_002943.jpg,0
ppeneg_sh17_011677.jpg,0
ppeneg_sh17_012752.jpg,0
ppeneg_sh17_002814.jpg,0
ppeneg_sh17_013480.jpg,0
ppeneg_sh17_005858.jpg,0
ppeneg_sh17_005314.jpg,0
ppeneg_sh17_005457.jpg,0
ppeneg_sh17_007189.jpg,0
ppeneg_sh17_013541.jpg,0
ppeneg_sh17_009246.jpg,0
ppeneg_sh17_006864.jpg,0
ppeneg_sh17_011368.jpg,0
ppeneg_sh17_012203.jpg,0
ppeneg_sh17_008632.jpg,0
ppeneg_sh17_009297.jpg,0
ppeneg_sh17_007363.jpg,0
ppeneg_sh17_006331.jpg,0
ppeneg_sh17_006255.jpg,0
ppeneg_sh17_008061.jpg,0
ppeneg_sh17_004610.jpg,0
ppeneg_sh17_009821.jpg,0
ppeneg_sh17_011096.jpg,0
ppeneg_sh17_012069.jpg,0
ppeneg_sh17_011268.jpg,0
ppeneg_sh17_002668.jpg,0
ppeneg_sh17_002407.jpg,0
ppeneg_sh17_000314.jpg,0
ppeneg_sh17_011886.jpg,0
ppeneg_sh17_008120.jpg,0
ppeneg_sh17_009134.jpg,0
ppeneg_sh17_009384.jpg,0
ppeneg_sh17_007245.jpg,0
ppeneg_sh17_009506.jpg,0
ppeneg_sh17_004092.jpg,0
ppeneg_sh17_006372.jpg,0
ppeneg_sh17_010969.jpg,0
ppeneg_sh17_010042.jpg,0
ppeneg_sh17_007033.jpg,0
ppeneg_sh17_007794.jpg,0
ppeneg_sh17_009988.jpg,0
ppeneg_sh17_005496.jpg,0
ppeneg_sh17_012819.jpg,0
ppeneg_sh17_013364.jpg,0
ppeneg_sh17_013323.jpg,0
ppeneg_sh17_011151.jpg,0
ppeneg_sh17_006275.jpg,0
ppeneg_sh17_012133.jpg,0
ppeneg_sh17_001304.jpg,0
ppeneg_sh17_009436.jpg,0
ppeneg_sh17_001872.jpg,0
ppeneg_sh17_009100.jpg,0
ppeneg_sh17_006208.jpg,0
ppeneg_sh17_012257.jpg,0
ppeneg_sh17_003485.jpg,0
ppeneg_sh17_008788.jpg,0
ppeneg_sh17_007331.jpg,0
ppeneg_sh17_008691.jpg,0
ppeneg_sh17_013237.jpg,0
ppeneg_sh17_011275.jpg,0
ppeneg_sh17_013306.jpg,0
ppeneg_sh17_010157.jpg,0
ppeneg_sh17_001130.jpg,0
ppeneg_sh17_009442.jpg,0
ppeneg_sh17_008849.jpg,0
ppeneg_sh17_001059.jpg,0
ppeneg_sh17_011915.jpg,0
ppeneg_sh17_005429.jpg,0
ppeneg_sh17_001514.jpg,0
ppeneg_sh17_000050.jpg,0
ppeneg_sh17_005309.jpg,0
ppeneg_sh17_006330.jpg,0
ppeneg_sh17_009155.jpg,0
ppeneg_sh17_001263.jpg,0
ppeneg_sh17_002127.jpg,0
ppeneg_sh17_000359.jpg,0
ppeneg_sh17_004281.jpg,0
ppeneg_sh17_002979.jpg,0
ppeneg_sh17_012229.jpg,0
ppeneg_sh17_013475.jpg,0
ppeneg_sh17_002554.jpg,0
ppeneg_sh17_004942.jpg,0
ppeneg_sh17_011959.jpg,0
ppeneg_sh17_005397.jpg,0
ppeneg_sh17_009447.jpg,0
ppeneg_sh17_002825.jpg,0
ppeneg_sh17_001459.jpg,0
ppeneg_sh17_005840.jpg,0
ppeneg_sh17_010627.jpg,0
ppeneg_sh17_011325.jpg,0
ppeneg_sh17_011642.jpg,0
ppeneg_sh17_010752.jpg,0
ppeneg_sh17_002020.jpg,0
ppeneg_sh17_001509.jpg,0
ppeneg_sh17_013637.jpg,0
ppeneg_sh17_012252.jpg,0
ppeneg_sh17_002733.jpg,0
ppeneg_sh17_003412.jpg,0
ppeneg_sh17_011843.jpg,0
ppeneg_sh17_005793.jpg,0
ppeneg_sh17_000483.jpg,0
ppeneg_sh17_008344.jpg,0
ppeneg_sh17_001147.jpg,0
ppeneg_sh17_010167.jpg,0
ppeneg_sh17_013359.jpg,0
ppeneg_sh17_005063.jpg,0
ppeneg_sh17_012956.jpg,0
ppeneg_sh17_013245.jpg,0
ppeneg_sh17_004074.jpg,0
ppeneg_sh17_000297.jpg,0
ppeneg_sh17_002109.jpg,0
ppeneg_sh17_004821.jpg,0
ppeneg_sh17_007054.jpg,0
ppeneg_sh17_002334.jpg,0
ppeneg_sh17_000752.jpg,0
ppeneg_sh17_011130.jpg,0
ppeneg_sh17_010313.jpg,0
ppeneg_sh17_001587.jpg,0
ppeneg_sh17_010621.jpg,0
ppeneg_sh17_011657.jpg,0
ppeneg_sh17_002810.jpg,0
ppeneg_sh17_007429.jpg,0
ppeneg_sh17_004207.jpg,0
ppeneg_sh17_005212.jpg,0
ppeneg_sh17_010886.jpg,0
ppeneg_sh17_011412.jpg,0
ppeneg_sh17_011143.jpg,0
ppeneg_sh17_005356.jpg,0
ppeneg_sh17_010612.jpg,0
ppeneg_sh17_012840.jpg,0
ppeneg_sh17_000851.jpg,0
ppeneg_sh17_005126.jpg,0
ppeneg_sh17_007853.jpg,0
ppeneg_sh17_000505.jpg,0
ppeneg_sh17_009137.jpg,0
ppeneg_sh17_002569.jpg,0
ppeneg_sh17_012910.jpg,0
ppeneg_sh17_010699.jpg,0
ppeneg_sh17_002142.jpg,0
ppeneg_sh17_001235.jpg,0
ppeneg_sh17_002840.jpg,0
ppeneg_sh17_003122.jpg,0
ppeneg_sh17_001582.jpg,0
ppeneg_sh17_004432.jpg,0
ppeneg_sh17_002378.jpg,0
ppeneg_sh17_013193.jpg,0
ppeneg_sh17_000767.jpg,0
ppeneg_sh17_000812.jpg,0
ppeneg_sh17_004420.jpg,0
ppeneg_sh17_005717.jpg,0
ppeneg_sh17_013217.jpg,0
ppeneg_sh17_002364.jpg,0
ppeneg_sh17_009087.jpg,0
ppeneg_sh17_004611.jpg,0
ppeneg_sh17_003578.jpg,0
ppeneg_sh17_010268.jpg,0
ppeneg_sh17_009141.jpg,0
ppeneg_sh17_010669.jpg,0
ppeneg_sh17_005029.jpg,0
ppeneg_sh17_002237.jpg,0
ppeneg_sh17_005229.jpg,0
ppeneg_sh17_003322.jpg,0
ppeneg_sh17_002264.jpg,0
ppeneg_sh17_008164.jpg,0
ppeneg_sh17_003470.jpg,0
ppeneg_sh17_005147.jpg,0
ppeneg_sh17_006473.jpg,0
ppeneg_sh17_012216.jpg,0
ppeneg_sh17_013485.jpg,0
ppeneg_sh17_011235.jpg,0
ppeneg_sh17_000875.jpg,0
ppeneg_sh17_010256.jpg,0
ppeneg_sh17_009423.jpg,0
ppeneg_sh17_005355.jpg,0
ppeneg_sh17_004418.jpg,0
ppeneg_sh17_012503.jpg,0
ppeneg_sh17_001930.jpg,0
ppeneg_sh17_001581.jpg,0
ppeneg_sh17_010436.jpg,0
ppeneg_sh17_003944.jpg,0
ppeneg_sh17_008766.jpg,0
ppeneg_sh17_008087.jpg,0
ppeneg_sh17_013572.jpg,0
ppeneg_sh17_003454.jpg,0
ppeneg_sh17_010145.jpg,0
ppeneg_sh17_006844.jpg,0
ppeneg_sh17_001600.jpg,0
ppeneg_sh17_004569.jpg,0
ppeneg_sh17_012127.jpg,0
ppeneg_sh17_002152.jpg,0
ppeneg_sh17_004382.jpg,0
ppeneg_sh17_002791.jpg,0
ppeneg_sh17_005379.jpg,0
ppeneg_sh17_000516.jpg,0
ppeneg_sh17_009146.jpg,0
ppeneg_sh17_002427.jpg,0
ppeneg_sh17_005690.jpg,0
ppeneg_sh17_000551.jpg,0
ppeneg_sh17_005529.jpg,0
ppeneg_sh17_000835.jpg,0
ppeneg_sh17_007753.jpg,0
ppeneg_sh17_002789.jpg,0
ppeneg_sh17_009880.jpg,0
ppeneg_sh17_005514.jpg,0
ppeneg_sh17_002424.jpg,0
ppeneg_sh17_012546.jpg,0
ppeneg_sh17_007754.jpg,0
ppeneg_sh17_008663.jpg,0
ppeneg_sh17_011395.jpg,0
ppeneg_sh17_011026.jpg,0
ppeneg_sh17_002029.jpg,0
ppeneg_sh17_006151.jpg,0
ppeneg_sh17_012623.jpg,0
ppeneg_sh17_008100.jpg,0
ppeneg_sh17_011681.jpg,0
ppeneg_sh17_003400.jpg,0
ppeneg_sh17_000557.jpg,0
ppeneg_sh17_005097.jpg,0
ppeneg_sh17_010396.jpg,0
ppeneg_sh17_008807.jpg,0
ppeneg_sh17_004467.jpg,0
ppeneg_sh17_009338.jpg,0
ppeneg_sh17_003147.jpg,0
ppeneg_sh17_000649.jpg,0
ppeneg_sh17_005521.jpg,0
ppeneg_sh17_002011.jpg,0
ppeneg_sh17_011680.jpg,0
ppeneg_sh17_010224.jpg,0
ppeneg_sh17_007814.jpg,0
ppeneg_sh17_002115.jpg,0
ppeneg_sh17_013157.jpg,0
ppeneg_sh17_009206.jpg,0
ppeneg_sh17_000353.jpg,0
ppeneg_sh17_011496.jpg,0
ppeneg_sh17_000773.jpg,0
ppeneg_sh17_011008.jpg,0
ppeneg_sh17_013626.jpg,0
ppeneg_sh17_006456.jpg,0
ppeneg_sh17_002170.jpg,0
ppeneg_sh17_001971.jpg,0
ppeneg_sh17_006385.jpg,0
ppeneg_sh17_006576.jpg,0
ppeneg_sh17_010030.jpg,0
ppeneg_sh17_002672.jpg,0
ppeneg_sh17_007041.jpg,0
ppeneg_sh17_010599.jpg,0
ppeneg_sh17_009191.jpg,0
ppeneg_sh17_010354.jpg,0
ppeneg_sh17_006826.jpg,0
ppeneg_sh17_013285.jpg,0
ppeneg_sh17_001349.jpg,0
ppeneg_sh17_005491.jpg,0
ppeneg_sh17_013103.jpg,0
ppeneg_sh17_008126.jpg,0
ppeneg_sh17_000637.jpg,0
ppeneg_sh17_005700.jpg,0
ppeneg_sh17_004809.jpg,0
ppeneg_sh17_003253.jpg,0
ppeneg_sh17_000203.jpg,0
ppeneg_sh17_010784.jpg,0
ppeneg_sh17_006974.jpg,0
ppeneg_sh17_007985.jpg,0
ppeneg_sh17_000806.jpg,0
ppeneg_sh17_000035.jpg,0
ppeneg_sh17_002991.jpg,0
ppeneg_sh17_006471.jpg,0
ppeneg_sh17_005226.jpg,0
ppeneg_sh17_005579.jpg,0
ppeneg_sh17_002175.jpg,0
ppeneg_sh17_008417.jpg,0
ppeneg_sh17_002077.jpg,0
ppeneg_sh17_000054.jpg,0
ppeneg_sh17_009604.jpg,0
ppeneg_sh17_004167.jpg,0
ppeneg_sh17_004934.jpg,0
ppeneg_sh17_012713.jpg,0
ppeneg_sh17_000182.jpg,0
ppeneg_sh17_011454.jpg,0
ppeneg_sh17_007913.jpg,0
ppeneg_sh17_002488.jpg,0
ppeneg_sh17_006245.jpg,0
ppeneg_sh17_010742.jpg,0
ppeneg_sh17_005396.jpg,0
ppeneg_sh17_005083.jpg,0
ppeneg_sh17_012765.jpg,0
ppeneg_sh17_000306.jpg,0
ppeneg_sh17_005925.jpg,0
ppeneg_sh17_010010.jpg,0
ppeneg_sh17_008753.jpg,0
ppeneg_sh17_007398.jpg,0
ppeneg_sh17_009086.jpg,0
ppeneg_sh17_005328.jpg,0
ppeneg_sh17_006448.jpg,0
ppeneg_sh17_012445.jpg,0
ppeneg_sh17_008065.jpg,0
ppeneg_sh17_007862.jpg,0
ppeneg_sh17_011284.jpg,0
ppeneg_sh17_004925.jpg,0
ppeneg_sh17_007525.jpg,0
ppeneg_sh17_005012.jpg,0
ppeneg_sh17_002143.jpg,0
ppeneg_sh17_000233.jpg,0
ppeneg_sh17_010549.jpg,0
ppeneg_sh17_012635.jpg,0
ppeneg_sh17_002015.jpg,0
ppeneg_sh17_003089.jpg,0
ppeneg_sh17_003227.jpg,0
ppeneg_sh17_003563.jpg,0
ppeneg_sh17_007980.jpg,0
ppeneg_sh17_008948.jpg,0
ppeneg_sh17_013003.jpg,0
ppeneg_sh17_002925.jpg,0
ppeneg_sh17_000703.jpg,0
ppeneg_sh17_005801.jpg,0
ppeneg_sh17_005413.jpg,0
ppeneg_sh17_009121.jpg,0
ppeneg_sh17_013654.jpg,0
ppeneg_sh17_009066.jpg,0
ppeneg_sh17_004444.jpg,0
ppeneg_sh17_000380.jpg,0
ppeneg_sh17_010049.jpg,0
ppeneg_sh17_007071.jpg,0
ppeneg_sh17_007072.jpg,0
ppeneg_sh17_011964.jpg,0
ppeneg_sh17_003660.jpg,0
ppeneg_sh17_001617.jpg,0
ppeneg_sh17_001606.jpg,0
ppeneg_sh17_009159.jpg,0
ppeneg_sh17_000955.jpg,0
ppeneg_sh17_010320.jpg,0
ppeneg_sh17_005469.jpg,0
ppeneg_sh17_004046.jpg,0
ppeneg_sh17_003756.jpg,0
ppeneg_sh17_012006.jpg,0
ppeneg_sh17_004796.jpg,0
ppeneg_sh17_002750.jpg,0
ppeneg_sh17_006050.jpg,0
ppeneg_sh17_006011.jpg,0
ppeneg_sh17_002785.jpg,0
ppeneg_sh17_002141.jpg,0
ppeneg_sh17_004951.jpg,0
ppeneg_sh17_012382.jpg,0
ppeneg_sh17_002113.jpg,0
ppeneg_sh17_003976.jpg,0
ppeneg_sh17_000393.jpg,0
ppeneg_sh17_007414.jpg,0
ppeneg_sh17_000650.jpg,0
ppeneg_sh17_005434.jpg,0
ppeneg_sh17_004817.jpg,0
ppeneg_sh17_000070.jpg,0
ppeneg_sh17_006534.jpg,0
ppeneg_sh17_013374.jpg,0
ppeneg_sh17_006307.jpg,0
ppeneg_sh17_009835.jpg,0
ppeneg_sh17_000797.jpg,0
ppeneg_sh17_004322.jpg,0
ppeneg_sh17_005692.jpg,0
ppeneg_sh17_001096.jpg,0
ppeneg_sh17_008707.jpg,0
ppeneg_sh17_013664.jpg,0
ppeneg_sh17_001580.jpg,0
ppeneg_sh17_008449.jpg,0
ppeneg_sh17_011464.jpg,0
ppeneg_sh17_000573.jpg,0
ppeneg_sh17_005584.jpg,0
ppeneg_sh17_006451.jpg,0
ppeneg_sh17_000321.jpg,0
ppeneg_sh17_002899.jpg,0
ppeneg_sh17_012699.jpg,0
ppeneg_sh17_007193.jpg,0
ppeneg_sh17_012394.jpg,0
ppeneg_sh17_000066.jpg,0
ppeneg_sh17_003277.jpg,0
ppeneg_sh17_013126.jpg,0
ppeneg_sh17_004536.jpg,0
ppeneg_sh17_009990.jpg,0
ppeneg_sh17_007970.jpg,0
ppeneg_sh17_000234.jpg,0
ppeneg_sh17_003398.jpg,0
ppeneg_sh17_011946.jpg,0
ppeneg_sh17_012367.jpg,0
ppeneg_sh17_002648.jpg,0
ppeneg_sh17_006648.jpg,0
ppeneg_sh17_012554.jpg,0
ppeneg_sh17_004218.jpg,0
ppeneg_sh17_006765.jpg,0
ppeneg_sh17_001238.jpg,0
ppeneg_sh17_007265.jpg,0
ppeneg_sh17_004365.jpg,0
ppeneg_sh17_013491.jpg,0
ppeneg_sh17_004376.jpg,0
ppeneg_sh17_008561.jpg,0
ppeneg_sh17_003947.jpg,0
ppeneg_sh17_013780.jpg,0
ppeneg_sh17_003720.jpg,0
ppeneg_sh17_009812.jpg,0
ppeneg_sh17_005774.jpg,0
ppeneg_sh17_009984.jpg,0
ppeneg_sh17_007859.jpg,0
ppeneg_sh17_000579.jpg,0
ppeneg_sh17_005576.jpg,0
ppeneg_sh17_010133.jpg,0
ppeneg_sh17_006647.jpg,0
ppeneg_sh17_011550.jpg,0
ppeneg_sh17_005490.jpg,0
ppeneg_sh17_004017.jpg,0
ppeneg_sh17_000737.jpg,0
ppeneg_sh17_000658.jpg,0
ppeneg_sh17_009514.jpg,0
ppeneg_sh17_002510.jpg,0
ppeneg_sh17_006895.jpg,0
ppeneg_sh17_002464.jpg,0
ppeneg_sh17_010285.jpg,0
ppeneg_sh17_004979.jpg,0
ppeneg_sh17_004629.jpg,0
ppeneg_sh17_009963.jpg,0
ppeneg_sh17_010412.jpg,0
ppeneg_sh17_001454.jpg,0
ppeneg_sh17_000329.jpg,0
ppeneg_sh17_012226.jpg,0
ppeneg_sh17_002640.jpg,0
ppeneg_sh17_001979.jpg,0
ppeneg_sh17_010588.jpg,0
ppeneg_sh17_001128.jpg,0
ppeneg_sh17_007742.jpg,0
ppeneg_sh17_010356.jpg,0
ppeneg_sh17_010658.jpg,0
ppeneg_sh17_005310.jpg,0
ppeneg_sh17_008930.jpg,0
ppeneg_sh17_008309.jpg,0
ppeneg_sh17_009565.jpg,0
ppeneg_sh17_003798.jpg,0
ppeneg_sh17_000628.jpg,0
ppeneg_sh17_000055.jpg,0
ppeneg_sh17_010267.jpg,0
ppeneg_sh17_010815.jpg,0
ppeneg_sh17_012957.jpg,0
ppeneg_sh17_006279.jpg,0
ppeneg_sh17_000285.jpg,0
ppeneg_sh17_006743.jpg,0
ppeneg_sh17_010499.jpg,0
ppeneg_sh17_002422.jpg,0
ppeneg_sh17_005575.jpg,0
ppeneg_sh17_011774.jpg,0
ppeneg_sh17_008158.jpg,0
ppeneg_sh17_004964.jpg,0
ppeneg_sh17_010596.jpg,0
ppeneg_sh17_005665.jpg,0
ppeneg_sh17_011569.jpg,0
ppeneg_sh17_008933.jpg,0
ppeneg_sh17_006569.jpg,0
ppeneg_sh17_002183.jpg,0
ppeneg_sh17_009168.jpg,0
ppeneg_sh17_010351.jpg,0
ppeneg_sh17_010656.jpg,0
ppeneg_sh17_008004.jpg,0
ppeneg_sh17_005373.jpg,0
ppeneg_sh17_003951.jpg,0
ppeneg_sh17_010882.jpg,0
ppeneg_sh17_012052.jpg,0
ppeneg_sh17_007402.jpg,0
ppeneg_sh17_010608.jpg,0
ppeneg_sh17_001281.jpg,0
ppeneg_sh17_004630.jpg,0
ppeneg_sh17_012484.jpg,0
ppeneg_sh17_012272.jpg,0
ppeneg_sh17_012751.jpg,0
ppeneg_sh17_010055.jpg,0
ppeneg_sh17_012268.jpg,0
ppeneg_sh17_011322.jpg,0
ppeneg_sh17_004478.jpg,0
ppeneg_sh17_004042.jpg,0
ppeneg_sh17_008549.jpg,0
ppeneg_sh17_011405.jpg,0
ppeneg_sh17_003463.jpg,0
ppeneg_sh17_009025.jpg,0
ppeneg_sh17_000120.jpg,0
ppeneg_sh17_008618.jpg,0
ppeneg_sh17_009198.jpg,0
ppeneg_sh17_011937.jpg,0
ppeneg_sh17_000719.jpg,0
ppeneg_sh17_000013.jpg,0
ppeneg_sh17_010149.jpg,0
ppeneg_sh17_012543.jpg,0
ppeneg_sh17_007144.jpg,0
ppeneg_sh17_001037.jpg,0
ppeneg_sh17_000803.jpg,0
ppeneg_sh17_005381.jpg,0
ppeneg_sh17_004350.jpg,0
ppeneg_sh17_009661.jpg,0
ppeneg_sh17_009699.jpg,0
ppeneg_sh17_006693.jpg,0
ppeneg_sh17_005720.jpg,0
ppeneg_sh17_005883.jpg,0
ppeneg_sh17_005557.jpg,0
ppeneg_sh17_008668.jpg,0
ppeneg_sh17_013560.jpg,0
ppeneg_sh17_012828.jpg,0
ppeneg_sh17_003532.jpg,0
ppeneg_sh17_006735.jpg,0
ppeneg_sh17_003258.jpg,0
ppeneg_sh17_005498.jpg,0
ppeneg_sh17_010451.jpg,0
ppeneg_sh17_004789.jpg,0
ppeneg_sh17_011306.jpg,0
ppeneg_sh17_011505.jpg,0
ppeneg_sh17_007793.jpg,0
ppeneg_sh17_012988.jpg,0
ppeneg_sh17_005744.jpg,0
ppeneg_sh17_003534.jpg,0
ppeneg_sh17_000207.jpg,0
ppeneg_sh17_004295.jpg,0
ppeneg_sh17_007677.jpg,0
ppeneg_sh17_002718.jpg,0
ppeneg_sh17_009613.jpg,0
ppeneg_sh17_006548.jpg,0
ppeneg_sh17_010352.jpg,0
ppeneg_sh17_011955.jpg,0
ppeneg_sh17_004361.jpg,0
ppeneg_sh17_003972.jpg,0
ppeneg_sh17_004723.jpg,0
ppeneg_sh17_012470.jpg,0
ppeneg_sh17_000443.jpg,0
ppeneg_sh17_002348.jpg,0
ppeneg_sh17_005389.jpg,0
ppeneg_sh17_006008.jpg,0
ppeneg_sh17_013230.jpg,0
ppeneg_sh17_004453.jpg,0
ppeneg_sh17_003999.jpg,0
ppeneg_sh17_011390.jpg,0
ppeneg_sh17_002887.jpg,0
ppeneg_sh17_003861.jpg,0
ppeneg_sh17_008974.jpg,0
ppeneg_sh17_004065.jpg,0
ppeneg_sh17_001795.jpg,0
ppeneg_sh17_006241.jpg,0
ppeneg_sh17_002587.jpg,0
ppeneg_sh17_008467.jpg,0
ppeneg_sh17_010562.jpg,0
